      21.883830      50.341358      -3.611055     -61.818462      12.282746       0.774163
      21.868649      50.292696      -3.602589     -61.748026      12.233289       0.774342
      21.853538      50.244176      -3.594143     -61.677817      12.183926       0.774518
      21.838497      50.195797      -3.585718     -61.607834      12.134655       0.774690
      21.823525      50.147559      -3.577312     -61.538077      12.085477       0.774858
      21.808623      50.099462      -3.568927     -61.468543      12.036391       0.775022
      21.793789      50.051503      -3.560561     -61.399233      11.987396       0.775183
      21.779024      50.003684      -3.552215     -61.330145      11.938493       0.775340
      21.764327      49.956003      -3.543889     -61.261278      11.889681       0.775494
      21.749699      49.908461      -3.535582     -61.192632      11.840960       0.775644
      21.735137      49.861055      -3.527295     -61.124205      11.792329       0.775790
      21.720643      49.813787      -3.519028     -61.055996      11.743788       0.775933
      21.706216      49.766654      -3.510779     -60.988004      11.695336       0.776072
      21.691855      49.719658      -3.502550     -60.920229      11.646974       0.776207
      21.677561      49.672797      -3.494340     -60.852669      11.598701       0.776339
      21.663333      49.626070      -3.486150     -60.785324      11.550517       0.776466
      21.649170      49.579478      -3.477978     -60.718193      11.502421       0.776591
      21.635073      49.533019      -3.469825     -60.651274      11.454412       0.776711
      21.621041      49.486693      -3.461691     -60.584566      11.406492       0.776828
      21.607074      49.440500      -3.453576     -60.518070      11.358659       0.776941
      21.593171      49.394439      -3.445479     -60.451784      11.310913       0.777051
      21.579332      49.348510      -3.437401     -60.385706      11.263253       0.777157
      21.565558      49.302712      -3.429341     -60.319837      11.215680       0.777259
      21.551846      49.257044      -3.421300     -60.254175      11.168193       0.777357
      21.538198      49.211506      -3.413277     -60.188719      11.120792       0.777452
      21.524614      49.166098      -3.405273     -60.123468      11.073476       0.777543
      21.511091      49.120819      -3.397286     -60.058422      11.026245       0.777631
      21.497631      49.075668      -3.389318     -59.993580      10.979099       0.777714
      21.484234      49.030645      -3.381368     -59.928940      10.932038       0.777794
      21.470898      48.985750      -3.373436     -59.864502      10.885061       0.777870
      21.457623      48.940982      -3.365521     -59.800265      10.838167       0.777943
      21.444410      48.896341      -3.357624     -59.736228      10.791357       0.778012
      21.431258      48.851825      -3.349745     -59.672391      10.744631       0.778077
      21.418167      48.807435      -3.341884     -59.608752      10.697987       0.778138
      21.405136      48.763171      -3.334040     -59.545310      10.651426       0.778196
      21.392165      48.719030      -3.326214     -59.482065      10.604948       0.778250
      21.379254      48.675014      -3.318405     -59.419016      10.558551       0.778300
      21.366402      48.631122      -3.310614     -59.356162      10.512236       0.778347
      21.353610      48.587353      -3.302839     -59.293503      10.466003       0.778389
      21.340877      48.543706      -3.295082     -59.231036      10.419851       0.778428
      21.328202      48.500182      -3.287342     -59.168762      10.373780       0.778464
      21.315586      48.456780      -3.279619     -59.106680      10.327789       0.778495
      21.303029      48.413499      -3.271913     -59.044788      10.281879       0.778523
      21.290529      48.370339      -3.264224     -58.983087      10.236049       0.778547
      21.278087      48.327299      -3.256551     -58.921575      10.190299       0.778568
      21.265702      48.284379      -3.248896     -58.860251      10.144628       0.778584
      21.253374      48.241579      -3.241257     -58.799115      10.099036       0.778597
      21.241104      48.198897      -3.233634     -58.738166      10.053523       0.778606
      21.228890      48.156335      -3.226028     -58.677403      10.008089       0.778612
      21.216732      48.113890      -3.218439     -58.616825       9.962733       0.778614
      21.204630      48.071563      -3.210866     -58.556431       9.917456       0.778611
      21.192585      48.029354      -3.203309     -58.496221       9.872256       0.778606
      21.180595      47.987261      -3.195769     -58.436194       9.827133       0.778596
      21.168660      47.945285      -3.188244     -58.376349       9.782088       0.778583
      21.156780      47.903424      -3.180736     -58.316686       9.737120       0.778566
      21.144955      47.861679      -3.173244     -58.257203       9.692229       0.778545
      21.133185      47.820050      -3.165767     -58.197900       9.647414       0.778520
      21.121469      47.778535      -3.158307     -58.138776       9.602675       0.778492
      21.109807      47.737134      -3.150862     -58.079830       9.558012       0.778459
      21.098199      47.695847      -3.143434     -58.021062       9.513425       0.778423
      21.086645      47.654673      -3.136020     -57.962470       9.468913       0.778384
      21.075144      47.613612      -3.128623     -57.904055       9.424477       0.778340
      21.063696      47.572664      -3.121241     -57.845814       9.380115       0.778293
      21.052301      47.531828      -3.113875     -57.787749       9.335828       0.778242
      21.040958      47.491104      -3.106523     -57.729857       9.291616       0.778187
      21.029668      47.450491      -3.099188     -57.672138       9.247477       0.778129
      21.018430      47.409989      -3.091867     -57.614592       9.203413       0.778066
      21.007244      47.369597      -3.084562     -57.557217       9.159422       0.778000
      20.996110      47.329316      -3.077272     -57.500014       9.115504       0.777930
      20.985027      47.289144      -3.069997     -57.442980       9.071660       0.777857
      20.973995      47.249081      -3.062737     -57.386116       9.027888       0.777779
      20.963015      47.209127      -3.055492     -57.329421       8.984189       0.777698
      20.952085      47.169282      -3.048262     -57.272893       8.940563       0.777613
      20.941205      47.129545      -3.041047     -57.216533       8.897008       0.777524
      20.930376      47.089916      -3.033847     -57.160340       8.853526       0.777431
      20.919597      47.050393      -3.026661     -57.104313       8.810115       0.777335
      20.908868      47.010978      -3.019490     -57.048451       8.766775       0.777235
      20.898188      46.971669      -3.012334     -56.992754       8.723507       0.777131
      20.887558      46.932467      -3.005192     -56.937220       8.680310       0.777023
      20.876977      46.893370      -2.998064     -56.881850       8.637183       0.776911
      20.866445      46.854378      -2.990951     -56.826642       8.594127       0.776796
      20.855962      46.815492      -2.983853     -56.771596       8.551141       0.776677
      20.845527      46.776710      -2.976768     -56.716711       8.508225       0.776554
      20.835140      46.738032      -2.969698     -56.661987       8.465379       0.776427
      20.824802      46.699458      -2.962642     -56.607423       8.422603       0.776296
      20.814511      46.660988      -2.955600     -56.553018       8.379896       0.776162
      20.804268      46.622621      -2.948572     -56.498771       8.337257       0.776023
      20.794073      46.584356      -2.941558     -56.444682       8.294688       0.775881
      20.783925      46.546194      -2.934558     -56.390751       8.252188       0.775735
      20.773823      46.508134      -2.927572     -56.336976       8.209755       0.775586
      20.763769      46.470175      -2.920600     -56.283356       8.167391       0.775432
      20.753761      46.432318      -2.913642     -56.229893       8.125095       0.775275
      20.743799      46.394561      -2.906697     -56.176583       8.082867       0.775114
      20.733884      46.356905      -2.899766     -56.123428       8.040706       0.774949
      20.724014      46.319350      -2.892848     -56.070426       7.998613       0.774780
      20.714190      46.281894      -2.885944     -56.017577       7.956586       0.774608
      20.704412      46.244538      -2.879054     -55.964880       7.914627       0.774431
      20.694680      46.207280      -2.872176     -55.912334       7.872734       0.774251
      20.684992      46.170122      -2.865313     -55.859939       7.830907       0.774067
      20.675349      46.133062      -2.858462     -55.807695       7.789147       0.773879
      20.665751      46.096100      -2.851625     -55.755600       7.747453       0.773687
      20.656198      46.059235      -2.844801     -55.703653       7.705824       0.773492
      20.646689      46.022469      -2.837990     -55.651856       7.664262       0.773293
      20.637224      45.985799      -2.831192     -55.600206       7.622764       0.773089
      20.627803      45.949226      -2.824407     -55.548703       7.581332       0.772882
      20.618425      45.912749      -2.817636     -55.497347       7.539965       0.772672
      20.609092      45.876368      -2.810877     -55.446136       7.498662       0.772457
      20.599801      45.840083      -2.804131     -55.395071       7.457424       0.772238
      20.590554      45.803893      -2.797398     -55.344151       7.416250       0.772016
      20.581350      45.767799      -2.790677     -55.293375       7.375141       0.771790
      20.572188      45.731799      -2.783969     -55.242743       7.334095       0.771560
      20.563070      45.695893      -2.777274     -55.192253       7.293114       0.771326
      20.553993      45.660081      -2.770592     -55.141906       7.252195       0.771088
      20.544959      45.624363      -2.763922     -55.091701       7.211340       0.770847
      20.535967      45.588739      -2.757265     -55.041637       7.170549       0.770602
      20.527017      45.553207      -2.750620     -54.991713       7.129820       0.770352
      20.518108      45.517768      -2.743987     -54.941930       7.089154       0.770099
      20.509241      45.482422      -2.737367     -54.892286       7.048550       0.769843
      20.500415      45.447167      -2.730759     -54.842781       7.008009       0.769582
      20.491630      45.412005      -2.724163     -54.793415       6.967530       0.769317
      20.482886      45.376934      -2.717580     -54.744186       6.927113       0.769049
      20.474183      45.341954      -2.711009     -54.695095       6.886758       0.768777
      20.465521      45.307065      -2.704449     -54.646140       6.846464       0.768501
      20.456899      45.272266      -2.697902     -54.597322       6.806232       0.768221
      20.448317      45.237557      -2.691367     -54.548639       6.766061       0.767937
      20.439775      45.202939      -2.684844     -54.500091       6.725951       0.767649
      20.431273      45.168410      -2.678333     -54.451678       6.685902       0.767358
      20.422811      45.133970      -2.671833     -54.403398       6.645913       0.767063
      20.414388      45.099619      -2.665345     -54.355252       6.605985       0.766764
      20.406004      45.065357      -2.658870     -54.307239       6.566117       0.766461
      20.397660      45.031183      -2.652405     -54.259358       6.526310       0.766154
      20.389355      44.997098      -2.645953     -54.211609       6.486562       0.765843
      20.381088      44.963100      -2.639512     -54.163992       6.446874       0.765529
      20.372860      44.929189      -2.633082     -54.116505       6.407245       0.765210
      20.364671      44.895366      -2.626665     -54.069148       6.367676       0.764888
      20.356520      44.861629      -2.620258     -54.021921       6.328166       0.764562
      20.348407      44.827979      -2.613863     -53.974823       6.288716       0.764232
      20.340332      44.794416      -2.607480     -53.927854       6.249323       0.763898
      20.332294      44.760938      -2.601107     -53.881012       6.209990       0.763560
      20.324295      44.727546      -2.594746     -53.834299       6.170715       0.763219
      20.316333      44.694239      -2.588397     -53.787713       6.131498       0.762874
      20.308408      44.661018      -2.582058     -53.741253       6.092340       0.762524
      20.300520      44.627881      -2.575731     -53.694919       6.053239       0.762171
      20.292669      44.594829      -2.569414     -53.648711       6.014197       0.761814
      20.284855      44.561861      -2.563109     -53.602628       5.975212       0.761454
      20.277078      44.528977      -2.556815     -53.556669       5.936284       0.761089
      20.269338      44.496177      -2.550531     -53.510835       5.897413       0.760720
      20.261633      44.463461      -2.544259     -53.465124       5.858600       0.760348
      20.253965      44.430827      -2.537998     -53.419536       5.819844       0.759972
      20.246333      44.398276      -2.531747     -53.374071       5.781144       0.759592
      20.238736      44.365808      -2.525507     -53.328728       5.742501       0.759208
      20.231176      44.333422      -2.519278     -53.283506       5.703914       0.758820
      20.223651      44.301118      -2.513060     -53.238406       5.665384       0.758428
      20.216161      44.268896      -2.506852     -53.193426       5.626910       0.758033
      20.208706      44.236756      -2.500655     -53.148566       5.588492       0.757634
      20.201287      44.204696      -2.494468     -53.103827       5.550129       0.757230
      20.193902      44.172718      -2.488292     -53.059206       5.511822       0.756823
      20.186553      44.140820      -2.482126     -53.014704       5.473571       0.756412
      20.179238      44.109003      -2.475971     -52.970320       5.435375       0.755997
      20.171957      44.077265      -2.469827     -52.926054       5.397234       0.755579
      20.164711      44.045608      -2.463692     -52.881906       5.359148       0.755156
      20.157499      44.014030      -2.457568     -52.837874       5.321116       0.754730
      20.150321      43.982532      -2.451454     -52.793959       5.283140       0.754300
      20.143176      43.951113      -2.445351     -52.750159       5.245218       0.753865
      20.136066      43.919772      -2.439258     -52.706475       5.207350       0.753427
      20.128989      43.888511      -2.433174     -52.662906       5.169536       0.752986
      20.121946      43.857327      -2.427101     -52.619452       5.131777       0.752540
      20.114935      43.826222      -2.421038     -52.576111       5.094071       0.752090
      20.107958      43.795194      -2.414985     -52.532885       5.056419       0.751637
      20.101014      43.764244      -2.408942     -52.489771       5.018821       0.751180
      20.094103      43.733371      -2.402909     -52.446771       4.981276       0.750718
      20.087225      43.702575      -2.396886     -52.403882       4.943784       0.750253
      20.080379      43.671856      -2.390873     -52.361106       4.906345       0.749784
      20.073565      43.641214      -2.384870     -52.318441       4.868960       0.749312
      20.066784      43.610648      -2.378876     -52.275886       4.831627       0.748835
      20.060035      43.580158      -2.372892     -52.233443       4.794346       0.748355
      20.053318      43.549743      -2.366918     -52.191109       4.757119       0.747870
      20.046633      43.519405      -2.360953     -52.148886       4.719943       0.747382
      20.039980      43.489141      -2.354999     -52.106771       4.682820       0.746890
      20.033358      43.458953      -2.349053     -52.064765       4.645749       0.746394
      20.026767      43.428839      -2.343118     -52.022868       4.608730       0.745894
      20.020208      43.398800      -2.337191     -51.981078       4.571763       0.745391
      20.013681      43.368836      -2.331275     -51.939396       4.534847       0.744883
      20.007184      43.338945      -2.325367     -51.897822       4.497983       0.744372
      20.000718      43.309129      -2.319470     -51.856354       4.461170       0.743856
      19.994283      43.279386      -2.313581     -51.814992       4.424408       0.743337
      19.987878      43.249716      -2.307702     -51.773736       4.387698       0.742814
      19.981504      43.220120      -2.301832     -51.732585       4.351038       0.742287
      19.975161      43.190596      -2.295972     -51.691540       4.314429       0.741757
      19.968847      43.161145      -2.290120     -51.650599       4.277871       0.741222
      19.962564      43.131767      -2.284278     -51.609762       4.241363       0.740684
      19.956311      43.102461      -2.278445     -51.569029       4.204905       0.740141
      19.950088      43.073227      -2.272621     -51.528400       4.168498       0.739595
      19.943894      43.044064      -2.266806     -51.487873       4.132141       0.739045
      19.937730      43.014973      -2.261000     -51.447450       4.095834       0.738491
      19.931596      42.985954      -2.255203     -51.407128       4.059576       0.737934
      19.925490      42.957005      -2.249416     -51.366908       4.023369       0.737372
      19.919414      42.928128      -2.243637     -51.326789       3.987210       0.736807
      19.913368      42.899321      -2.237867     -51.286772       3.951102       0.736237
      19.907350      42.870584      -2.232105     -51.246855       3.915042       0.735664
      19.901361      42.841918      -2.226353     -51.207038       3.879032       0.735087
      19.895400      42.813321      -2.220610     -51.167321       3.843070       0.734506
      19.889468      42.784795      -2.214875     -51.127704       3.807158       0.733921
      19.883565      42.756338      -2.209149     -51.088185       3.771294       0.733333
      19.877690      42.727950      -2.203431     -51.048766       3.735479       0.732740
      19.871844      42.699631      -2.197722     -51.009444       3.699712       0.732144
      19.866025      42.671381      -2.192022     -50.970221       3.663994       0.731544
      19.860234      42.643200      -2.186331     -50.931095       3.628324       0.730940
      19.854472      42.615087      -2.180648     -50.892066       3.592702       0.730332
      19.848737      42.587043      -2.174973     -50.853134       3.557128       0.729720
      19.843029      42.559066      -2.169307     -50.814298       3.521601       0.729104
      19.837349      42.531157      -2.163649     -50.775558       3.486123       0.728485
      19.831697      42.503316      -2.158000     -50.736914       3.450692       0.727861
      19.826072      42.475542      -2.152359     -50.698365       3.415308       0.727234
      19.820474      42.447836      -2.146727     -50.659911       3.379972       0.726603
      19.814903      42.420196      -2.141103     -50.621552       3.344683       0.725968
      19.809358      42.392623      -2.135487     -50.583287       3.309441       0.725329
      19.803841      42.365117      -2.129879     -50.545115       3.274246       0.724687
      19.798350      42.337676      -2.124280     -50.507037       3.239098       0.724040
      19.792886      42.310303      -2.118689     -50.469052       3.203997       0.723390
      19.787449      42.282995      -2.113106     -50.431160       3.168942       0.722736
      19.782037      42.255752      -2.107531     -50.393361       3.133933       0.722077
      19.776652      42.228575      -2.101964     -50.355653       3.098971       0.721416
      19.771293      42.201464      -2.096405     -50.318037       3.064055       0.720750
      19.765961      42.174418      -2.090854     -50.280512       3.029186       0.720080
      19.760654      42.147436      -2.085311     -50.243078       2.994362       0.719407
      19.755372      42.120519      -2.079776     -50.205735       2.959584       0.718729
      19.750117      42.093667      -2.074249     -50.168482       2.924852       0.718048
      19.744887      42.066879      -2.068730     -50.131319       2.890165       0.717363
      19.739682      42.040156      -2.063219     -50.094246       2.855524       0.716674
      19.734503      42.013496      -2.057716     -50.057261       2.820928       0.715982
      19.729349      41.986899      -2.052220     -50.020366       2.786378       0.715285
      19.724220      41.960367      -2.046732     -49.983559       2.751872       0.714585
      19.719116      41.933898      -2.041252     -49.946841       2.717412       0.713880
      19.714037      41.907491      -2.035780     -49.910210       2.682997       0.713172
      19.708983      41.881148      -2.030315     -49.873667       2.648626       0.712460
      19.703954      41.854868      -2.024858     -49.837211       2.614300       0.711744
      19.698949      41.828650      -2.019409     -49.800841       2.580019       0.711025
      19.693968      41.802494      -2.013967     -49.764559       2.545782       0.710301
      19.689012      41.776401      -2.008532     -49.728362       2.511589       0.709574
      19.684081      41.750370      -2.003106     -49.692252       2.477441       0.708843
      19.679173      41.724400      -1.997686     -49.656227       2.443337       0.708108
      19.674290      41.698492      -1.992275     -49.620287       2.409276       0.707369
      19.669430      41.672646      -1.986870     -49.584432       2.375260       0.706626
      19.664594      41.646861      -1.981473     -49.548662       2.341288       0.705879
      19.659783      41.621136      -1.976084     -49.512976       2.307359       0.705129
      19.654994      41.595473      -1.970701     -49.477374       2.273473       0.704375
      19.650230      41.569871      -1.965326     -49.441855       2.239632       0.703617
      19.645488      41.544329      -1.959959     -49.406420       2.205833       0.702855
      19.640770      41.518847      -1.954598     -49.371068       2.172078       0.702089
      19.636076      41.493425      -1.949245     -49.335798       2.138366       0.701319
      19.631404      41.468064      -1.943899     -49.300611       2.104697       0.700546
      19.626756      41.442762      -1.938561     -49.265505       2.071070       0.699768
      19.622130      41.417520      -1.933229     -49.230482       2.037487       0.698987
      19.617528      41.392337      -1.927904     -49.195540       2.003946       0.698202
      19.612948      41.367213      -1.922587     -49.160679       1.970448       0.697414
      19.608391      41.342149      -1.917277     -49.125899       1.936992       0.696621
      19.603856      41.317143      -1.911973     -49.091199       1.903579       0.695825
      19.599344      41.292196      -1.906677     -49.056579       1.870208       0.695024
      19.594854      41.267308      -1.901388     -49.022040       1.836879       0.694220
      19.590386      41.242478      -1.896105     -48.987579       1.803592       0.693412
      19.585941      41.217706      -1.890830     -48.953199       1.770348       0.692600
      19.581518      41.192993      -1.885561     -48.918897       1.737145       0.691785
      19.577116      41.168337      -1.880300     -48.884674       1.703983       0.690965
      19.572737      41.143739      -1.875045     -48.850529       1.670864       0.690142
      19.568379      41.119198      -1.869797     -48.816462       1.637786       0.689315
      19.564044      41.094715      -1.864556     -48.782473       1.604749       0.688484
      19.559729      41.070289      -1.859321     -48.748562       1.571754       0.687649
      19.555437      41.045919      -1.854093     -48.714728       1.538800       0.686811
      19.551165      41.021607      -1.848872     -48.680970       1.505887       0.685968
      19.546915      40.997352      -1.843658     -48.647290       1.473015       0.685122
      19.542687      40.973152      -1.838450     -48.613685       1.440184       0.684272
      19.538479      40.949010      -1.833249     -48.580157       1.407394       0.683418
      19.534292      40.924923      -1.828055     -48.546705       1.374645       0.682560
      19.530127      40.900892      -1.822867     -48.513328       1.341937       0.681699
      19.525982      40.876918      -1.817685     -48.480026       1.309268       0.680833
      19.521858      40.852999      -1.812510     -48.446799       1.276641       0.679964
      19.517755      40.829135      -1.807342     -48.413647       1.244054       0.679091
      19.513673      40.805327      -1.802180     -48.380569       1.211507       0.678215
      19.509611      40.781574      -1.797025     -48.347565       1.179000       0.677334
      19.505569      40.757876      -1.791876     -48.314635       1.146533       0.676449
      19.501548      40.734232      -1.786733     -48.281778       1.114106       0.675561
      19.497547      40.710644      -1.781597     -48.248995       1.081719       0.674669
      19.493566      40.687110      -1.776467     -48.216285       1.049372       0.673773
      19.489606      40.663631      -1.771344     -48.183647       1.017064       0.672874
      19.485665      40.640205      -1.766226     -48.151082       0.984797       0.671970
      19.481744      40.616834      -1.761115     -48.118589       0.952568       0.671063
      19.477843      40.593517      -1.756010     -48.086168       0.920379       0.670152
      19.473962      40.570253      -1.750912     -48.053818       0.888229       0.669237
      19.470101      40.547043      -1.745820     -48.021540       0.856119       0.668318
      19.466259      40.523887      -1.740733     -47.989333       0.824048       0.667396
      19.462436      40.500784      -1.735653     -47.957197       0.792015       0.666469
      19.458634      40.477734      -1.730579     -47.925131       0.760022       0.665539
      19.454850      40.454737      -1.725512     -47.893136       0.728067       0.664605
      19.451085      40.431792      -1.720450     -47.861211       0.696151       0.663667
      19.447340      40.408901      -1.715394     -47.829355       0.664274       0.662726
      19.443614      40.386062      -1.710345     -47.797569       0.632436       0.661780
      19.439907      40.363275      -1.705301     -47.765852       0.600636       0.660831
      19.436219      40.340541      -1.700263     -47.734204       0.568874       0.659878
      19.432549      40.317858      -1.695231     -47.702625       0.537151       0.658922
      19.428899      40.295228      -1.690206     -47.671115       0.505465       0.657961
      19.425267      40.272649      -1.685186     -47.639672       0.473818       0.656997
      19.421654      40.250122      -1.680172     -47.608298       0.442209       0.656028
      19.418059      40.227647      -1.675164     -47.576991       0.410638       0.655057
      19.414482      40.205223      -1.670161     -47.545752       0.379105       0.654081
      19.410924      40.182850      -1.665165     -47.514580       0.347610       0.653101
      19.407385      40.160528      -1.660174     -47.483475       0.316152       0.652118
      19.403863      40.138257      -1.655189     -47.452437       0.284732       0.651131
      19.400360      40.116037      -1.650210     -47.421465       0.253349       0.650140
      19.396874      40.093867      -1.645236     -47.390560       0.222004       0.649145
      19.393407      40.071748      -1.640268     -47.359720       0.190696       0.648147
      19.389958      40.049679      -1.635306     -47.328946       0.159425       0.647144
      19.386526      40.027660      -1.630350     -47.298238       0.128192       0.646138
      19.383112      40.005691      -1.625399     -47.267595       0.096995       0.645129
      19.379716      39.983773      -1.620454     -47.237017       0.065836       0.644115
      19.376337      39.961904      -1.615514     -47.206504       0.034714       0.643098
      19.372976      39.940084      -1.610580     -47.176055       0.003628       0.642076
      19.369632      39.918314      -1.605651     -47.145671      -0.027421       0.641051
      19.366306      39.896594      -1.600728     -47.115351      -0.058433       0.640023
      19.362997      39.874923      -1.595811     -47.085094      -0.089409       0.638990
      19.359705      39.853300      -1.590899     -47.054901      -0.120348       0.637954
      19.356430      39.831727      -1.585992     -47.024772      -0.151251       0.636914
      19.353173      39.810202      -1.581091     -46.994706      -0.182117       0.635870
      19.349932      39.788726      -1.576195     -46.964702      -0.212947       0.634822
      19.346708      39.767299      -1.571305     -46.934761      -0.243741       0.633771
      19.343502      39.745920      -1.566420     -46.904883      -0.274499       0.632716
      19.340311      39.724589      -1.561540     -46.875067      -0.305221       0.631657
      19.337138      39.703306      -1.556666     -46.845313      -0.335907       0.630594
      19.333981      39.682071      -1.551797     -46.815620      -0.366557       0.629528
      19.330841      39.660885      -1.546933     -46.785989      -0.397171       0.628457
      19.327717      39.639745      -1.542074     -46.756420      -0.427750       0.627383
      19.324610      39.618654      -1.537221     -46.726911      -0.458293       0.626305
      19.321519      39.597609      -1.532373     -46.697464      -0.488801       0.625224
      19.318445      39.576612      -1.527530     -46.668077      -0.519273       0.624139
      19.315386      39.555663      -1.522692     -46.638750      -0.549710       0.623049
      19.312344      39.534760      -1.517860     -46.609484      -0.580111       0.621957
      19.309318      39.513904      -1.513032     -46.580277      -0.610477       0.620860
      19.306307      39.493095      -1.508210     -46.551131      -0.640808       0.619760
      19.303313      39.472333      -1.503393     -46.522043      -0.671104       0.618655
      19.300335      39.451617      -1.498581     -46.493016      -0.701365       0.617548
      19.297372      39.430948      -1.493774     -46.464047      -0.731591       0.616436
      19.294425      39.410324      -1.488972     -46.435137      -0.761783       0.615321
      19.291494      39.389747      -1.484175     -46.406286      -0.791939       0.614201
      19.288578      39.369216      -1.479383     -46.377493      -0.822061       0.613079
      19.285678      39.348731      -1.474595     -46.348758      -0.852148       0.611952
      19.282794      39.328292      -1.469813     -46.320082      -0.882201       0.610821
      19.279924      39.307898      -1.465036     -46.291463      -0.912219       0.609687
      19.277070      39.287550      -1.460264     -46.262902      -0.942203       0.608549
      19.274232      39.267247      -1.455496     -46.234399      -0.972153       0.607408
      19.271408      39.246989      -1.450734     -46.205952      -1.002068       0.606262
      19.268600      39.226777      -1.445976     -46.177563      -1.031950       0.605113
      19.265807      39.206609      -1.441223     -46.149230      -1.061797       0.603960
      19.263028      39.186487      -1.436475     -46.120954      -1.091610       0.602804
      19.260265      39.166409      -1.431732     -46.092734      -1.121389       0.601643
      19.257516      39.146376      -1.426993     -46.064571      -1.151135       0.600479
      19.254783      39.126387      -1.422260     -46.036463      -1.180846       0.599311
      19.252064      39.106443      -1.417531     -46.008411      -1.210524       0.598140
      19.249359      39.086543      -1.412806     -45.980415      -1.240169       0.596964
      19.246670      39.066687      -1.408087     -45.952474      -1.269779       0.595785
      19.243995      39.046875      -1.403372     -45.924588      -1.299357       0.594602
      19.241334      39.027107      -1.398661     -45.896757      -1.328900       0.593416
      19.238688      39.007383      -1.393956     -45.868981      -1.358411       0.592226
      19.236056      38.987703      -1.389255     -45.841259      -1.387888       0.591032
      19.233438      38.968066      -1.384558     -45.813592      -1.417332       0.589834
      19.230835      38.948473      -1.379867     -45.785979      -1.446743       0.588632
      19.228246      38.928923      -1.375179     -45.758420      -1.476121       0.587427
      19.225671      38.909416      -1.370497     -45.730915      -1.505466       0.586218
      19.223110      38.889952      -1.365818     -45.703463      -1.534777       0.585006
      19.220563      38.870531      -1.361145     -45.676065      -1.564056       0.583789
      19.218030      38.851153      -1.356475     -45.648720      -1.593303       0.582569
      19.215511      38.831818      -1.351811     -45.621428      -1.622516       0.581345
      19.213006      38.812525      -1.347150     -45.594188      -1.651697       0.580118
      19.210514      38.793275      -1.342494     -45.567001      -1.680845       0.578886
      19.208036      38.774068      -1.337843     -45.539867      -1.709961       0.577651
      19.205572      38.754902      -1.333196     -45.512785      -1.739044       0.576413
      19.203121      38.735779      -1.328553     -45.485755      -1.768095       0.575170
      19.200684      38.716698      -1.323915     -45.458777      -1.797114       0.573924
      19.198261      38.697659      -1.319281     -45.431851      -1.826100       0.572674
      19.195850      38.678661      -1.314651     -45.404976      -1.855055       0.571421
      19.193453      38.659706      -1.310026     -45.378152      -1.883977       0.570163
      19.191070      38.640792      -1.305405     -45.351380      -1.912867       0.568902
      19.188699      38.621919      -1.300788     -45.324658      -1.941725       0.567638
      19.186342      38.603088      -1.296176     -45.297987      -1.970551       0.566369
      19.183998      38.584298      -1.291567     -45.271367      -1.999346       0.565097
      19.181667      38.565549      -1.286963     -45.244797      -2.028108       0.563821
      19.179349      38.546842      -1.282363     -45.218278      -2.056839       0.562542
      19.177043      38.528175      -1.277768     -45.191808      -2.085538       0.561259
      19.174751      38.509549      -1.273176     -45.165388      -2.114206       0.559972
      19.172472      38.490964      -1.268589     -45.139018      -2.142842       0.558681
      19.170205      38.472420      -1.264005     -45.112698      -2.171447       0.557387
      19.167951      38.453916      -1.259426     -45.086427      -2.200020       0.556089
      19.165710      38.435452      -1.254851     -45.060205      -2.228563       0.554787
      19.163481      38.417029      -1.250280     -45.034032      -2.257073       0.553481
      19.161265      38.398646      -1.245713     -45.007907      -2.285553       0.552172
      19.159061      38.380303      -1.241150     -44.981832      -2.314001       0.550860
      19.156870      38.362000      -1.236591     -44.955805      -2.342419       0.549543
      19.154691      38.343737      -1.232037     -44.929826      -2.370805       0.548223
      19.152525      38.325513      -1.227486     -44.903895      -2.399161       0.546899
      19.150371      38.307330      -1.222939     -44.878012      -2.427486       0.545571
      19.148229      38.289186      -1.218396     -44.852177      -2.455779       0.544240
      19.146099      38.271081      -1.213857     -44.826390      -2.484042       0.542905
      19.143981      38.253016      -1.209322     -44.800650      -2.512275       0.541566
      19.141876      38.234990      -1.204791     -44.774957      -2.540477       0.540224
      19.139782      38.217003      -1.200264     -44.749311      -2.568648       0.538878
      19.137700      38.199055      -1.195740     -44.723713      -2.596789       0.537528
      19.135631      38.181146      -1.191221     -44.698161      -2.624899       0.536175
      19.133573      38.163276      -1.186705     -44.672655      -2.652979       0.534818
      19.131527      38.145445      -1.182193     -44.647196      -2.681028       0.533457
      19.129493      38.127652      -1.177686     -44.621784      -2.709048       0.532093
      19.127470      38.109898      -1.173181     -44.596417      -2.737037       0.530724
      19.125459      38.092182      -1.168681     -44.571096      -2.764996       0.529353
      19.123460      38.074505      -1.164184     -44.545821      -2.792925       0.527977
      19.121472      38.056866      -1.159691     -44.520592      -2.820824       0.526598
      19.119496      38.039265      -1.155202     -44.495408      -2.848693       0.525215
      19.117531      38.021702      -1.150717     -44.470270      -2.876532       0.523829
      19.115577      38.004177      -1.146235     -44.445176      -2.904341       0.522439
      19.113635      37.986690      -1.141757     -44.420128      -2.932121       0.521045
      19.111705      37.969240      -1.137283     -44.395124      -2.959871       0.519647
      19.109785      37.951829      -1.132812     -44.370165      -2.987591       0.518246
      19.107877      37.934454      -1.128345     -44.345251      -3.015282       0.516841
      19.105979      37.917118      -1.123881     -44.320381      -3.042943       0.515433
      19.104093      37.899818      -1.119421     -44.295555      -3.070574       0.514021
      19.102218      37.882556      -1.114965     -44.270773      -3.098176       0.512605
      19.100354      37.865331      -1.110512     -44.246035      -3.125749       0.511185
      19.098501      37.848143      -1.106063     -44.221341      -3.153293       0.509762
      19.096659      37.830992      -1.101618     -44.196690      -3.180807       0.508336
      19.094828      37.813878      -1.097176     -44.172083      -3.208292       0.506905
      19.093007      37.796801      -1.092737     -44.147519      -3.235748       0.505471
      19.091198      37.779761      -1.088302     -44.122998      -3.263175       0.504033
      19.089398      37.762757      -1.083870     -44.098520      -3.290572       0.502592
      19.087610      37.745789      -1.079442     -44.074084      -3.317941       0.501147
      19.085832      37.728858      -1.075018     -44.049692      -3.345281       0.499698
      19.084065      37.711964      -1.070596     -44.025342      -3.372592       0.498246
      19.082309      37.695105      -1.066179     -44.001034      -3.399875       0.496790
      19.080562      37.678283      -1.061764     -43.976769      -3.427128       0.495330
      19.078827      37.661496      -1.057353     -43.952545      -3.454353       0.493867
      19.077101      37.644746      -1.052946     -43.928364      -3.481549       0.492400
      19.075386      37.628031      -1.048541     -43.904224      -3.508717       0.490929
      19.073682      37.611353      -1.044141     -43.880126      -3.535856       0.489455
      19.071987      37.594710      -1.039743     -43.856069      -3.562967       0.487977
      19.070303      37.578102      -1.035349     -43.832054      -3.590049       0.486495
      19.068629      37.561530      -1.030958     -43.808080      -3.617103       0.485010
      19.066965      37.544993      -1.026570     -43.784147      -3.644129       0.483521
      19.065311      37.528492      -1.022186     -43.760254      -3.671127       0.482029
      19.063667      37.512026      -1.017805     -43.736403      -3.698096       0.480533
      19.062033      37.495595      -1.013427     -43.712592      -3.725037       0.479033
      19.060409      37.479199      -1.009052     -43.688822      -3.751950       0.477530
      19.058795      37.462838      -1.004681     -43.665092      -3.778835       0.476023
      19.057191      37.446512      -1.000313     -43.641402      -3.805692       0.474512
      19.055597      37.430221      -0.995948     -43.617752      -3.832522       0.472998
      19.054012      37.413964      -0.991586     -43.594142      -3.859323       0.471480
      19.052437      37.397742      -0.987227     -43.570572      -3.886096       0.469959
      19.050872      37.381554      -0.982872     -43.547042      -3.912842       0.468434
      19.049316      37.365401      -0.978519     -43.523551      -3.939560       0.466905
      19.047770      37.349282      -0.974170     -43.500099      -3.966251       0.465372
      19.046234      37.333198      -0.969824     -43.476686      -3.992913       0.463836
      19.044706      37.317148      -0.965481     -43.453313      -4.019549       0.462297
      19.043189      37.301131      -0.961141     -43.429979      -4.046156       0.460754
      19.041681      37.285149      -0.956804     -43.406683      -4.072737       0.459207
      19.040182      37.269201      -0.952470     -43.383426      -4.099290       0.457656
      19.038693      37.253286      -0.948139     -43.360208      -4.125815       0.456102
      19.037212      37.237405      -0.943812     -43.337028      -4.152313       0.454544
      19.035742      37.221558      -0.939487     -43.313886      -4.178784       0.452983
      19.034280      37.205745      -0.935165     -43.290783      -4.205228       0.451418
      19.032827      37.189965      -0.930846     -43.267717      -4.231645       0.449850
      19.031384      37.174218      -0.926530     -43.244690      -4.258035       0.448278
      19.029950      37.158505      -0.922217     -43.221700      -4.284397       0.446702
      19.028524      37.142825      -0.917908     -43.198747      -4.310733       0.445122
      19.027108      37.127178      -0.913601     -43.175833      -4.337042       0.443539
      19.025701      37.111564      -0.909296     -43.152955      -4.363323       0.441953
      19.024302      37.095983      -0.904995     -43.130115      -4.389578       0.440363
      19.022913      37.080435      -0.900697     -43.107312      -4.415807       0.438769
      19.021532      37.064920      -0.896402     -43.084546      -4.442008       0.437171
      19.020160      37.049437      -0.892109     -43.061816      -4.468183       0.435570
      19.018797      37.033988      -0.887819     -43.039124      -4.494331       0.433966
      19.017443      37.018571      -0.883532     -43.016468      -4.520453       0.432357
      19.016097      37.003186      -0.879248     -42.993848      -4.546548       0.430746
      19.014760      36.987834      -0.874967     -42.971265      -4.572616       0.429130
      19.013431      36.972514      -0.870689     -42.948718      -4.598658       0.427511
      19.012111      36.957226      -0.866413     -42.926207      -4.624674       0.425889
      19.010800      36.941971      -0.862140     -42.903733      -4.650663       0.424262
      19.009497      36.926747      -0.857870     -42.881293      -4.676627       0.422633
      19.008203      36.911556      -0.853602     -42.858890      -4.702563       0.420999
      19.006916      36.896397      -0.849338     -42.836522      -4.728474       0.419362
      19.005639      36.881269      -0.845076     -42.814190      -4.754359       0.417722
      19.004369      36.866174      -0.840817     -42.791893      -4.780217       0.416077
      19.003108      36.851110      -0.836560     -42.769632      -4.806049       0.414430
      19.001856      36.836077      -0.832306     -42.747405      -4.831856       0.412778
      19.000611      36.821077      -0.828055     -42.725213      -4.857636       0.411123
      18.999374      36.806107      -0.823806     -42.703057      -4.883391       0.409465
      18.998146      36.791169      -0.819560     -42.680935      -4.909119       0.407803
      18.996926      36.776263      -0.815317     -42.658847      -4.934822       0.406137
      18.995714      36.761387      -0.811077     -42.636795      -4.960499       0.404468
      18.994510      36.746543      -0.806839     -42.614776      -4.986150       0.402795
      18.993314      36.731730      -0.802603     -42.592792      -5.011776       0.401119
      18.992126      36.716948      -0.798370     -42.570842      -5.037376       0.399439
      18.990945      36.702197      -0.794140     -42.548926      -5.062950       0.397755
      18.989773      36.687477      -0.789912     -42.527044      -5.088499       0.396068
      18.988609      36.672787      -0.785687     -42.505196      -5.114023       0.394377
      18.987452      36.658129      -0.781464     -42.483381      -5.139521       0.392683
      18.986303      36.643501      -0.777244     -42.461600      -5.164993       0.390985
      18.985162      36.628903      -0.773026     -42.439853      -5.190440       0.389284
      18.984029      36.614336      -0.768811     -42.418139      -5.215862       0.387579
      18.982903      36.599799      -0.764599     -42.396458      -5.241259       0.385870
      18.981785      36.585293      -0.760388     -42.374810      -5.266630       0.384158
      18.980674      36.570817      -0.756181     -42.353195      -5.291976       0.382442
      18.979571      36.556371      -0.751975     -42.331613      -5.317297       0.380723
      18.978476      36.541956      -0.747772     -42.310064      -5.342593       0.379000
      18.977388      36.527570      -0.743572     -42.288548      -5.367864       0.377274
      18.976307      36.513215      -0.739374     -42.267064      -5.393110       0.375544
      18.975234      36.498889      -0.735178     -42.245613      -5.418331       0.373810
      18.974169      36.484593      -0.730985     -42.224193      -5.443528       0.372073
      18.973110      36.470327      -0.726794     -42.202807      -5.468699       0.370332
      18.972059      36.456091      -0.722606     -42.181452      -5.493845       0.368588
      18.971015      36.441884      -0.718419     -42.160129      -5.518967       0.366840
      18.969979      36.427707      -0.714236     -42.138838      -5.544064       0.365089
      18.968950      36.413559      -0.710054     -42.117579      -5.569136       0.363334
      18.967928      36.399441      -0.705875     -42.096352      -5.594184       0.361575
      18.966913      36.385352      -0.701698     -42.075156      -5.619207       0.359813
      18.965905      36.371292      -0.697523     -42.053992      -5.644205       0.358048
      18.964904      36.357261      -0.693351     -42.032859      -5.669179       0.356279
      18.963911      36.343260      -0.689181     -42.011758      -5.694128       0.354506
      18.962924      36.329287      -0.685013     -41.990687      -5.719053       0.352730
      18.961944      36.315344      -0.680848     -41.969648      -5.743954       0.350950
      18.960972      36.301430      -0.676684     -41.948639      -5.768830       0.349167
      18.960006      36.287544      -0.672523     -41.927662      -5.793682       0.347380
      18.959047      36.273687      -0.668365     -41.906715      -5.818510       0.345590
      18.958095      36.259859      -0.664208     -41.885798      -5.843314       0.343796
      18.957150      36.246060      -0.660053     -41.864913      -5.868093       0.341998
      18.956211      36.232289      -0.655901     -41.844057      -5.892848       0.340197
      18.955280      36.218547      -0.651751     -41.823232      -5.917579       0.338392
      18.954355      36.204833      -0.647603     -41.802438      -5.942286       0.336584
      18.953436      36.191147      -0.643457     -41.781673      -5.966969       0.334773
      18.952525      36.177490      -0.639313     -41.760938      -5.991628       0.332957
      18.951620      36.163861      -0.635172     -41.740234      -6.016264       0.331139
      18.950722      36.150260      -0.631032     -41.719559      -6.040875       0.329316
      18.949830      36.136687      -0.626895     -41.698913      -6.065462       0.327491
      18.948945      36.123143      -0.622760     -41.678298      -6.090026       0.325661
      18.948066      36.109626      -0.618627     -41.657712      -6.114566       0.323828
      18.947194      36.096137      -0.614495     -41.637155      -6.139082       0.321992
      18.946328      36.082676      -0.610366     -41.616628      -6.163574       0.320152
      18.945468      36.069243      -0.606239     -41.596130      -6.188043       0.318309
      18.944615      36.055837      -0.602114     -41.575661      -6.212488       0.316462
      18.943769      36.042459      -0.597991     -41.555221      -6.236910       0.314611
      18.942928      36.029109      -0.593870     -41.534809      -6.261308       0.312757
      18.942094      36.015786      -0.589751     -41.514427      -6.285683       0.310899
      18.941266      36.002491      -0.585634     -41.494074      -6.310034       0.309038
      18.940445      35.989223      -0.581519     -41.473749      -6.334362       0.307174
      18.939630      35.975983      -0.577406     -41.453453      -6.358666       0.305305
      18.938820      35.962769      -0.573295     -41.433185      -6.382948       0.303434
      18.938017      35.949583      -0.569186     -41.412945      -6.407205       0.301558
      18.937220      35.936424      -0.565079     -41.392734      -6.431440       0.299680
      18.936429      35.923292      -0.560974     -41.372551      -6.455652       0.297797
      18.935645      35.910187      -0.556870     -41.352396      -6.479840       0.295912
      18.934866      35.897109      -0.552769     -41.332268      -6.504005       0.294022
      18.934093      35.884058      -0.548669     -41.312169      -6.528147       0.292130
      18.933326      35.871033      -0.544572     -41.292098      -6.552266       0.290233
      18.932565      35.858036      -0.540476     -41.272054      -6.576362       0.288333
      18.931810      35.845065      -0.536382     -41.252038      -6.600435       0.286430
      18.931061      35.832121      -0.532290     -41.232049      -6.624485       0.284523
      18.930318      35.819203      -0.528200     -41.212088      -6.648513       0.282613
      18.929581      35.806312      -0.524111     -41.192154      -6.672517       0.280699
      18.928849      35.793447      -0.520025     -41.172247      -6.696498       0.278781
      18.928123      35.780608      -0.515940     -41.152368      -6.720457       0.276860
      18.927403      35.767796      -0.511857     -41.132515      -6.744393       0.274936
      18.926689      35.755010      -0.507776     -41.112690      -6.768307       0.273008
      18.925980      35.742251      -0.503696     -41.092891      -6.792197       0.271077
      18.925277      35.729517      -0.499619     -41.073119      -6.816065       0.269142
      18.924579      35.716810      -0.495543     -41.053374      -6.839911       0.267203
      18.923888      35.704128      -0.491469     -41.033655      -6.863734       0.265261
      18.923201      35.691473      -0.487396     -41.013963      -6.887534       0.263316
      18.922520      35.678843      -0.483326     -40.994297      -6.911312       0.261367
      18.921845      35.666240      -0.479257     -40.974658      -6.935068       0.259414
      18.921176      35.653662      -0.475190     -40.955045      -6.958801       0.257458
      18.920511      35.641109      -0.471124     -40.935458      -6.982511       0.255499
      18.919852      35.628583      -0.467060     -40.915897      -7.006200       0.253536
      18.919199      35.616082      -0.462998     -40.896362      -7.029866       0.251569
      18.918551      35.603606      -0.458938     -40.876853      -7.053510       0.249599
      18.917908      35.591156      -0.454879     -40.857370      -7.077131       0.247625
      18.917271      35.578731      -0.450822     -40.837913      -7.100731       0.245648
      18.916639      35.566332      -0.446766     -40.818481      -7.124308       0.243668
      18.916012      35.553958      -0.442712     -40.799075      -7.147863       0.241684
      18.915390      35.541609      -0.438660     -40.779694      -7.171397       0.239696
      18.914774      35.529286      -0.434609     -40.760338      -7.194908       0.237705
      18.914163      35.516988      -0.430560     -40.741008      -7.218397       0.235711
      18.913557      35.504714      -0.426513     -40.721704      -7.241864       0.233713
      18.912956      35.492466      -0.422467     -40.702424      -7.265309       0.231712
      18.912360      35.480243      -0.418422     -40.683169      -7.288732       0.229707
      18.911770      35.468044      -0.414380     -40.663940      -7.312134       0.227698
      18.911184      35.455870      -0.410338     -40.644735      -7.335513       0.225686
      18.910604      35.443722      -0.406299     -40.625555      -7.358871       0.223671
      18.910028      35.431597      -0.402260     -40.606400      -7.382207       0.221652
      18.909458      35.419498      -0.398224     -40.587269      -7.405522       0.219629
      18.908892      35.407423      -0.394189     -40.568163      -7.428814       0.217604
      18.908332      35.395373      -0.390155     -40.549082      -7.452085       0.215574
      18.907776      35.383347      -0.386123     -40.530024      -7.475335       0.213541
      18.907225      35.371346      -0.382092     -40.510992      -7.498563       0.211505
      18.906679      35.359369      -0.378063     -40.491983      -7.521769       0.209465
      18.906138      35.347416      -0.374035     -40.472999      -7.544954       0.207422
      18.905602      35.335488      -0.370009     -40.454038      -7.568117       0.205375
      18.905070      35.323584      -0.365984     -40.435102      -7.591259       0.203325
      18.904544      35.311704      -0.361961     -40.416190      -7.614379       0.201271
      18.904022      35.299848      -0.357939     -40.397301      -7.637478       0.199214
      18.903504      35.288016      -0.353918     -40.378436      -7.660556       0.197153
      18.902992      35.276208      -0.349899     -40.359595      -7.683613       0.195089
      18.902484      35.264425      -0.345882     -40.340778      -7.706648       0.193021
      18.901981      35.252665      -0.341865     -40.321984      -7.729662       0.190950
      18.901482      35.240929      -0.337850     -40.303213      -7.752654       0.188875
      18.900988      35.229216      -0.333837     -40.284466      -7.775626       0.186797
      18.900498      35.217528      -0.329825     -40.265742      -7.798576       0.184716
      18.900013      35.205863      -0.325814     -40.247042      -7.821506       0.182631
      18.899533      35.194222      -0.321804     -40.228364      -7.844414       0.180542
      18.899057      35.182604      -0.317796     -40.209710      -7.867301       0.178450
      18.898586      35.171010      -0.313789     -40.191079      -7.890167       0.176355
      18.898119      35.159439      -0.309784     -40.172470      -7.913013       0.174256
      18.897656      35.147892      -0.305779     -40.153885      -7.935837       0.172153
      18.897198      35.136368      -0.301776     -40.135322      -7.958641       0.170047
      18.896744      35.124868      -0.297775     -40.116782      -7.981423       0.167938
      18.896295      35.113390      -0.293774     -40.098264      -8.004185       0.165825
      18.895850      35.101936      -0.289775     -40.079770      -8.026926       0.163709
      18.895409      35.090505      -0.285777     -40.061297      -8.049646       0.161589
      18.894973      35.079097      -0.281781     -40.042847      -8.072345       0.159466
      18.894541      35.067712      -0.277785     -40.024419      -8.095024       0.157339
      18.894113      35.056351      -0.273791     -40.006014      -8.117682       0.155209
      18.893689      35.045012      -0.269798     -39.987631      -8.140319       0.153075
      18.893270      35.033696      -0.265807     -39.969269      -8.162936       0.150938
      18.892854      35.022403      -0.261816     -39.950930      -8.185532       0.148798
      18.892443      35.011132      -0.257827     -39.932613      -8.208108       0.146654
      18.892036      34.999885      -0.253839     -39.914318      -8.230663       0.144506
      18.891633      34.988660      -0.249852     -39.896045      -8.253198       0.142355
      18.891234      34.977458      -0.245866     -39.877793      -8.275712       0.140201
      18.890840      34.966278      -0.241882     -39.859563      -8.298206       0.138043
      18.890449      34.955121      -0.237898     -39.841355      -8.320679       0.135882
      18.890062      34.943986      -0.233916     -39.823168      -8.343132       0.133717
      18.889680      34.932874      -0.229935     -39.805002      -8.365565       0.131549
      18.889301      34.921784      -0.225955     -39.786858      -8.387977       0.129377
      18.888926      34.910717      -0.221976     -39.768736      -8.410369       0.127202
      18.888555      34.899672      -0.217998     -39.750635      -8.432741       0.125023
      18.888189      34.888649      -0.214021     -39.732554      -8.455093       0.122841
      18.887826      34.877648      -0.210046     -39.714495      -8.477424       0.120656
      18.887467      34.866670      -0.206071     -39.696457      -8.499736       0.118467
      18.887111      34.855713      -0.202098     -39.678440      -8.522027       0.116274
      18.886760      34.844779      -0.198125     -39.660444      -8.544298       0.114078
      18.886412      34.833866      -0.194154     -39.642469      -8.566550       0.111879
      18.886069      34.822976      -0.190184     -39.624515      -8.588781       0.109676
      18.885729      34.812107      -0.186215     -39.606581      -8.610992       0.107470
      18.885392      34.801260      -0.182246     -39.588668      -8.633183       0.105260
      18.885060      34.790436      -0.178279     -39.570776      -8.655354       0.103047
      18.884731      34.779632      -0.174313     -39.552904      -8.677506       0.100830
      18.884406      34.768851      -0.170348     -39.535052      -8.699637       0.098610
      18.884084      34.758091      -0.166384     -39.517221      -8.721749       0.096387
      18.883767      34.747353      -0.162421     -39.499410      -8.743841       0.094160
      18.883453      34.736636      -0.158459     -39.481620      -8.765913       0.091929
      18.883142      34.725941      -0.154497     -39.463849      -8.787965       0.089696
      18.882835      34.715268      -0.150537     -39.446099      -8.809998       0.087458
      18.882532      34.704615      -0.146578     -39.428369      -8.832011       0.085217
      18.882232      34.693984      -0.142620     -39.410659      -8.854004       0.082973
      18.881935      34.683375      -0.138662     -39.392969      -8.875978       0.080726
      18.881642      34.672787      -0.134706     -39.375298      -8.897932       0.078475
      18.881353      34.662220      -0.130750     -39.357648      -8.919867       0.076220
      18.881067      34.651674      -0.126796     -39.340017      -8.941782       0.073962
      18.880785      34.641149      -0.122842     -39.322406      -8.963677       0.071701
      18.880506      34.630646      -0.118889     -39.304814      -8.985553       0.069436
      18.880230      34.620163      -0.114937     -39.287242      -9.007410       0.067167
      18.879958      34.609702      -0.110986     -39.269690      -9.029247       0.064896
      18.879689      34.599261      -0.107036     -39.252157      -9.051065       0.062620
      18.879424      34.588842      -0.103087     -39.234643      -9.072863       0.060342
      18.879162      34.578443      -0.099138     -39.217148      -9.094642       0.058060
      18.878903      34.568065      -0.095191     -39.199673      -9.116402       0.055774
      18.878647      34.557708      -0.091244     -39.182217      -9.138142       0.053485
      18.878395      34.547371      -0.087298     -39.164780      -9.159863       0.051193
      18.878146      34.537056      -0.083353     -39.147362      -9.181565       0.048897
      18.877900      34.526760      -0.079409     -39.129964      -9.203248       0.046597
      18.877657      34.516486      -0.075465     -39.112584      -9.224912       0.044295
      18.877418      34.506232      -0.071523     -39.095222      -9.246556       0.041988
      18.877182      34.495998      -0.067581     -39.077880      -9.268182       0.039679
      18.876949      34.485786      -0.063640     -39.060557      -9.289788       0.037366
      18.876719      34.475593      -0.059699     -39.043252      -9.311375       0.035049
      18.876492      34.465421      -0.055760     -39.025966      -9.332944       0.032729
      18.876269      34.455269      -0.051821     -39.008698      -9.354493       0.030406
      18.876048      34.445137      -0.047883     -38.991449      -9.376023       0.028079
      18.875831      34.435026      -0.043946     -38.974218      -9.397534       0.025749
      18.875616      34.424935      -0.040009     -38.957006      -9.419027       0.023415
      18.875405      34.414864      -0.036073     -38.939812      -9.440500       0.021078
      18.875196      34.404813      -0.032138     -38.922636      -9.461955       0.018737
      18.874991      34.394782      -0.028204     -38.905479      -9.483391       0.016393
      18.874789      34.384771      -0.024270     -38.888339      -9.504808       0.014046
      18.874589      34.374781      -0.020337     -38.871218      -9.526206       0.011695
      18.874393      34.364810      -0.016405     -38.854115      -9.547586       0.009341
      18.874199      34.354859      -0.012473     -38.837030      -9.568947       0.006983
      18.874008      34.344928      -0.008542     -38.819962      -9.590289       0.004622
      18.873821      34.335016      -0.004612     -38.802913      -9.611612       0.002257
      18.873636      34.325125      -0.000682     -38.785881      -9.632917      -0.000111
      18.873454      34.315253       0.003247     -38.768867      -9.654203      -0.002482
      18.873274      34.305401       0.007175     -38.751871      -9.675471      -0.004857
      18.873098      34.295568       0.011103     -38.734892      -9.696720      -0.007236
      18.872925      34.285756       0.015030     -38.717932      -9.717950      -0.009617
      18.872754      34.275962       0.018956     -38.700988      -9.739162      -0.012003
      18.872586      34.266188       0.022882     -38.684062      -9.760356      -0.014391
      18.872420      34.256434       0.026807     -38.667154      -9.781531      -0.016783
      18.872258      34.246699       0.030732     -38.650262      -9.802688      -0.019179
      18.872098      34.236984       0.034656     -38.633388      -9.823826      -0.021578
      18.871941      34.227288       0.038579     -38.616532      -9.844946      -0.023980
      18.871787      34.217611       0.042502     -38.599692      -9.866047      -0.026386
      18.871635      34.207953       0.046424     -38.582870      -9.887131      -0.028795
      18.871486      34.198315       0.050346     -38.566065      -9.908196      -0.031208
      18.871339      34.188696       0.054267     -38.549277      -9.929242      -0.033624
      18.871195      34.179095       0.058188     -38.532505      -9.950271      -0.036043
      18.871054      34.169515       0.062108     -38.515751      -9.971281      -0.038466
      18.870915      34.159953       0.066028     -38.499014      -9.992273      -0.040893
      18.870779      34.150410       0.069947     -38.482293     -10.013247      -0.043323
      18.870646      34.140886       0.073866     -38.465589     -10.034202      -0.045756
      18.870515      34.131381       0.077784     -38.448902     -10.055140      -0.048192
      18.870386      34.121895       0.081701     -38.432232     -10.076059      -0.050633
      18.870260      34.112428       0.085618     -38.415578     -10.096961      -0.053076
      18.870137      34.102979       0.089535     -38.398940     -10.117844      -0.055523
      18.870016      34.093550       0.093451     -38.382320     -10.138710      -0.057973
      18.869897      34.084139       0.097367     -38.365715     -10.159557      -0.060427
      18.869781      34.074747       0.101282     -38.349127     -10.180387      -0.062884
      18.869667      34.065373       0.105197     -38.332556     -10.201198      -0.065345
      18.869556      34.056019       0.109111     -38.316000     -10.221992      -0.067809
      18.869447      34.046682       0.113025     -38.299461     -10.242767      -0.070277
      18.869340      34.037364       0.116938     -38.282938     -10.263525      -0.072748
      18.869236      34.028065       0.120851     -38.266431     -10.284265      -0.075222
      18.869134      34.018784       0.124764     -38.249941     -10.304988      -0.077700
      18.869035      34.009522       0.128676     -38.233466     -10.325692      -0.080181
      18.868938      34.000278       0.132588     -38.217007     -10.346379      -0.082666
      18.868843      33.991053       0.136499     -38.200565     -10.367048      -0.085154
      18.868750      33.981845       0.140410     -38.184138     -10.387699      -0.087645
      18.868660      33.972656       0.144321     -38.167727     -10.408332      -0.090140
      18.868572      33.963485       0.148231     -38.151332     -10.428948      -0.092639
      18.868486      33.954333       0.152141     -38.134952     -10.449547      -0.095141
      18.868402      33.945198       0.156051     -38.118588     -10.470127      -0.097646
      18.868321      33.936082       0.159960     -38.102240     -10.490690      -0.100154
      18.868242      33.926984       0.163869     -38.085907     -10.511236      -0.102666
      18.868164      33.917904       0.167777     -38.069590     -10.531764      -0.105182
      18.868090      33.908841       0.171685     -38.053289     -10.552274      -0.107701
      18.868017      33.899797       0.175593     -38.037003     -10.572767      -0.110223
      18.867946      33.890771       0.179501     -38.020732     -10.593242      -0.112749
      18.867878      33.881762       0.183408     -38.004476     -10.613700      -0.115278
      18.867811      33.872772       0.187315     -37.988236     -10.634141      -0.117811
      18.867747      33.863799       0.191222     -37.972011     -10.654564      -0.120347
      18.867685      33.854844       0.195128     -37.955802     -10.674970      -0.122886
      18.867625      33.845907       0.199034     -37.939607     -10.695359      -0.125429
      18.867566      33.836987       0.202940     -37.923428     -10.715730      -0.127976
      18.867510      33.828085       0.206846     -37.907263     -10.736084      -0.130525
      18.867456      33.819201       0.210751     -37.891114     -10.756420      -0.133079
      18.867404      33.810334       0.214656     -37.874979     -10.776739      -0.135635
      18.867354      33.801485       0.218561     -37.858860     -10.797042      -0.138195
      18.867306      33.792654       0.222465     -37.842755     -10.817326      -0.140759
      18.867260      33.783840       0.226370     -37.826665     -10.837594      -0.143326
      18.867215      33.775043       0.230274     -37.810590     -10.857845      -0.145896
      18.867173      33.766264       0.234178     -37.794530     -10.878078      -0.148470
      18.867133      33.757502       0.238081     -37.778484     -10.898294      -0.151047
      18.867094      33.748757       0.241985     -37.762453     -10.918494      -0.153628
      18.867058      33.740030       0.245888     -37.746437     -10.938676      -0.156212
      18.867023      33.731320       0.249791     -37.730435     -10.958841      -0.158799
      18.866990      33.722628       0.253694     -37.714448     -10.978989      -0.161390
      18.866959      33.713952       0.257597     -37.698475     -10.999120      -0.163984
      18.866930      33.705294       0.261500     -37.682516     -11.019234      -0.166582
      18.866902      33.696652       0.265402     -37.666572     -11.039331      -0.169183
      18.866877      33.688028       0.269305     -37.650642     -11.059411      -0.171788
      18.866853      33.679421       0.273207     -37.634727     -11.079475      -0.174396
      18.866831      33.670831       0.277109     -37.618825     -11.099521      -0.177007
      18.866811      33.662258       0.281011     -37.602938     -11.119551      -0.179622
      18.866792      33.653702       0.284913     -37.587065     -11.139563      -0.182240
      18.866775      33.645162       0.288814     -37.571206     -11.159559      -0.184862
      18.866760      33.636640       0.292716     -37.555361     -11.179538      -0.187487
      18.866747      33.628135       0.296617     -37.539531     -11.199501      -0.190116
      18.866735      33.619646       0.300519     -37.523714     -11.219446      -0.192748
      18.866725      33.611174       0.304420     -37.507911     -11.239375      -0.195383
      18.866717      33.602719       0.308321     -37.492122     -11.259287      -0.198022
      18.866710      33.594280       0.312222     -37.476346     -11.279183      -0.200664
      18.866706      33.585858       0.316123     -37.460585     -11.299062      -0.203310
      18.866702      33.577453       0.320024     -37.444837     -11.318924      -0.205959
      18.866700      33.569064       0.323925     -37.429103     -11.338769      -0.208612
      18.866700      33.560692       0.327826     -37.413383     -11.358598      -0.211268
      18.866702      33.552337       0.331727     -37.397676     -11.378411      -0.213927
      18.866705      33.543998       0.335628     -37.381983     -11.398207      -0.216590
      18.866709      33.535675       0.339529     -37.366303     -11.417986      -0.219256
      18.866716      33.527369       0.343429     -37.350637     -11.437749      -0.221926
      18.866723      33.519079       0.347330     -37.334984     -11.457495      -0.224599
      18.866732      33.510806       0.351231     -37.319345     -11.477225      -0.227276
      18.866743      33.502549       0.355132     -37.303719     -11.496938      -0.229956
      18.866755      33.494308       0.359032     -37.288106     -11.516635      -0.232639
      18.866769      33.486084       0.362933     -37.272507     -11.536316      -0.235326
      18.866784      33.477876       0.366834     -37.256921     -11.555980      -0.238017
      18.866801      33.469683       0.370735     -37.241348     -11.575628      -0.240710
      18.866819      33.461508       0.374636     -37.225788     -11.595259      -0.243408
      18.866839      33.453348       0.378537     -37.210242     -11.614874      -0.246108
      18.866860      33.445204       0.382438     -37.194708     -11.634473      -0.248812
      18.866882      33.437077       0.386339     -37.179188     -11.654056      -0.251520
      18.866906      33.428965       0.390240     -37.163680     -11.673622      -0.254231
      18.866931      33.420869       0.394141     -37.148186     -11.693172      -0.256945
      18.866958      33.412790       0.398042     -37.132704     -11.712706      -0.259663
      18.866986      33.404726       0.401943     -37.117235     -11.732224      -0.262384
      18.867015      33.396678       0.405845     -37.101779     -11.751726      -0.265109
      18.867046      33.388646       0.409746     -37.086336     -11.771211      -0.267837
      18.867078      33.380630       0.413648     -37.070906     -11.790680      -0.270568
      18.867111      33.372630       0.417550     -37.055488     -11.810134      -0.273303
      18.867146      33.364646       0.421451     -37.040083     -11.829571      -0.276042
      18.867182      33.356677       0.425353     -37.024691     -11.848992      -0.278783
      18.867219      33.348724       0.429255     -37.009311     -11.868397      -0.281529
      18.867257      33.340786       0.433158     -36.993944     -11.887786      -0.284277
      18.867297      33.332865       0.437060     -36.978589     -11.907159      -0.287029
      18.867338      33.324958       0.440962     -36.963247     -11.926516      -0.289785
      18.867380      33.317068       0.444865     -36.947918     -11.945857      -0.292544
      18.867424      33.309193       0.448768     -36.932600     -11.965182      -0.295307
      18.867468      33.301333       0.452671     -36.917295     -11.984491      -0.298072
      18.867514      33.293489       0.456574     -36.902003     -12.003784      -0.300842
      18.867561      33.285661       0.460477     -36.886722     -12.023062      -0.303615
      18.867609      33.277848       0.464381     -36.871454     -12.042323      -0.306391
      18.867659      33.270050       0.468284     -36.856198     -12.061569      -0.309170
      18.867709      33.262268       0.472188     -36.840955     -12.080799      -0.311953
      18.867761      33.254501       0.476092     -36.825723     -12.100013      -0.314740
      18.867814      33.246749       0.479997     -36.810504     -12.119211      -0.317530
      18.867868      33.239012       0.483901     -36.795296     -12.138394      -0.320323
      18.867923      33.231291       0.487806     -36.780101     -12.157560      -0.323120
      18.867979      33.223585       0.491711     -36.764918     -12.176712      -0.325921
      18.868036      33.215894       0.495616     -36.749746     -12.195847      -0.328724
      18.868094      33.208219       0.499522     -36.734587     -12.214967      -0.331531
      18.868154      33.200558       0.503427     -36.719439     -12.234071      -0.334342
      18.868214      33.192912       0.507333     -36.704304     -12.253159      -0.337156
      18.868276      33.185282       0.511240     -36.689180     -12.272232      -0.339974
      18.868338      33.177667       0.515146     -36.674068     -12.291289      -0.342795
      18.868402      33.170066       0.519053     -36.658967     -12.310330      -0.345619
      18.868466      33.162481       0.522960     -36.643878     -12.329357      -0.348447
      18.868532      33.154910       0.526867     -36.628801     -12.348367      -0.351278
      18.868598      33.147354       0.530775     -36.613736     -12.367362      -0.354113
      18.868666      33.139814       0.534683     -36.598682     -12.386341      -0.356951
      18.868734      33.132288       0.538591     -36.583640     -12.405305      -0.359793
      18.868804      33.124777       0.542500     -36.568609     -12.424254      -0.362638
      18.868874      33.117280       0.546409     -36.553590     -12.443187      -0.365486
      18.868945      33.109799       0.550318     -36.538582     -12.462105      -0.368338
      18.869018      33.102332       0.554228     -36.523586     -12.481007      -0.371194
      18.869091      33.094880       0.558138     -36.508601     -12.499894      -0.374053
      18.869165      33.087442       0.562048     -36.493627     -12.518765      -0.376915
      18.869240      33.080019       0.565959     -36.478664     -12.537621      -0.379781
      18.869316      33.072611       0.569870     -36.463713     -12.556462      -0.382650
      18.869393      33.065217       0.573781     -36.448773     -12.575287      -0.385523
      18.869470      33.057838       0.577693     -36.433845     -12.594097      -0.388399
      18.869549      33.050474       0.581605     -36.418927     -12.612892      -0.391279
      18.869628      33.043123       0.585517     -36.404021     -12.631672      -0.394162
      18.869708      33.035788       0.589430     -36.389126     -12.650436      -0.397048
      18.869789      33.028466       0.593344     -36.374242     -12.669185      -0.399938
      18.869871      33.021160       0.597257     -36.359368     -12.687919      -0.402832
      18.869953      33.013867       0.601171     -36.344506     -12.706638      -0.405729
      18.870037      33.006589       0.605086     -36.329655     -12.725342      -0.408629
      18.870121      32.999325       0.609001     -36.314815     -12.744030      -0.411533
      18.870206      32.992076       0.612916     -36.299986     -12.762704      -0.414440
      18.870291      32.984840       0.616832     -36.285167     -12.781362      -0.417351
      18.870378      32.977619       0.620748     -36.270360     -12.800005      -0.420265
      18.870465      32.970413       0.624665     -36.255563     -12.818633      -0.423183
      18.870553      32.963220       0.628582     -36.240777     -12.837246      -0.426104
      18.870641      32.956041       0.632500     -36.226001     -12.855844      -0.429029
      18.870731      32.948877       0.636418     -36.211237     -12.874427      -0.431957
      18.870821      32.941727       0.640336     -36.196483     -12.892995      -0.434888
      18.870911      32.934590       0.644256     -36.181739     -12.911548      -0.437823
      18.871003      32.927468       0.648175     -36.167007     -12.930086      -0.440762
      18.871095      32.920360       0.652095     -36.152285     -12.948609      -0.443704
      18.871188      32.913266       0.656016     -36.137573     -12.967117      -0.446649
      18.871281      32.906186       0.659937     -36.122872     -12.985610      -0.449598
      18.871375      32.899119       0.663858     -36.108181     -13.004089      -0.452550
      18.871470      32.892067       0.667780     -36.093501     -13.022552      -0.455506
      18.871565      32.885028       0.671703     -36.078831     -13.041001      -0.458465
      18.871661      32.878003       0.675626     -36.064172     -13.059435      -0.461428
      18.871757      32.870992       0.679550     -36.049523     -13.077853      -0.464394
      18.871855      32.863995       0.683474     -36.034884     -13.096258      -0.467364
      18.871952      32.857012       0.687399     -36.020256     -13.114647      -0.470337
      18.872051      32.850042       0.691324     -36.005638     -13.133022      -0.473314
      18.872149      32.843086       0.695250     -35.991030     -13.151381      -0.476294
      18.872249      32.836144       0.699176     -35.976432     -13.169726      -0.479278
      18.872349      32.829215       0.703103     -35.961844     -13.188057      -0.482265
      18.872449      32.822300       0.707031     -35.947267     -13.206373      -0.485255
      18.872550      32.815399       0.710959     -35.932700     -13.224674      -0.488249
      18.872652      32.808511       0.714888     -35.918142     -13.242960      -0.491247
      18.872754      32.801637       0.718817     -35.903595     -13.261232      -0.494248
      18.872857      32.794776       0.722747     -35.889058     -13.279489      -0.497252
      18.872960      32.787929       0.726678     -35.874530     -13.297731      -0.500260
      18.873063      32.781095       0.730609     -35.860013     -13.315959      -0.503272
      18.873167      32.774274       0.734541     -35.845506     -13.334172      -0.506287
      18.873272      32.767467       0.738473     -35.831008     -13.352371      -0.509305
      18.873377      32.760674       0.742406     -35.816521     -13.370555      -0.512327
      18.873482      32.753894       0.746340     -35.802043     -13.388725      -0.515352
      18.873588      32.747127       0.750274     -35.787575     -13.406880      -0.518381
      18.873694      32.740373       0.754209     -35.773116     -13.425021      -0.521414
      18.873801      32.733633       0.758145     -35.758668     -13.443147      -0.524449
      18.873908      32.726906       0.762082     -35.744229     -13.461259      -0.527489
      18.874016      32.720192       0.766019     -35.729800     -13.479356      -0.530532
      18.874124      32.713491       0.769956     -35.715380     -13.497439      -0.533578
      18.874232      32.706804       0.773895     -35.700970     -13.515507      -0.536628
      18.874341      32.700129       0.777834     -35.686570     -13.533561      -0.539681
      18.874450      32.693468       0.781774     -35.672179     -13.551601      -0.542738
      18.874559      32.686820       0.785714     -35.657798     -13.569626      -0.545798
      18.874669      32.680185       0.789655     -35.643426     -13.587637      -0.548862
      18.874779      32.673563       0.793597     -35.629064     -13.605634      -0.551929
      18.874890      32.666954       0.797540     -35.614711     -13.623616      -0.555000
      18.875000      32.660358       0.801483     -35.600368     -13.641585      -0.558074
      18.875112      32.653775       0.805427     -35.586034     -13.659538      -0.561152
      18.875223      32.647205       0.809372     -35.571709     -13.677478      -0.564234
      18.875335      32.640648       0.813318     -35.557394     -13.695403      -0.567318
      18.875447      32.634103       0.817264     -35.543088     -13.713314      -0.570407
      18.875559      32.627572       0.821211     -35.528791     -13.731211      -0.573498
      18.875672      32.621053       0.825159     -35.514504     -13.749094      -0.576594
      18.875785      32.614547       0.829107     -35.500226     -13.766962      -0.579693
      18.875898      32.608055       0.833057     -35.485957     -13.784817      -0.582795
      18.876011      32.601574       0.837007     -35.471697     -13.802657      -0.585901
      18.876125      32.595107       0.840958     -35.457446     -13.820483      -0.589010
      18.876239      32.588652       0.844910     -35.443204     -13.838295      -0.592123
      18.876353      32.582210       0.848862     -35.428972     -13.856093      -0.595239
      18.876467      32.575781       0.852816     -35.414748     -13.873877      -0.598359
      18.876582      32.569364       0.856770     -35.400534     -13.891646      -0.601483
      18.876697      32.562960       0.860725     -35.386328     -13.909402      -0.604610
      18.876812      32.556568       0.864680     -35.372132     -13.927144      -0.607740
      18.876927      32.550189       0.868637     -35.357944     -13.944871      -0.610874
      18.877042      32.543823       0.872595     -35.343765     -13.962585      -0.614012
      18.877158      32.537469       0.876553     -35.329595     -13.980284      -0.617153
      18.877273      32.531128       0.880512     -35.315435     -13.997970      -0.620297
      18.877389      32.524799       0.884472     -35.301282     -14.015642      -0.623445
      18.877505      32.518482       0.888433     -35.287139     -14.033300      -0.626597
      18.877621      32.512178       0.892395     -35.273005     -14.050943      -0.629752
      18.877737      32.505886       0.896357     -35.258879     -14.068573      -0.632911
      18.877854      32.499607       0.900321     -35.244762     -14.086189      -0.636073
      18.877970      32.493340       0.904285     -35.230654     -14.103792      -0.639238
      18.878087      32.487086       0.908250     -35.216554     -14.121380      -0.642408
      18.878204      32.480843       0.912217     -35.202463     -14.138954      -0.645580
      18.878321      32.474613       0.916184     -35.188381     -14.156515      -0.648757
      18.878437      32.468395       0.920152     -35.174307     -14.174062      -0.651936
      18.878554      32.462190       0.924120     -35.160242     -14.191595      -0.655120
      18.878671      32.455997       0.928090     -35.146185     -14.209114      -0.658307
      18.878789      32.449815       0.932061     -35.132137     -14.226620      -0.661497
      18.878906      32.443646       0.936033     -35.118097     -14.244111      -0.664691
      18.879023      32.437490       0.940005     -35.104066     -14.261589      -0.667889
      18.879140      32.431345       0.943979     -35.090043     -14.279054      -0.671090
      18.879258      32.425212       0.947953     -35.076029     -14.296504      -0.674294
      18.879375      32.419091       0.951929     -35.062023     -14.313941      -0.677502
      18.879492      32.412983       0.955905     -35.048026     -14.331364      -0.680714
      18.879610      32.406886       0.959882     -35.034037     -14.348774      -0.683929
      18.879727      32.400802       0.963861     -35.020056     -14.366170      -0.687148
      18.879844      32.394729       0.967840     -35.006083     -14.383552      -0.690370
      18.879962      32.388669       0.971820     -34.992119     -14.400921      -0.693596
      18.880079      32.382620       0.975802     -34.978163     -14.418276      -0.696826
      18.880196      32.376583       0.979784     -34.964215     -14.435617      -0.700059
      18.880314      32.370558       0.983767     -34.950275     -14.452945      -0.703295
      18.880431      32.364545       0.987752     -34.936344     -14.470259      -0.706535
      18.880548      32.358544       0.991737     -34.922420     -14.487560      -0.709779
      18.880665      32.352555       0.995723     -34.908505     -14.504847      -0.713026
      18.880782      32.346577       0.999711     -34.894598     -14.522121      -0.716277
      18.880900      32.340611       1.003699     -34.880699     -14.539381      -0.719531
      18.881016      32.334657       1.007688     -34.866808     -14.556628      -0.722789
      18.881133      32.328714       1.011679     -34.852925     -14.573862      -0.726050
      18.881250      32.322784       1.015670     -34.839050     -14.591081      -0.729315
      18.881367      32.316865       1.019663     -34.825183     -14.608288      -0.732584
      18.881483      32.310957       1.023657     -34.811324     -14.625481      -0.735856
      18.881600      32.305062       1.027651     -34.797473     -14.642660      -0.739132
      18.881716      32.299177       1.031647     -34.783629     -14.659826      -0.742411
      18.881833      32.293305       1.035644     -34.769794     -14.676979      -0.745694
      18.881949      32.287444       1.039642     -34.755967     -14.694119      -0.748980
      18.882065      32.281594       1.043641     -34.742147     -14.711245      -0.752271
      18.882180      32.275757       1.047641     -34.728335     -14.728358      -0.755564
      18.882296      32.269930       1.051643     -34.714531     -14.745457      -0.758861
      18.882412      32.264115       1.055645     -34.700735     -14.762543      -0.762162
      18.882527      32.258312       1.059648     -34.686946     -14.779616      -0.765466
      18.882642      32.252520       1.063653     -34.673165     -14.796675      -0.768774
      18.882757      32.246739       1.067659     -34.659392     -14.813722      -0.772086
      18.882872      32.240970       1.071666     -34.645626     -14.830755      -0.775401
      18.882987      32.235212       1.075674     -34.631869     -14.847774      -0.778719
      18.883101      32.229465       1.079683     -34.618118     -14.864781      -0.782042
      18.883215      32.223730       1.083693     -34.604376     -14.881774      -0.785368
      18.883329      32.218006       1.087704     -34.590641     -14.898754      -0.788697
      18.883443      32.212293       1.091717     -34.576913     -14.915721      -0.792030
      18.883557      32.206592       1.095731     -34.563193     -14.932675      -0.795367
      18.883670      32.200902       1.099746     -34.549481     -14.949616      -0.798707
      18.883783      32.195223       1.103762     -34.535776     -14.966543      -0.802051
      18.883896      32.189555       1.107779     -34.522078     -14.983458      -0.805398
      18.884009      32.183898       1.111798     -34.508388     -15.000359      -0.808749
      18.884121      32.178253       1.115817     -34.494705     -15.017247      -0.812104
      18.884233      32.172618       1.119838     -34.481030     -15.034122      -0.815462
      18.884345      32.166995       1.123860     -34.467362     -15.050984      -0.818824
      18.884457      32.161383       1.127884     -34.453702     -15.067833      -0.822189
      18.884568      32.155782       1.131908     -34.440048     -15.084669      -0.825558
      18.884679      32.150192       1.135934     -34.426402     -15.101492      -0.828931
      18.884790      32.144613       1.139961     -34.412764     -15.118301      -0.832307
      18.884900      32.139045       1.143989     -34.399133     -15.135098      -0.835687
      18.885010      32.133487       1.148019     -34.385508     -15.151882      -0.839071
      18.885120      32.127941       1.152050     -34.371891     -15.168653      -0.842458
      18.885229      32.122406       1.156082     -34.358282     -15.185411      -0.845849
      18.885339      32.116882       1.160115     -34.344679     -15.202156      -0.849243
      18.885447      32.111369       1.164150     -34.331084     -15.218888      -0.852641
      18.885556      32.105866       1.168185     -34.317496     -15.235607      -0.856042
      18.885664      32.100374       1.172223     -34.303915     -15.252313      -0.859448
      18.885772      32.094894       1.176261     -34.290341     -15.269006      -0.862857
      18.885879      32.089424       1.180301     -34.276774     -15.285687      -0.866269
      18.885986      32.083964       1.184342     -34.263214     -15.302354      -0.869685
      18.886093      32.078516       1.188384     -34.249661     -15.319009      -0.873105
      18.886199      32.073078       1.192427     -34.236115     -15.335651      -0.876528
      18.886305      32.067651       1.196472     -34.222576     -15.352280      -0.879955
      18.886411      32.062235       1.200519     -34.209044     -15.368896      -0.883386
      18.886516      32.056829       1.204566     -34.195519     -15.385499      -0.886820
      18.886620      32.051434       1.208615     -34.182001     -15.402090      -0.890258
      18.886725      32.046050       1.212665     -34.168490     -15.418667      -0.893700
      18.886829      32.040677       1.216717     -34.154986     -15.435232      -0.897145
      18.886932      32.035314       1.220770     -34.141488     -15.451785      -0.900594
      18.887035      32.029961       1.224824     -34.127998     -15.468324      -0.904047
      18.887138      32.024619       1.228880     -34.114514     -15.484851      -0.907503
      18.887240      32.019288       1.232937     -34.101037     -15.501365      -0.910963
      18.887342      32.013967       1.236995     -34.087567     -15.517866      -0.914426
      18.887443      32.008657       1.241055     -34.074103     -15.534355      -0.917893
      18.887544      32.003357       1.245116     -34.060647     -15.550831      -0.921364
      18.887644      31.998068       1.249179     -34.047197     -15.567294      -0.924839
      18.887744      31.992789       1.253243     -34.033754     -15.583745      -0.928317
      18.887844      31.987520       1.257308     -34.020317     -15.600183      -0.931799
      18.887943      31.982262       1.261375     -34.006887     -15.616609      -0.935284
      18.888041      31.977014       1.265443     -33.993464     -15.633022      -0.938773
      18.888139      31.971777       1.269513     -33.980047     -15.649422      -0.942266
      18.888237      31.966550       1.273584     -33.966637     -15.665809      -0.945762
      18.888334      31.961333       1.277656     -33.953234     -15.682184      -0.949263
      18.888430      31.956127       1.281730     -33.939837     -15.698547      -0.952766
      18.888526      31.950931       1.285805     -33.926446     -15.714897      -0.956274
      18.888622      31.945745       1.289882     -33.913063     -15.731234      -0.959785
      18.888717      31.940570       1.293960     -33.899685     -15.747559      -0.963300
      18.888811      31.935404       1.298040     -33.886314     -15.763872      -0.966819
      18.888905      31.930249       1.302121     -33.872950     -15.780171      -0.970341
      18.888999      31.925104       1.306204     -33.859592     -15.796459      -0.973867
      18.889092      31.919969       1.310288     -33.846241     -15.812734      -0.977396
      18.889184      31.914845       1.314374     -33.832895     -15.828996      -0.980930
      18.889276      31.909730       1.318461     -33.819557     -15.845246      -0.984467
      18.889367      31.904626       1.322550     -33.806224     -15.861484      -0.988007
      18.889457      31.899532       1.326640     -33.792898     -15.877709      -0.991552
      18.889547      31.894447       1.330731     -33.779579     -15.893922      -0.995100
      18.889637      31.889373       1.334825     -33.766265     -15.910122      -0.998652
      18.889726      31.884309       1.338919     -33.752958     -15.926310      -1.002207
      18.889814      31.879255       1.343015     -33.739657     -15.942485      -1.005766
      18.889902      31.874211       1.347113     -33.726363     -15.958649      -1.009329
      18.889989      31.869177       1.351212     -33.713074     -15.974799      -1.012896
      18.890075      31.864153       1.355313     -33.699792     -15.990938      -1.016466
      18.890161      31.859138       1.359416     -33.686516     -16.007064      -1.020040
      18.890247      31.854134       1.363520     -33.673247     -16.023178      -1.023618
      18.890331      31.849140       1.367625     -33.659983     -16.039280      -1.027200
      18.890415      31.844155       1.371732     -33.646726     -16.055369      -1.030785
      18.890499      31.839180       1.375841     -33.633474     -16.071446      -1.034374
      18.890581      31.834216       1.379951     -33.620229     -16.087510      -1.037966
      18.890664      31.829261       1.384063     -33.606990     -16.103563      -1.041563
      18.890745      31.824315       1.388176     -33.593757     -16.119603      -1.045163
      18.890826      31.819380       1.392291     -33.580530     -16.135631      -1.048767
      18.890906      31.814454       1.396408     -33.567309     -16.151647      -1.052374
      18.890986      31.809539       1.400526     -33.554094     -16.167650      -1.055986
      18.891064      31.804632       1.404646     -33.540885     -16.183642      -1.059601
      18.891143      31.799736       1.408768     -33.527682     -16.199621      -1.063219
      18.891220      31.794849       1.412891     -33.514485     -16.215588      -1.066842
      18.891297      31.789972       1.417015     -33.501294     -16.231543      -1.070468
      18.891373      31.785105       1.421142     -33.488109     -16.247485      -1.074098
      18.891449      31.780247       1.425270     -33.474930     -16.263416      -1.077732
      18.891523      31.775399       1.429399     -33.461756     -16.279334      -1.081370
      18.891597      31.770560       1.433531     -33.448589     -16.295240      -1.085011
      18.891671      31.765731       1.437664     -33.435427     -16.311135      -1.088656
      18.891743      31.760912       1.441798     -33.422271     -16.327017      -1.092305
      18.891815      31.756102       1.445935     -33.409121     -16.342887      -1.095957
      18.891887      31.751302       1.450073     -33.395977     -16.358744      -1.099614
      18.891957      31.746511       1.454213     -33.382839     -16.374590      -1.103274
      18.892027      31.741730       1.458354     -33.369706     -16.390424      -1.106937
      18.892096      31.736958       1.462497     -33.356579     -16.406246      -1.110605
      18.892164      31.732196       1.466642     -33.343458     -16.422056      -1.114276
      18.892232      31.727443       1.470788     -33.330343     -16.437853      -1.117952
      18.892298      31.722699       1.474937     -33.317233     -16.453639      -1.121631
      18.892364      31.717965       1.479087     -33.304129     -16.469413      -1.125313
      18.892430      31.713240       1.483238     -33.291031     -16.485174      -1.129000
      18.892494      31.708525       1.487392     -33.277938     -16.500924      -1.132690
      18.892558      31.703819       1.491547     -33.264851     -16.516662      -1.136384
      18.892621      31.699123       1.495704     -33.251769     -16.532388      -1.140082
      18.892683      31.694435       1.499863     -33.238694     -16.548102      -1.143784
      18.892744      31.689757       1.504023     -33.225623     -16.563804      -1.147489
      18.892805      31.685088       1.508185     -33.212558     -16.579494      -1.151198
      18.892865      31.680429       1.512349     -33.199499     -16.595172      -1.154912
      18.892924      31.675779       1.516515     -33.186446     -16.610838      -1.158628
      18.892982      31.671138       1.520683     -33.173398     -16.626493      -1.162349
      18.893039      31.666506       1.524852     -33.160355     -16.642135      -1.166074
      18.893096      31.661883       1.529023     -33.147318     -16.657766      -1.169802
      18.893152      31.657270       1.533196     -33.134286     -16.673385      -1.173534
      18.893207      31.652666       1.537371     -33.121260     -16.688992      -1.177270
      18.893261      31.648071       1.541547     -33.108239     -16.704587      -1.181009
      18.893314      31.643485       1.545726     -33.095224     -16.720170      -1.184753
      18.893367      31.638908       1.549906     -33.082214     -16.735742      -1.188500
      18.893418      31.634340       1.554088     -33.069209     -16.751301      -1.192252
      18.893469      31.629781       1.558272     -33.056210     -16.766849      -1.196007
      18.893519      31.625232       1.562457     -33.043216     -16.782386      -1.199765
      18.893568      31.620691       1.566645     -33.030227     -16.797910      -1.203528
      18.893616      31.616159       1.570834     -33.017244     -16.813423      -1.207295
      18.893664      31.611637       1.575026     -33.004266     -16.828923      -1.211065
      18.893710      31.607123       1.579219     -32.991294     -16.844413      -1.214839
      18.893756      31.602618       1.583414     -32.978326     -16.859890      -1.218617
      18.893800      31.598123       1.587611     -32.965364     -16.875356      -1.222399
      18.893844      31.593636       1.591810     -32.952407     -16.890810      -1.226185
      18.893887      31.589158       1.596010     -32.939456     -16.906252      -1.229974
      18.893929      31.584689       1.600213     -32.926509     -16.921683      -1.233768
      18.893971      31.580229       1.604417     -32.913568     -16.937102      -1.237565
      18.894011      31.575778       1.608624     -32.900632     -16.952509      -1.241366
      18.894050      31.571335       1.612832     -32.887701     -16.967905      -1.245171
      18.894089      31.566902       1.617042     -32.874775     -16.983289      -1.248980
      18.894126      31.562477       1.621254     -32.861855     -16.998662      -1.252793
      18.894163      31.558061       1.625468     -32.848939     -17.014022      -1.256609
      18.894199      31.553654       1.629685     -32.836029     -17.029372      -1.260430
      18.894234      31.549256       1.633903     -32.823123     -17.044709      -1.264254
      18.894267      31.544866       1.638122     -32.810223     -17.060035      -1.268082
      18.894300      31.540485       1.642344     -32.797328     -17.075350      -1.271914
      18.894332      31.536113       1.646568     -32.784438     -17.090653      -1.275750
      18.894364      31.531750       1.650794     -32.771553     -17.105944      -1.279590
      18.894394      31.527395       1.655022     -32.758673     -17.121224      -1.283434
      18.894423      31.523049       1.659252     -32.745797     -17.136492      -1.287281
      18.894451      31.518711       1.663483     -32.732927     -17.151749      -1.291133
      18.894478      31.514383       1.667717     -32.720062     -17.166994      -1.294988
      18.894505      31.510062       1.671953     -32.707202     -17.182228      -1.298848
      18.894530      31.505751       1.676191     -32.694347     -17.197450      -1.302711
      18.894554      31.501448       1.680431     -32.681496     -17.212661      -1.306578
      18.894578      31.497153       1.684672     -32.668651     -17.227860      -1.310449
      18.894600      31.492867       1.688916     -32.655810     -17.243048      -1.314324
      18.894622      31.488590       1.693162     -32.642975     -17.258224      -1.318203
      18.894642      31.484321       1.697410     -32.630144     -17.273389      -1.322086
      18.894662      31.480061       1.701660     -32.617318     -17.288543      -1.325972
      18.894680      31.475809       1.705912     -32.604497     -17.303685      -1.329863
      18.894698      31.471566       1.710166     -32.591680     -17.318815      -1.333757
      18.894714      31.467331       1.714422     -32.578869     -17.333934      -1.337656
      18.894730      31.463104       1.718680     -32.566062     -17.349042      -1.341558
      18.894744      31.458886       1.722941     -32.553260     -17.364139      -1.345465
      18.894758      31.454676       1.727203     -32.540463     -17.379224      -1.349375
      18.894770      31.450475       1.731467     -32.527671     -17.394297      -1.353289
      18.894781      31.446282       1.735734     -32.514883     -17.409360      -1.357207
      18.894792      31.442098       1.740003     -32.502100     -17.424411      -1.361129
      18.894801      31.437922       1.744273     -32.489322     -17.439451      -1.365055
      18.894809      31.433754       1.748546     -32.476548     -17.454479      -1.368985
      18.894817      31.429594       1.752821     -32.463779     -17.469496      -1.372919
      18.894823      31.425443       1.757098     -32.451015     -17.484502      -1.376857
      18.894828      31.421300       1.761377     -32.438255     -17.499496      -1.380799
      18.894832      31.417165       1.765659     -32.425500     -17.514479      -1.384745
      18.894835      31.413039       1.769942     -32.412750     -17.529451      -1.388695
      18.894837      31.408920       1.774228     -32.400004     -17.544412      -1.392648
      18.894838      31.404810       1.778516     -32.387263     -17.559361      -1.396606
      18.894838      31.400709       1.782806     -32.374526     -17.574299      -1.400568
      18.894837      31.396615       1.787098     -32.361794     -17.589226      -1.404534
      18.894835      31.392530       1.791392     -32.349067     -17.604141      -1.408503
      18.894832      31.388452       1.795689     -32.336344     -17.619046      -1.412477
      18.894827      31.384383       1.799987     -32.323625     -17.633939      -1.416455
      18.894822      31.380322       1.804288     -32.310912     -17.648821      -1.420436
      18.894815      31.376269       1.808591     -32.298202     -17.663692      -1.424422
      18.894808      31.372224       1.812897     -32.285497     -17.678551      -1.428411
      18.894799      31.368187       1.817204     -32.272797     -17.693400      -1.432405
      18.894789      31.364159       1.821514     -32.260101     -17.708237      -1.436403
      18.894778      31.360138       1.825826     -32.247409     -17.723063      -1.440404
      18.894766      31.356125       1.830140     -32.234722     -17.737878      -1.444410
      18.894753      31.352121       1.834456     -32.222039     -17.752682      -1.448420
      18.894738      31.348124       1.838775     -32.209361     -17.767474      -1.452433
      18.894723      31.344135       1.843096     -32.196687     -17.782256      -1.456451
      18.894707      31.340155       1.847419     -32.184018     -17.797026      -1.460473
      18.894689      31.336182       1.851744     -32.171352     -17.811786      -1.464499
      18.894670      31.332217       1.856072     -32.158692     -17.826534      -1.468528
      18.894650      31.328260       1.860402     -32.146035     -17.841271      -1.472562
      18.894629      31.324311       1.864734     -32.133383     -17.855997      -1.476600
      18.894607      31.320370       1.869069     -32.120735     -17.870712      -1.480642
      18.894584      31.316437       1.873406     -32.108092     -17.885416      -1.484688
      18.894559      31.312512       1.877745     -32.095452     -17.900109      -1.488738
      18.894533      31.308594       1.882086     -32.082817     -17.914791      -1.492792
      18.894507      31.304685       1.886430     -32.070186     -17.929462      -1.496850
      18.894479      31.300783       1.890776     -32.057560     -17.944121      -1.500912
      18.894450      31.296889       1.895124     -32.044938     -17.958770      -1.504978
      18.894419      31.293002       1.899475     -32.032320     -17.973408      -1.509049
      18.894388      31.289124       1.903828     -32.019706     -17.988035      -1.513123
      18.894355      31.285253       1.908183     -32.007096     -18.002651      -1.517201
      18.894322      31.281390       1.912541     -31.994491     -18.017256      -1.521284
      18.894287      31.277535       1.916901     -31.981889     -18.031849      -1.525370
      18.894250      31.273687       1.921264     -31.969292     -18.046432      -1.529461
      18.894213      31.269848       1.925628     -31.956699     -18.061004      -1.533556
      18.894175      31.266015       1.929996     -31.944110     -18.075565      -1.537654
      18.894135      31.262191       1.934365     -31.931526     -18.090115      -1.541757
      18.894094      31.258374       1.938737     -31.918945     -18.104655      -1.545864
      18.894052      31.254565       1.943111     -31.906368     -18.119183      -1.549975
      18.894009      31.250763       1.947488     -31.893796     -18.133700      -1.554091
      18.893964      31.246969       1.951867     -31.881228     -18.148207      -1.558210
      18.893918      31.243183       1.956249     -31.868663     -18.162702      -1.562333
      18.893871      31.239404       1.960633     -31.856103     -18.177187      -1.566461
      18.893823      31.235633       1.965019     -31.843547     -18.191661      -1.570592
      18.893774      31.231869       1.969408     -31.830994     -18.206123      -1.574728
      18.893723      31.228113       1.973800     -31.818446     -18.220576      -1.578868
      18.893671      31.224364       1.978193     -31.805902     -18.235017      -1.583012
      18.893618      31.220623       1.982589     -31.793362     -18.249447      -1.587160
      18.893564      31.216890       1.986988     -31.780825     -18.263867      -1.591312
      18.893508      31.213163       1.991389     -31.768293     -18.278275      -1.595469
      18.893452      31.209445       1.995793     -31.755765     -18.292673      -1.599629
      18.893394      31.205733       2.000199     -31.743240     -18.307060      -1.603794
      18.893334      31.202030       2.004607     -31.730720     -18.321437      -1.607963
      18.893274      31.198333       2.009018     -31.718203     -18.335802      -1.612136
      18.893212      31.194644       2.013432     -31.705690     -18.350157      -1.616313
      18.893149      31.190963       2.017848     -31.693182     -18.364501      -1.620494
      18.893085      31.187288       2.022267     -31.680677     -18.378834      -1.624679
      18.893019      31.183622       2.026688     -31.668176     -18.393157      -1.628869
      18.892952      31.179962       2.031111     -31.655678     -18.407468      -1.633063
      18.892884      31.176310       2.035537     -31.643185     -18.421769      -1.637261
      18.892815      31.172665       2.039966     -31.630695     -18.436059      -1.641463
      18.892744      31.169027       2.044397     -31.618210     -18.450339      -1.645669
      18.892672      31.165397       2.048831     -31.605728     -18.464608      -1.649880
      18.892599      31.161774       2.053267     -31.593250     -18.478866      -1.654094
      18.892525      31.158158       2.057706     -31.580775     -18.493113      -1.658313
      18.892449      31.154550       2.062148     -31.568305     -18.507350      -1.662536
      18.892372      31.150949       2.066592     -31.555838     -18.521576      -1.666764
      18.892293      31.147355       2.071038     -31.543375     -18.535791      -1.670995
      18.892214      31.143768       2.075488     -31.530915     -18.549996      -1.675231
      18.892133      31.140188       2.079939     -31.518460     -18.564190      -1.679471
      18.892051      31.136616       2.084394     -31.506008     -18.578373      -1.683715
      18.891967      31.133051       2.088851     -31.493560     -18.592546      -1.687963
      18.891882      31.129492       2.093310     -31.481115     -18.606708      -1.692216
      18.891796      31.125941       2.097773     -31.468674     -18.620859      -1.696472
      18.891708      31.122398       2.102238     -31.456237     -18.635000      -1.700733
      18.891620      31.118861       2.106705     -31.443804     -18.649130      -1.704999
      18.891529      31.115331       2.111175     -31.431374     -18.663250      -1.709268
      18.891438      31.111809       2.115648     -31.418948     -18.677359      -1.713542
      18.891345      31.108293       2.120124     -31.406525     -18.691458      -1.717820
      18.891251      31.104785       2.124602     -31.394106     -18.705545      -1.722102
      18.891155      31.101283       2.129082     -31.381691     -18.719623      -1.726388
      18.891059      31.097789       2.133566     -31.369279     -18.733689      -1.730679
      18.890960      31.094301       2.138052     -31.356871     -18.747746      -1.734974
      18.890861      31.090821       2.142541     -31.344466     -18.761791      -1.739273
      18.890760      31.087348       2.147032     -31.332065     -18.775826      -1.743577
      18.890658      31.083881       2.151527     -31.319667     -18.789851      -1.747885
      18.890554      31.080422       2.156024     -31.307273     -18.803865      -1.752197
      18.890449      31.076969       2.160523     -31.294883     -18.817868      -1.756513
      18.890343      31.073523       2.165026     -31.282496     -18.831861      -1.760834
      18.890235      31.070085       2.169531     -31.270112     -18.845844      -1.765159
      18.890126      31.066653       2.174039     -31.257732     -18.859816      -1.769488
      18.890016      31.063228       2.178549     -31.245356     -18.873777      -1.773822
      18.889904      31.059810       2.183063     -31.232983     -18.887728      -1.778159
      18.889791      31.056399       2.187579     -31.220613     -18.901669      -1.782502
      18.889677      31.052995       2.192098     -31.208247     -18.915599      -1.786848
      18.889561      31.049597       2.196619     -31.195885     -18.929518      -1.791199
      18.889443      31.046206       2.201144     -31.183525     -18.943427      -1.795554
      18.889325      31.042823       2.205671     -31.171169     -18.957326      -1.799913
      18.889205      31.039445       2.210201     -31.158817     -18.971214      -1.804277
      18.889083      31.036075       2.214734     -31.146468     -18.985092      -1.808645
      18.888960      31.032712       2.219269     -31.134122     -18.998960      -1.813017
      18.888836      31.029355       2.223808     -31.121780     -19.012817      -1.817394
      18.888711      31.026005       2.228349     -31.109441     -19.026663      -1.821775
      18.888583      31.022662       2.232893     -31.097106     -19.040499      -1.826161
      18.888455      31.019325       2.237440     -31.084773     -19.054325      -1.830551
      18.888325      31.015995       2.241989     -31.072445     -19.068141      -1.834945
      18.888194      31.012672       2.246542     -31.060119     -19.081946      -1.839343
      18.888061      31.009355       2.251097     -31.047797     -19.095740      -1.843746
      18.887927      31.006046       2.255656     -31.035478     -19.109525      -1.848153
      18.887792      31.002742       2.260217     -31.023162     -19.123299      -1.852565
      18.887655      30.999446       2.264781     -31.010850     -19.137062      -1.856981
      18.887516      30.996156       2.269348     -30.998541     -19.150815      -1.861401
      18.887376      30.992873       2.273918     -30.986235     -19.164558      -1.865826
      18.887235      30.989596       2.278490     -30.973932     -19.178291      -1.870255
      18.887093      30.986326       2.283066     -30.961633     -19.192013      -1.874689
      18.886948      30.983062       2.287644     -30.949337     -19.205725      -1.879127
      18.886803      30.979805       2.292226     -30.937044     -19.219427      -1.883569
      18.886656      30.976554       2.296810     -30.924754     -19.233118      -1.888016
      18.886507      30.973311       2.301397     -30.912468     -19.246799      -1.892467
      18.886358      30.970073       2.305987     -30.900185     -19.260470      -1.896923
      18.886206      30.966842       2.310581     -30.887905     -19.274131      -1.901383
      18.886053      30.963618       2.315177     -30.875628     -19.287781      -1.905847
      18.885899      30.960400       2.319776     -30.863354     -19.301421      -1.910316
      18.885744      30.957188       2.324378     -30.851083     -19.315050      -1.914789
      18.885586      30.953983       2.328983     -30.838816     -19.328670      -1.919267
      18.885428      30.950784       2.333591     -30.826552     -19.342279      -1.923749
      18.885268      30.947592       2.338202     -30.814290     -19.355878      -1.928236
      18.885106      30.944406       2.342815     -30.802032     -19.369467      -1.932727
      18.884943      30.941227       2.347432     -30.789777     -19.383045      -1.937223
      18.884778      30.938054       2.352052     -30.777525     -19.396614      -1.941723
      18.884612      30.934887       2.356675     -30.765277     -19.410172      -1.946227
      18.884445      30.931727       2.361301     -30.753031     -19.423720      -1.950736
      18.884276      30.928573       2.365930     -30.740788     -19.437257      -1.955250
      18.884106      30.925426       2.370562     -30.728549     -19.450785      -1.959768
      18.883934      30.922284       2.375197     -30.716312     -19.464302      -1.964290
      18.883760      30.919149       2.379835     -30.704078     -19.477809      -1.968817
      18.883585      30.916021       2.384477     -30.691848     -19.491306      -1.973349
      18.883409      30.912898       2.389121     -30.679620     -19.504793      -1.977885
      18.883231      30.909782       2.393768     -30.667396     -19.518269      -1.982425
      18.883051      30.906672       2.398418     -30.655174     -19.531736      -1.986970
      18.882871      30.903569       2.403072     -30.642956     -19.545192      -1.991519
      18.882688      30.900471       2.407728     -30.630740     -19.558639      -1.996073
      18.882504      30.897380       2.412388     -30.618528     -19.572075      -2.000632
      18.882319      30.894295       2.417051     -30.606318     -19.585501      -2.005195
      18.882132      30.891217       2.421717     -30.594112     -19.598916      -2.009762
      18.881943      30.888144       2.426386     -30.581908     -19.612322      -2.014335
      18.881753      30.885078       2.431058     -30.569707     -19.625718      -2.018911
      18.881562      30.882017       2.435733     -30.557509     -19.639103      -2.023492
      18.881369      30.878963       2.440411     -30.545314     -19.652479      -2.028078
      18.881174      30.875915       2.445093     -30.533122     -19.665844      -2.032669
      18.880978      30.872874       2.449778     -30.520933     -19.679199      -2.037263
      18.880780      30.869838       2.454466     -30.508747     -19.692544      -2.041863
      18.880581      30.866808       2.459157     -30.496563     -19.705880      -2.046467
      18.880380      30.863785       2.463851     -30.484383     -19.719205      -2.051076
      18.880178      30.860767       2.468548     -30.472205     -19.732520      -2.055689
      18.879974      30.857756       2.473249     -30.460030     -19.745825      -2.060307
      18.879769      30.854750       2.477953     -30.447858     -19.759119      -2.064929
      18.879562      30.851751       2.482660     -30.435689     -19.772404      -2.069556
      18.879354      30.848758       2.487370     -30.423523     -19.785679      -2.074187
      18.879144      30.845770       2.492083     -30.411360     -19.798944      -2.078824
      18.878932      30.842789       2.496800     -30.399199     -19.812199      -2.083464
      18.878719      30.839814       2.501520     -30.387041     -19.825444      -2.088110
      18.878504      30.836844       2.506243     -30.374886     -19.838678      -2.092760
      18.878288      30.833881       2.510969     -30.362733     -19.851903      -2.097415
      18.878070      30.830923       2.515699     -30.350584     -19.865118      -2.102074
      18.877851      30.827972       2.520432     -30.338437     -19.878323      -2.106738
      18.877630      30.825026       2.525168     -30.326293     -19.891518      -2.111406
      18.877407      30.822087       2.529908     -30.314152     -19.904703      -2.116080
      18.877183      30.819153       2.534651     -30.302013     -19.917877      -2.120758
      18.876957      30.816225       2.539397     -30.289877     -19.931042      -2.125440
      18.876730      30.813303       2.544146     -30.277744     -19.944197      -2.130127
      18.876501      30.810387       2.548899     -30.265614     -19.957342      -2.134819
      18.876271      30.807476       2.553655     -30.253486     -19.970477      -2.139516
      18.876039      30.804572       2.558414     -30.241361     -19.983603      -2.144217
      18.875805      30.801673       2.563177     -30.229238     -19.996718      -2.148923
      18.875570      30.798780       2.567943     -30.217119     -20.009823      -2.153634
      18.875333      30.795893       2.572712     -30.205002     -20.022918      -2.158349
      18.875095      30.793012       2.577485     -30.192887     -20.036004      -2.163069
      18.874855      30.790136       2.582261     -30.180776     -20.049079      -2.167794
      18.874613      30.787267       2.587040     -30.168666     -20.062145      -2.172523
      18.874370      30.784403       2.591823     -30.156560     -20.075201      -2.177257
      18.874125      30.781544       2.596609     -30.144456     -20.088247      -2.181996
      18.873879      30.778692       2.601399     -30.132355     -20.101283      -2.186740
      18.873631      30.775845       2.606192     -30.120256     -20.114309      -2.191488
      18.873381      30.773004       2.610989     -30.108160     -20.127325      -2.196241
      18.873130      30.770169       2.615788     -30.096067     -20.140331      -2.200999
      18.872877      30.767339       2.620592     -30.083976     -20.153328      -2.205762
      18.872623      30.764515       2.625398     -30.071888     -20.166314      -2.210529
      18.872366      30.761696       2.630209     -30.059802     -20.179291      -2.215301
      18.872109      30.758884       2.635022     -30.047719     -20.192258      -2.220078
      18.871849      30.756076       2.639839     -30.035638     -20.205215      -2.224860
      18.871588      30.753275       2.644660     -30.023560     -20.218162      -2.229646
      18.871326      30.750479       2.649484     -30.011484     -20.231100      -2.234437
      18.871061      30.747689       2.654311     -29.999411     -20.244027      -2.239233
      18.870796      30.744904       2.659142     -29.987341     -20.256945      -2.244034
      18.870528      30.742125       2.663977     -29.975273     -20.269853      -2.248840
      18.870259      30.739351       2.668815     -29.963207     -20.282751      -2.253650
      18.869988      30.736583       2.673656     -29.951144     -20.295640      -2.258465
      18.869716      30.733821       2.678501     -29.939083     -20.308518      -2.263285
      18.869441      30.731064       2.683350     -29.927025     -20.321387      -2.268110
      18.869166      30.728312       2.688202     -29.914970     -20.334246      -2.272940
      18.868888      30.725566       2.693057     -29.902916     -20.347095      -2.277774
      18.868609      30.722826       2.697916     -29.890866     -20.359935      -2.282614
      18.868328      30.720091       2.702779     -29.878817     -20.372764      -2.287458
      18.868046      30.717361       2.707645     -29.866771     -20.385584      -2.292307
      18.867762      30.714637       2.712515     -29.854728     -20.398394      -2.297161
      18.867476      30.711918       2.717389     -29.842687     -20.411195      -2.302019
      18.867189      30.709205       2.722266     -29.830648     -20.423985      -2.306883
      18.866900      30.706497       2.727146     -29.818612     -20.436766      -2.311751
      18.866609      30.703795       2.732030     -29.806578     -20.449537      -2.316625
      18.866317      30.701098       2.736918     -29.794546     -20.462299      -2.321503
      18.866023      30.698406       2.741810     -29.782517     -20.475050      -2.326386
      18.865727      30.695720       2.746705     -29.770491     -20.487792      -2.331274
      18.865429      30.693039       2.751604     -29.758466     -20.500525      -2.336167
      18.865130      30.690363       2.756506     -29.746444     -20.513247      -2.341065
      18.864829      30.687693       2.761412     -29.734425     -20.525960      -2.345968
      18.864527      30.685028       2.766322     -29.722407     -20.538663      -2.350876
      18.864223      30.682369       2.771235     -29.710392     -20.551357      -2.355788
      18.863917      30.679714       2.776152     -29.698379     -20.564040      -2.360706
      18.863609      30.677065       2.781073     -29.686369     -20.576715      -2.365628
      18.863300      30.674422       2.785997     -29.674361     -20.589379      -2.370556
      18.862989      30.671783       2.790925     -29.662355     -20.602034      -2.375488
      18.862676      30.669150       2.795857     -29.650352     -20.614679      -2.380425
      18.862362      30.666522       2.800792     -29.638350     -20.627314      -2.385368
      18.862046      30.663899       2.805732     -29.626351     -20.639940      -2.390315
      18.861728      30.661282       2.810675     -29.614355     -20.652556      -2.395267
      18.861409      30.658669       2.815621     -29.602360     -20.665162      -2.400224
      18.861088      30.656062       2.820572     -29.590368     -20.677759      -2.405187
      18.860765      30.653460       2.825526     -29.578378     -20.690346      -2.410154
      18.860440      30.650864       2.830484     -29.566390     -20.702924      -2.415126
      18.860114      30.648272       2.835446     -29.554405     -20.715491      -2.420103
      18.859786      30.645686       2.840412     -29.542422     -20.728050      -2.425085
      18.859456      30.643104       2.845381     -29.530441     -20.740598      -2.430073
      18.859124      30.640528       2.850354     -29.518462     -20.753137      -2.435065
      18.858791      30.637957       2.855331     -29.506485     -20.765667      -2.440062
      18.858456      30.635391       2.860312     -29.494511     -20.778186      -2.445064
      18.858120      30.632830       2.865296     -29.482538     -20.790697      -2.450072
      18.857781      30.630275       2.870285     -29.470568     -20.803197      -2.455084
      18.857441      30.627724       2.875277     -29.458600     -20.815688      -2.460102
      18.857099      30.625178       2.880273     -29.446634     -20.828170      -2.465124
      18.856755      30.622638       2.885273     -29.434671     -20.840641      -2.470152
      18.856410      30.620102       2.890277     -29.422709     -20.853104      -2.475184
      18.856063      30.617571       2.895285     -29.410750     -20.865556      -2.480222
      18.855714      30.615046       2.900296     -29.398793     -20.877999      -2.485265
      18.855364      30.612525       2.905312     -29.386838     -20.890433      -2.490313
      18.855011      30.610010       2.910331     -29.374885     -20.902857      -2.495366
      18.854657      30.607499       2.915355     -29.362934     -20.915271      -2.500424
      18.854301      30.604994       2.920382     -29.350985     -20.927676      -2.505487
      18.853944      30.602493       2.925413     -29.339038     -20.940072      -2.510556
      18.853584      30.599998       2.930448     -29.327094     -20.952457      -2.515629
      18.853223      30.597507       2.935487     -29.315151     -20.964834      -2.520708
      18.852860      30.595021       2.940530     -29.303211     -20.977200      -2.525791
      18.852496      30.592540       2.945577     -29.291272     -20.989557      -2.530880
      18.852129      30.590064       2.950628     -29.279336     -21.001905      -2.535974
      18.851761      30.587593       2.955683     -29.267402     -21.014243      -2.541073
      18.851391      30.585127       2.960742     -29.255470     -21.026572      -2.546178
      18.851019      30.582665       2.965804     -29.243539     -21.038891      -2.551287
      18.850646      30.580209       2.970871     -29.231611     -21.051200      -2.556402
      18.850271      30.577757       2.975942     -29.219685     -21.063501      -2.561522
      18.849894      30.575310       2.981017     -29.207761     -21.075791      -2.566647
      18.849515      30.572868       2.986096     -29.195839     -21.088072      -2.571777
      18.849134      30.570431       2.991179     -29.183919     -21.100344      -2.576913
      18.848752      30.567999       2.996266     -29.172000     -21.112606      -2.582053
      18.848368      30.565571       3.001357     -29.160084     -21.124859      -2.587199
      18.847982      30.563148       3.006452     -29.148170     -21.137102      -2.592350
      18.847594      30.560730       3.011551     -29.136258     -21.149336      -2.597507
      18.847204      30.558317       3.016655     -29.124348     -21.161560      -2.602668
      18.846813      30.555908       3.021762     -29.112439     -21.173775      -2.607835
      18.846420      30.553504       3.026873     -29.100533     -21.185980      -2.613007
      18.846025      30.551105       3.031989     -29.088629     -21.198176      -2.618185
      18.845628      30.548711       3.037109     -29.076726     -21.210362      -2.623367
      18.845229      30.546321       3.042232     -29.064826     -21.222539      -2.628555
      18.844829      30.543936       3.047360     -29.052927     -21.234707      -2.633748
      18.844427      30.541556       3.052492     -29.041031     -21.246865      -2.638947
      18.844023      30.539180       3.057629     -29.029136     -21.259013      -2.644150
      18.843617      30.536809       3.062769     -29.017243     -21.271153      -2.649359
      18.843210      30.534443       3.067914     -29.005352     -21.283282      -2.654574
      18.842800      30.532081       3.073062     -28.993463     -21.295403      -2.659793
      18.842389      30.529724       3.078215     -28.981576     -21.307514      -2.665018
      18.841976      30.527371       3.083372     -28.969690     -21.319615      -2.670249
      18.841561      30.525023       3.088534     -28.957807     -21.331707      -2.675484
      18.841144      30.522680       3.093699     -28.945925     -21.343790      -2.680725
      18.840726      30.520341       3.098869     -28.934046     -21.355863      -2.685972
      18.840306      30.518007       3.104043     -28.922168     -21.367927      -2.691223
      18.839883      30.515678       3.109221     -28.910292     -21.379982      -2.696480
      18.839459      30.513353       3.114404     -28.898418     -21.392027      -2.701743
      18.839034      30.511032       3.119590     -28.886545     -21.404062      -2.707011
      18.838606      30.508716       3.124781     -28.874675     -21.416089      -2.712284
      18.838176      30.506404       3.129977     -28.862806     -21.428106      -2.717562
      18.837745      30.504097       3.135176     -28.850939     -21.440113      -2.722846
      18.837312      30.501795       3.140380     -28.839074     -21.452112      -2.728136
      18.836877      30.499497       3.145588     -28.827211     -21.464100      -2.733430
      18.836440      30.497203       3.150801     -28.815349     -21.476080      -2.738731
      18.836001      30.494914       3.156017     -28.803489     -21.488050      -2.744036
      18.835561      30.492630       3.161238     -28.791631     -21.500011      -2.749347
      18.835118      30.490349       3.166464     -28.779775     -21.511962      -2.754664
      18.834674      30.488073       3.171694     -28.767921     -21.523904      -2.759986
      18.834228      30.485802       3.176928     -28.756068     -21.535837      -2.765313
      18.833780      30.483535       3.182166     -28.744217     -21.547760      -2.770646
      18.833330      30.481272       3.187409     -28.732368     -21.559674      -2.775984
      18.832879      30.479014       3.192657     -28.720520     -21.571579      -2.781328
      18.832425      30.476760       3.197908     -28.708675     -21.583474      -2.786677
      18.831970      30.474511       3.203164     -28.696831     -21.595360      -2.792032
      18.831512      30.472266       3.208425     -28.684988     -21.607237      -2.797392
      18.831053      30.470025       3.213690     -28.673148     -21.619105      -2.802758
      18.830592      30.467788       3.218959     -28.661309     -21.630963      -2.808130
      18.830129      30.465556       3.224233     -28.649472     -21.642811      -2.813506
      18.829664      30.463328       3.229511     -28.637636     -21.654651      -2.818889
      18.829198      30.461105       3.234794     -28.625802     -21.666481      -2.824277
      18.828729      30.458885       3.240081     -28.613970     -21.678302      -2.829670
      18.828259      30.456670       3.245373     -28.602140     -21.690113      -2.835069
      18.827787      30.454460       3.250669     -28.590311     -21.701915      -2.840474
      18.827313      30.452253       3.255970     -28.578484     -21.713708      -2.845884
      18.826836      30.450051       3.261275     -28.566658     -21.725492      -2.851300
      18.826359      30.447853       3.266584     -28.554835     -21.737266      -2.856721
      18.825879      30.445659       3.271899     -28.543012     -21.749031      -2.862148
      18.825397      30.443469       3.277217     -28.531192     -21.760787      -2.867580
      18.824913      30.441284       3.282541     -28.519373     -21.772534      -2.873018
      18.824428      30.439103       3.287868     -28.507556     -21.784271      -2.878462
      18.823941      30.436926       3.293201     -28.495740     -21.795999      -2.883912
      18.823451      30.434753       3.298538     -28.483926     -21.807718      -2.889367
      18.822960      30.432584       3.303879     -28.472113     -21.819427      -2.894827
      18.822467      30.430419       3.309226     -28.460303     -21.831127      -2.900293
      18.821972      30.428259       3.314576     -28.448493     -21.842818      -2.905765
      18.821475      30.426102       3.319932     -28.436685     -21.854500      -2.911243
      18.820976      30.423950       3.325292     -28.424879     -21.866172      -2.916726
      18.820475      30.421802       3.330656     -28.413075     -21.877835      -2.922215
      18.819973      30.419658       3.336026     -28.401272     -21.889489      -2.927710
      18.819468      30.417518       3.341400     -28.389470     -21.901134      -2.933210
      18.818962      30.415382       3.346778     -28.377671     -21.912769      -2.938716
      18.818453      30.413250       3.352162     -28.365872     -21.924395      -2.944228
      18.817943      30.411122       3.357550     -28.354075     -21.936012      -2.949745
      18.817431      30.408999       3.362942     -28.342280     -21.947620      -2.955268
      18.816917      30.406879       3.368340     -28.330486     -21.959219      -2.960797
      18.816401      30.404763       3.373742     -28.318694     -21.970808      -2.966332
      18.815883      30.402651       3.379148     -28.306903     -21.982388      -2.971872
      18.815363      30.400544       3.384560     -28.295114     -21.993959      -2.977419
      18.814841      30.398440       3.389976     -28.283327     -22.005520      -2.982971
      18.814317      30.396340       3.395397     -28.271540     -22.017073      -2.988528
      18.813791      30.394244       3.400823     -28.259756     -22.028616      -2.994092
      18.813264      30.392152       3.406254     -28.247973     -22.040150      -2.999661
      18.812734      30.390064       3.411689     -28.236191     -22.051675      -3.005236
      18.812202      30.387980       3.417129     -28.224411     -22.063190      -3.010817
      18.811669      30.385900       3.422574     -28.212632     -22.074696      -3.016404
      18.811134      30.383824       3.428024     -28.200855     -22.086194      -3.021996
      18.810596      30.381751       3.433478     -28.189079     -22.097682      -3.027595
      18.810057      30.379683       3.438938     -28.177304     -22.109160      -3.033199
      18.809516      30.377618       3.444402     -28.165531     -22.120630      -3.038809
      18.808972      30.375558       3.449871     -28.153760     -22.132090      -3.044425
      18.808427      30.373501       3.455345     -28.141990     -22.143542      -3.050047
      18.807880      30.371448       3.460824     -28.130221     -22.154984      -3.055674
      18.807331      30.369399       3.466307     -28.118454     -22.166416      -3.061308
      18.806780      30.367353       3.471796     -28.106688     -22.177840      -3.066947
      18.806227      30.365312       3.477290     -28.094924     -22.189255      -3.072593
      18.805672      30.363274       3.482788     -28.083161     -22.200660      -3.078244
      18.805115      30.361240       3.488291     -28.071399     -22.212056      -3.083901
      18.804556      30.359210       3.493800     -28.059639     -22.223443      -3.089564
      18.803995      30.357183       3.499313     -28.047880     -22.234821      -3.095234
      18.803432      30.355161       3.504831     -28.036122     -22.246189      -3.100909
      18.802867      30.353142       3.510354     -28.024366     -22.257549      -3.106589
      18.802300      30.351126       3.515882     -28.012612     -22.268899      -3.112276
      18.801732      30.349115       3.521416     -28.000858     -22.280241      -3.117969
      18.801161      30.347107       3.526954     -27.989106     -22.291573      -3.123668
      18.800588      30.345103       3.532497     -27.977356     -22.302895      -3.129373
      18.800013      30.343103       3.538045     -27.965606     -22.314209      -3.135084
      18.799437      30.341106       3.543598     -27.953858     -22.325514      -3.140801
      18.798858      30.339113       3.549156     -27.942112     -22.336809      -3.146524
      18.798277      30.337124       3.554720     -27.930367     -22.348096      -3.152253
      18.797695      30.335138       3.560288     -27.918623     -22.359373      -3.157988
      18.797110      30.333156       3.565861     -27.906880     -22.370641      -3.163729
      18.796523      30.331177       3.571440     -27.895139     -22.381900      -3.169476
      18.795935      30.329203       3.577023     -27.883399     -22.393149      -3.175229
      18.795344      30.327231       3.582612     -27.871660     -22.404390      -3.180988
      18.794751      30.325264       3.588206     -27.859922     -22.415622      -3.186753
      18.794157      30.323300       3.593805     -27.848186     -22.426844      -3.192525
      18.793560      30.321339       3.599409     -27.836451     -22.438057      -3.198302
      18.792961      30.319382       3.605018     -27.824718     -22.449261      -3.204086
      18.792361      30.317429       3.610632     -27.812985     -22.460456      -3.209875
      18.791758      30.315479       3.616252     -27.801254     -22.471642      -3.215671
      18.791153      30.313533       3.621877     -27.789525     -22.482819      -3.221473
      18.790547      30.311590       3.627506     -27.777796     -22.493987      -3.227281
      18.789938      30.309651       3.633141     -27.766069     -22.505145      -3.233095
      18.789327      30.307715       3.638782     -27.754343     -22.516295      -3.238916
      18.788715      30.305783       3.644427     -27.742618     -22.527435      -3.244742
      18.788100      30.303854       3.650078     -27.730894     -22.538567      -3.250575
      18.787483      30.301929       3.655734     -27.719172     -22.549689      -3.256414
      18.786864      30.300007       3.661395     -27.707451     -22.560802      -3.262259
      18.786243      30.298089       3.667062     -27.695731     -22.571906      -3.268110
      18.785620      30.296174       3.672734     -27.684012     -22.583001      -3.273968
      18.784996      30.294262       3.678411     -27.672295     -22.594086      -3.279832
      18.784369      30.292354       3.684093     -27.660578     -22.605163      -3.285702
      18.783740      30.290449       3.689781     -27.648863     -22.616231      -3.291578
      18.783109      30.288548       3.695474     -27.637149     -22.627289      -3.297460
      18.782476      30.286650       3.701172     -27.625437     -22.638339      -3.303349
      18.781841      30.284755       3.706876     -27.613725     -22.649379      -3.309244
      18.781203      30.282864       3.712585     -27.602015     -22.660410      -3.315146
      18.780564      30.280976       3.718299     -27.590305     -22.671432      -3.321053
      18.779923      30.279092       3.724019     -27.578597     -22.682445      -3.326967
      18.779280      30.277210       3.729744     -27.566890     -22.693449      -3.332888
      18.778635      30.275333       3.735475     -27.555185     -22.704444      -3.338814
      18.777987      30.273458       3.741211     -27.543480     -22.715430      -3.344747
      18.777338      30.271587       3.746952     -27.531777     -22.726407      -3.350686
      18.776686      30.269719       3.752699     -27.520074     -22.737375      -3.356632
      18.776033      30.267854       3.758452     -27.508373     -22.748333      -3.362584
      18.775377      30.265993       3.764209     -27.496673     -22.759283      -3.368542
      18.774720      30.264134       3.769973     -27.484974     -22.770223      -3.374507
      18.774060      30.262279       3.775741     -27.473276     -22.781155      -3.380478
      18.773398      30.260428       3.781515     -27.461579     -22.792077      -3.386456
      18.772734      30.258579       3.787295     -27.449884     -22.802990      -3.392440
      18.772069      30.256734       3.793080     -27.438189     -22.813895      -3.398430
      18.771401      30.254892       3.798871     -27.426496     -22.824790      -3.404427
      18.770731      30.253053       3.804667     -27.414803     -22.835676      -3.410430
      18.770059      30.251217       3.810469     -27.403112     -22.846553      -3.416440
      18.769384      30.249385       3.816277     -27.391422     -22.857421      -3.422456
      18.768708      30.247555       3.822090     -27.379732     -22.868280      -3.428478
      18.768030      30.245729       3.827908     -27.368044     -22.879130      -3.434507
      18.767349      30.243906       3.833732     -27.356357     -22.889970      -3.440543
      18.766667      30.242086       3.839562     -27.344671     -22.900802      -3.446585
      18.765982      30.240269       3.845397     -27.332986     -22.911625      -3.452634
      18.765296      30.238455       3.851238     -27.321302     -22.922439      -3.458689
      18.764607      30.236645       3.857085     -27.309620     -22.933243      -3.464751
      18.763916      30.234837       3.862937     -27.297938     -22.944039      -3.470819
      18.763223      30.233033       3.868795     -27.286257     -22.954825      -3.476894
      18.762528      30.231231       3.874659     -27.274577     -22.965603      -3.482975
      18.761831      30.229433       3.880528     -27.262898     -22.976371      -3.489063
      18.761132      30.227638       3.886403     -27.251221     -22.987131      -3.495157
      18.760431      30.225845       3.892284     -27.239544     -22.997881      -3.501258
      18.759727      30.224056       3.898171     -27.227868     -23.008622      -3.507366
      18.759022      30.222270       3.904063     -27.216193     -23.019355      -3.513480
      18.758314      30.220487       3.909961     -27.204520     -23.030078      -3.519601
      18.757604      30.218706       3.915865     -27.192847     -23.040792      -3.525729
      18.756892      30.216929       3.921774     -27.181175     -23.051497      -3.531863
      18.756179      30.215155       3.927689     -27.169504     -23.062193      -3.538004
      18.755462      30.213383       3.933611     -27.157834     -23.072881      -3.544152
      18.754744      30.211615       3.939537     -27.146165     -23.083559      -3.550306
      18.754024      30.209849       3.945470     -27.134497     -23.094228      -3.556467
      18.753302      30.208087       3.951409     -27.122830     -23.104888      -3.562634
      18.752577      30.206327       3.957353     -27.111164     -23.115539      -3.568809
      18.751850      30.204570       3.963303     -27.099499     -23.126181      -3.574990
      18.751122      30.202816       3.969260     -27.087835     -23.136813      -3.581178
      18.750391      30.201065       3.975222     -27.076172     -23.147437      -3.587372
      18.749658      30.199317       3.981190     -27.064510     -23.158052      -3.593573
      18.748922      30.197572       3.987163     -27.052848     -23.168658      -3.599782
      18.748185      30.195830       3.993143     -27.041188     -23.179255      -3.605996
      18.747446      30.194090       3.999129     -27.029528     -23.189843      -3.612218
      18.746704      30.192353       4.005121     -27.017870     -23.200421      -3.618446
      18.745960      30.190619       4.011118     -27.006212     -23.210991      -3.624682
      18.745215      30.188888       4.017122     -26.994555     -23.221552      -3.630924
      18.744467      30.187160       4.023131     -26.982899     -23.232103      -3.637173
      18.743717      30.185435       4.029147     -26.971244     -23.242646      -3.643428
      18.742964      30.183712       4.035168     -26.959590     -23.253180      -3.649691
      18.742210      30.181992       4.041196     -26.947937     -23.263704      -3.655961
      18.741453      30.180274       4.047230     -26.936284     -23.274220      -3.662237
      18.740695      30.178560       4.053269     -26.924633     -23.284727      -3.668520
      18.739934      30.176848       4.059315     -26.912982     -23.295224      -3.674810
      18.739171      30.175139       4.065367     -26.901332     -23.305713      -3.681107
      18.738405      30.173433       4.071425     -26.889683     -23.316192      -3.687411
      18.737638      30.171729       4.077489     -26.878035     -23.326663      -3.693722
      18.736869      30.170028       4.083559     -26.866387     -23.337124      -3.700040
      18.736097      30.168330       4.089635     -26.854741     -23.347577      -3.706365
      18.735323      30.166634       4.095718     -26.843095     -23.358020      -3.712697
      18.734547      30.164941       4.101806     -26.831451     -23.368454      -3.719035
      18.733769      30.163251       4.107901     -26.819807     -23.378880      -3.725381
      18.732988      30.161563       4.114002     -26.808163     -23.389296      -3.731734
      18.732206      30.159878       4.120109     -26.796521     -23.399704      -3.738094
      18.731421      30.158196       4.126222     -26.784879     -23.410102      -3.744461
      18.730634      30.156516       4.132341     -26.773239     -23.420491      -3.750834
      18.729845      30.154839       4.138467     -26.761599     -23.430872      -3.757215
      18.729054      30.153164       4.144599     -26.749959     -23.441243      -3.763603
      18.728261      30.151492       4.150737     -26.738321     -23.451605      -3.769998
      18.727465      30.149822       4.156882     -26.726683     -23.461958      -3.776400
      18.726667      30.148155       4.163033     -26.715047     -23.472303      -3.782810
      18.725867      30.146491       4.169190     -26.703411     -23.482638      -3.789226
      18.725065      30.144829       4.175353     -26.691775     -23.492964      -3.795649
      18.724261      30.143170       4.181523     -26.680141     -23.503281      -3.802080
      18.723454      30.141513       4.187699     -26.668507     -23.513589      -3.808518
      18.722645      30.139858       4.193881     -26.656874     -23.523889      -3.814962
      18.721834      30.138206       4.200070     -26.645242     -23.534179      -3.821414
      18.721021      30.136557       4.206265     -26.633610     -23.544460      -3.827874
      18.720206      30.134910       4.212466     -26.621979     -23.554732      -3.834340
      18.719388      30.133265       4.218674     -26.610349     -23.564995      -3.840814
      18.718568      30.131623       4.224888     -26.598720     -23.575249      -3.847295
      18.717746      30.129983       4.231109     -26.587091     -23.585494      -3.853783
      18.716922      30.128346       4.237336     -26.575463     -23.595730      -3.860278
      18.716096      30.126711       4.243570     -26.563836     -23.605957      -3.866780
      18.715267      30.125079       4.249810     -26.552209     -23.616175      -3.873290
      18.714436      30.123448       4.256057     -26.540584     -23.626384      -3.879807
      18.713603      30.121821       4.262310     -26.528958     -23.636584      -3.886332
      18.712768      30.120195       4.268569     -26.517334     -23.646775      -3.892863
      18.711930      30.118572       4.274835     -26.505710     -23.656957      -3.899402
      18.711091      30.116952       4.281108     -26.494087     -23.667130      -3.905949
      18.710249      30.115333       4.287387     -26.482465     -23.677294      -3.912502
      18.709404      30.113717       4.293673     -26.470843     -23.687449      -3.919064
      18.708558      30.112103       4.299965     -26.459222     -23.697595      -3.925632
      18.707709      30.110492       4.306264     -26.447602     -23.707732      -3.932208
      18.706858      30.108883       4.312570     -26.435982     -23.717859      -3.938791
      18.706005      30.107276       4.318882     -26.424363     -23.727978      -3.945381
      18.705150      30.105671       4.325201     -26.412745     -23.738088      -3.951979
      18.704292      30.104069       4.331526     -26.401127     -23.748189      -3.958585
      18.703432      30.102469       4.337859     -26.389510     -23.758281      -3.965198
      18.702570      30.100871       4.344197     -26.377893     -23.768363      -3.971818
      18.701706      30.099275       4.350543     -26.366277     -23.778437      -3.978446
      18.700839      30.097682       4.356895     -26.354662     -23.788502      -3.985081
      18.699970      30.096090       4.363254     -26.343047     -23.798557      -3.991724
      18.699099      30.094501       4.369620     -26.331433     -23.808604      -3.998374
      18.698226      30.092914       4.375992     -26.319820     -23.818641      -4.005032
      18.697350      30.091329       4.382371     -26.308207     -23.828670      -4.011697
      18.696472      30.089747       4.388757     -26.296595     -23.838689      -4.018370
      18.695592      30.088166       4.395150     -26.284983     -23.848700      -4.025050
      18.694710      30.086588       4.401550     -26.273372     -23.858701      -4.031738
      18.693825      30.085012       4.407956     -26.261762     -23.868694      -4.038434
      18.692938      30.083438       4.414369     -26.250152     -23.878677      -4.045137
      18.692049      30.081866       4.420789     -26.238543     -23.888651      -4.051848
      18.691157      30.080296       4.427216     -26.226934     -23.898617      -4.058566
      18.690263      30.078728       4.433650     -26.215326     -23.908573      -4.065292
      18.689367      30.077162       4.440091     -26.203718     -23.918520      -4.072026
      18.688469      30.075598       4.446538     -26.192111     -23.928458      -4.078767
      18.687568      30.074036       4.452993     -26.180505     -23.938388      -4.085516
      18.686665      30.072477       4.459454     -26.168899     -23.948308      -4.092273
      18.685760      30.070919       4.465923     -26.157293     -23.958219      -4.099037
      18.684852      30.069363       4.472398     -26.145688     -23.968121      -4.105809
      18.683943      30.067809       4.478881     -26.134084     -23.978014      -4.112589
      18.683031      30.066258       4.485370     -26.122480     -23.987898      -4.119377
      18.682116      30.064708       4.491866     -26.110877     -23.997773      -4.126172
      18.681199      30.063160       4.498370     -26.099274     -24.007638      -4.132975
      18.680280      30.061614       4.504880     -26.087672     -24.017495      -4.139786
      18.679359      30.060070       4.511398     -26.076070     -24.027343      -4.146605
      18.678435      30.058528       4.517922     -26.064469     -24.037182      -4.153431
      18.677510      30.056988       4.524454     -26.052868     -24.047011      -4.160266
      18.676581      30.055450       4.530993     -26.041268     -24.056832      -4.167108
      18.675651      30.053914       4.537539     -26.029668     -24.066643      -4.173958
      18.674718      30.052380       4.544092     -26.018069     -24.076446      -4.180816
      18.673783      30.050847       4.550652     -26.006470     -24.086239      -4.187682
      18.672845      30.049316       4.557219     -25.994872     -24.096024      -4.194555
      18.671905      30.047787       4.563794     -25.983274     -24.105799      -4.201437
      18.670963      30.046260       4.570376     -25.971676     -24.115565      -4.208326
      18.670019      30.044735       4.576965     -25.960079     -24.125322      -4.215224
      18.669072      30.043212       4.583561     -25.948483     -24.135070      -4.222129
      18.668123      30.041690       4.590164     -25.936887     -24.144809      -4.229043
      18.667172      30.040171       4.596775     -25.925291     -24.154539      -4.235964
      18.666218      30.038653       4.603393     -25.913696     -24.164260      -4.242893
      18.665262      30.037136       4.610018     -25.902101     -24.173972      -4.249831
      18.664303      30.035622       4.616651     -25.890507     -24.183675      -4.256776
      18.663342      30.034109       4.623291     -25.878913     -24.193368      -4.263730
      18.662379      30.032598       4.629938     -25.867320     -24.203053      -4.270691
      18.661414      30.031089       4.636592     -25.855727     -24.212728      -4.277661
      18.660446      30.029581       4.643254     -25.844134     -24.222395      -4.284638
      18.659476      30.028075       4.649924     -25.832542     -24.232052      -4.291624
      18.658503      30.026571       4.656600     -25.820950     -24.241700      -4.298618
      18.657528      30.025069       4.663284     -25.809358     -24.251340      -4.305620
      18.656551      30.023568       4.669976     -25.797767     -24.260970      -4.312630
      18.655572      30.022068       4.676675     -25.786177     -24.270591      -4.319648
      18.654590      30.020571       4.683381     -25.774586     -24.280202      -4.326675
      18.653605      30.019075       4.690095     -25.762997     -24.289805      -4.333709
      18.652618      30.017581       4.696817     -25.751407     -24.299399      -4.340752
      18.651629      30.016088       4.703546     -25.739818     -24.308984      -4.347803
      18.650638      30.014597       4.710282     -25.728229     -24.318559      -4.354862
      18.649644      30.013107       4.717026     -25.716641     -24.328125      -4.361930
      18.648648      30.011619       4.723778     -25.705053     -24.337683      -4.369006
      18.647649      30.010133       4.730537     -25.693465     -24.347231      -4.376090
      18.646648      30.008648       4.737304     -25.681877     -24.356770      -4.383182
      18.645645      30.007164       4.744078     -25.670290     -24.366300      -4.390283
      18.644639      30.005682       4.750860     -25.658704     -24.375821      -4.397391
      18.643631      30.004202       4.757650     -25.647117     -24.385332      -4.404509
      18.642621      30.002723       4.764447     -25.635531     -24.394835      -4.411634
      18.641608      30.001246       4.771252     -25.623946     -24.404328      -4.418768
      18.640593      29.999770       4.778065     -25.612360     -24.413813      -4.425911
      18.639575      29.998295       4.784885     -25.600775     -24.423288      -4.433062
      18.638555      29.996822       4.791713     -25.589190     -24.432754      -4.440221
      18.637532      29.995351       4.798549     -25.577606     -24.442211      -4.447388
      18.636508      29.993881       4.805392     -25.566021     -24.451659      -4.454564
      18.635480      29.992412       4.812244     -25.554438     -24.461097      -4.461749
      18.634451      29.990945       4.819103     -25.542854     -24.470527      -4.468942
      18.633418      29.989479       4.825970     -25.531271     -24.479947      -4.476143
      18.632384      29.988014       4.832845     -25.519688     -24.489358      -4.483353
      18.631347      29.986551       4.839727     -25.508105     -24.498760      -4.490572
      18.630308      29.985089       4.846618     -25.496522     -24.508153      -4.497799
      18.629266      29.983629       4.853516     -25.484940     -24.517537      -4.505034
      18.628222      29.982169       4.860422     -25.473358     -24.526912      -4.512279
      18.627175      29.980712       4.867336     -25.461776     -24.536277      -4.519531
      18.626126      29.979255       4.874258     -25.450195     -24.545634      -4.526793
      18.625074      29.977800       4.881188     -25.438613     -24.554981      -4.534063
      18.624020      29.976346       4.888126     -25.427032     -24.564319      -4.541341
      18.622964      29.974893       4.895072     -25.415452     -24.573647      -4.548629
      18.621905      29.973442       4.902026     -25.403871     -24.582967      -4.555924
      18.620844      29.971991       4.908988     -25.392291     -24.592277      -4.563229
      18.619780      29.970542       4.915958     -25.380711     -24.601579      -4.570542
      18.618714      29.969095       4.922936     -25.369131     -24.610871      -4.577864
      18.617645      29.967648       4.929923     -25.357551     -24.620154      -4.585195
      18.616574      29.966203       4.936917     -25.345971     -24.629427      -4.592534
      18.615501      29.964758       4.943919     -25.334392     -24.638692      -4.599883
      18.614425      29.963315       4.950930     -25.322813     -24.647947      -4.607240
      18.613347      29.961873       4.957948     -25.311234     -24.657193      -4.614606
      18.612266      29.960433       4.964975     -25.299655     -24.666430      -4.621980
      18.611182      29.958993       4.972010     -25.288077     -24.675658      -4.629364
      18.610096      29.957555       4.979053     -25.276499     -24.684876      -4.636756
      18.609008      29.956117       4.986104     -25.264920     -24.694085      -4.644157
      18.607917      29.954681       4.993164     -25.253342     -24.703286      -4.651567
      18.606824      29.953246       5.000231     -25.241764     -24.712476      -4.658986
      18.605728      29.951812       5.007307     -25.230187     -24.721658      -4.666414
      18.604630      29.950379       5.014392     -25.218609     -24.730830      -4.673851
      18.603530      29.948947       5.021484     -25.207032     -24.739993      -4.681296
      18.602426      29.947516       5.028585     -25.195455     -24.749147      -4.688751
      18.601321      29.946086       5.035695     -25.183877     -24.758292      -4.696215
      18.600213      29.944657       5.042812     -25.172300     -24.767427      -4.703687
      18.599102      29.943229       5.049938     -25.160724     -24.776554      -4.711169
      18.597989      29.941802       5.057073     -25.149147     -24.785671      -4.718660
      18.596873      29.940376       5.064215     -25.137570     -24.794778      -4.726159
      18.595755      29.938951       5.071367     -25.125994     -24.803877      -4.733668
      18.594634      29.937527       5.078526     -25.114417     -24.812966      -4.741186
      18.593511      29.936103       5.085694     -25.102841     -24.822046      -4.748713
      18.592386      29.934681       5.092871     -25.091265     -24.831116      -4.756249
      18.591257      29.933260       5.100056     -25.079689     -24.840178      -4.763794
      18.590127      29.931839       5.107250     -25.068113     -24.849230      -4.771349
      18.588994      29.930420       5.114452     -25.056537     -24.858273      -4.778912
      18.587858      29.929001       5.121662     -25.044961     -24.867306      -4.786485
      18.586720      29.927583       5.128882     -25.033385     -24.876330      -4.794067
      18.585579      29.926166       5.136110     -25.021810     -24.885345      -4.801658
      18.584435      29.924750       5.143346     -25.010234     -24.894351      -4.809259
      18.583290      29.923335       5.150591     -24.998658     -24.903347      -4.816868
      18.582141      29.921920       5.157845     -24.987083     -24.912334      -4.824487
      18.580990      29.920506       5.165108     -24.975507     -24.921312      -4.832116
      18.579837      29.919093       5.172379     -24.963932     -24.930281      -4.839753
      18.578681      29.917681       5.179659     -24.952357     -24.939240      -4.847400
      18.577522      29.916270       5.186947     -24.940781     -24.948189      -4.855056
      18.576361      29.914859       5.194244     -24.929206     -24.957130      -4.862722
      18.575198      29.913449       5.201551     -24.917631     -24.966061      -4.870397
      18.574031      29.912040       5.208865     -24.906055     -24.974983      -4.878081
      18.572863      29.910631       5.216189     -24.894480     -24.983895      -4.885775
      18.571691      29.909223       5.223522     -24.882905     -24.992798      -4.893478
      18.570517      29.907816       5.230863     -24.871330     -25.001692      -4.901191
      18.569341      29.906409       5.238213     -24.859754     -25.010576      -4.908913
      18.568162      29.905003       5.245572     -24.848179     -25.019451      -4.916645
      18.566980      29.903598       5.252940     -24.836604     -25.028317      -4.924386
      18.565796      29.902193       5.260317     -24.825029     -25.037173      -4.932137
      18.564609      29.900789       5.267703     -24.813453     -25.046020      -4.939897
      18.563420      29.899386       5.275098     -24.801878     -25.054858      -4.947667
      18.562228      29.897983       5.282502     -24.790303     -25.063686      -4.955447
      18.561034      29.896580       5.289915     -24.778727     -25.072505      -4.963236
      18.559837      29.895179       5.297336     -24.767152     -25.081314      -4.971034
      18.558637      29.893777       5.304767     -24.755577     -25.090114      -4.978843
      18.557435      29.892377       5.312207     -24.744001     -25.098905      -4.986661
      18.556230      29.890977       5.319656     -24.732426     -25.107686      -4.994488
      18.555022      29.889577       5.327114     -24.720850     -25.116458      -5.002326
      18.553812      29.888178       5.334582     -24.709274     -25.125220      -5.010173
      18.552599      29.886779       5.342058     -24.697699     -25.133973      -5.018030
      18.551384      29.885381       5.349544     -24.686123     -25.142717      -5.025896
      18.550166      29.883983       5.357038     -24.674547     -25.151451      -5.033773
      18.548946      29.882585       5.364542     -24.662971     -25.160176      -5.041659
      18.547723      29.881188       5.372055     -24.651395     -25.168891      -5.049555
      18.546497      29.879792       5.379578     -24.639819     -25.177597      -5.057461
      18.545268      29.878396       5.387109     -24.628243     -25.186293      -5.065376
      18.544037      29.877000       5.394650     -24.616666     -25.194980      -5.073302
      18.542804      29.875604       5.402201     -24.605090     -25.203657      -5.081237
      18.541567      29.874209       5.409760     -24.593513     -25.212325      -5.089183
      18.540328      29.872815       5.417329     -24.581937     -25.220984      -5.097138
      18.539087      29.871420       5.424908     -24.570360     -25.229633      -5.105103
      18.537843      29.870026       5.432495     -24.558783     -25.238272      -5.113078
      18.536596      29.868632       5.440092     -24.547206     -25.246902      -5.121064
      18.535346      29.867239       5.447699     -24.535629     -25.255523      -5.129059
      18.534094      29.865845       5.455315     -24.524051     -25.264134      -5.137064
      18.532839      29.864452       5.462941     -24.512474     -25.272735      -5.145079
      18.531582      29.863059       5.470575     -24.500896     -25.281327      -5.153105
      18.530322      29.861667       5.478220     -24.489319     -25.289909      -5.161140
      18.529059      29.860275       5.485874     -24.477741     -25.298482      -5.169186
      18.527793      29.858882       5.493538     -24.466163     -25.307046      -5.177242
      18.526525      29.857490       5.501211     -24.454584     -25.315600      -5.185308
      18.525254      29.856099       5.508894     -24.443006     -25.324144      -5.193384
      18.523981      29.854707       5.516586     -24.431427     -25.332679      -5.201470
      18.522704      29.853315       5.524288     -24.419848     -25.341204      -5.209566
      18.521426      29.851924       5.532000     -24.408269     -25.349720      -5.217673
      18.520144      29.850533       5.539721     -24.396690     -25.358226      -5.225790
      18.518860      29.849142       5.547452     -24.385111     -25.366722      -5.233917
      18.517573      29.847751       5.555193     -24.373531     -25.375209      -5.242055
      18.516283      29.846360       5.562944     -24.361951     -25.383687      -5.250203
      18.514991      29.844969       5.570704     -24.350371     -25.392154      -5.258361
      18.513696      29.843578       5.578474     -24.338791     -25.400612      -5.266530
      18.512398      29.842187       5.586254     -24.327210     -25.409061      -5.274709
      18.511097      29.840796       5.594044     -24.315629     -25.417500      -5.282898
      18.509794      29.839405       5.601844     -24.304048     -25.425929      -5.291098
      18.508488      29.838014       5.609654     -24.292467     -25.434349      -5.299308
      18.507179      29.836623       5.617473     -24.280886     -25.442759      -5.307529
      18.505868      29.835232       5.625303     -24.269304     -25.451159      -5.315760
      18.504554      29.833841       5.633142     -24.257722     -25.459550      -5.324002
      18.503237      29.832450       5.640991     -24.246140     -25.467931      -5.332254
      18.501917      29.831059       5.648851     -24.234557     -25.476303      -5.340517
      18.500595      29.829667       5.656720     -24.222974     -25.484665      -5.348790
      18.499270      29.828276       5.664600     -24.211391     -25.493017      -5.357074
      18.497942      29.826884       5.672489     -24.199808     -25.501359      -5.365369
      18.496612      29.825493       5.680389     -24.188224     -25.509692      -5.373674
      18.495278      29.824101       5.688299     -24.176640     -25.518015      -5.381990
      18.493942      29.822709       5.696218     -24.165056     -25.526328      -5.390317
      18.492603      29.821316       5.704148     -24.153471     -25.534632      -5.398654
      18.491262      29.819924       5.712089     -24.141886     -25.542926      -5.407002
      18.489917      29.818531       5.720039     -24.130301     -25.551210      -5.415361
      18.488570      29.817138       5.728000     -24.118716     -25.559485      -5.423730
      18.487220      29.815745       5.735971     -24.107130     -25.567749      -5.432111
      18.485867      29.814352       5.743952     -24.095544     -25.576004      -5.440502
      18.484512      29.812958       5.751943     -24.083957     -25.584250      -5.448904
      18.483154      29.811564       5.759945     -24.072370     -25.592485      -5.457317
      18.481793      29.810170       5.767957     -24.060783     -25.600711      -5.465741
      18.480429      29.808775       5.775980     -24.049195     -25.608927      -5.474175
      18.479062      29.807380       5.784013     -24.037607     -25.617133      -5.482621
      18.477693      29.805984       5.792056     -24.026019     -25.625329      -5.491077
      18.476320      29.804589       5.800110     -24.014430     -25.633516      -5.499545
      18.474945      29.803192       5.808174     -24.002841     -25.641693      -5.508024
      18.473567      29.801796       5.816249     -23.991252     -25.649860      -5.516513
      18.472187      29.800399       5.824334     -23.979662     -25.658017      -5.525014
      18.470803      29.799001       5.832430     -23.968072     -25.666164      -5.533525
      18.469417      29.797604       5.840536     -23.956481     -25.674302      -5.542048
      18.468027      29.796205       5.848653     -23.944890     -25.682429      -5.550582
      18.466635      29.794806       5.856781     -23.933299     -25.690547      -5.559127
      18.465241      29.793407       5.864919     -23.921707     -25.698655      -5.567683
      18.463843      29.792007       5.873068     -23.910114     -25.706753      -5.576250
      18.462442      29.790607       5.881227     -23.898522     -25.714841      -5.584829
      18.461039      29.789206       5.889397     -23.886929     -25.722920      -5.593419
      18.459633      29.787804       5.897578     -23.875335     -25.730988      -5.602020
      18.458224      29.786402       5.905770     -23.863741     -25.739047      -5.610632
      18.456812      29.784999       5.913973     -23.852147     -25.747095      -5.619256
      18.455397      29.783596       5.922186     -23.840552     -25.755134      -5.627891
      18.453979      29.782192       5.930410     -23.828956     -25.763163      -5.636537
      18.452559      29.780788       5.938645     -23.817360     -25.771182      -5.645195
      18.451135      29.779382       5.946891     -23.805764     -25.779191      -5.653864
      18.449709      29.777977       5.955148     -23.794167     -25.787190      -5.662544
      18.448280      29.776570       5.963415     -23.782570     -25.795179      -5.671236
      18.446848      29.775163       5.971694     -23.770972     -25.803158      -5.679939
      18.445413      29.773755       5.979984     -23.759374     -25.811127      -5.688654
      18.443975      29.772346       5.988284     -23.747775     -25.819086      -5.697381
      18.442534      29.770936       5.996596     -23.736176     -25.827035      -5.706119
      18.441091      29.769526       6.004919     -23.724576     -25.834974      -5.714868
      18.439644      29.768115       6.013253     -23.712976     -25.842903      -5.723629
      18.438195      29.766703       6.021598     -23.701375     -25.850822      -5.732402
      18.436742      29.765290       6.029954     -23.689774     -25.858731      -5.741186
      18.435287      29.763877       6.038321     -23.678172     -25.866630      -5.749982
      18.433829      29.762462       6.046699     -23.666570     -25.874519      -5.758790
      18.432367      29.761047       6.055089     -23.654967     -25.882398      -5.767610
      18.430903      29.759631       6.063490     -23.643363     -25.890267      -5.776441
      18.429436      29.758214       6.071902     -23.631759     -25.898125      -5.785284
      18.427966      29.756796       6.080325     -23.620155     -25.905974      -5.794138
      18.426494      29.755377       6.088760     -23.608550     -25.913812      -5.803005
      18.425018      29.753957       6.097206     -23.596944     -25.921641      -5.811883
      18.423539      29.752536       6.105664     -23.585338     -25.929459      -5.820774
      18.422057      29.751114       6.114132     -23.573731     -25.937267      -5.829676
      18.420572      29.749692       6.122613     -23.562123     -25.945065      -5.838590
      18.419085      29.748268       6.131104     -23.550515     -25.952853      -5.847516
      18.417594      29.746843       6.139608     -23.538906     -25.960631      -5.856454
      18.416100      29.745417       6.148122     -23.527297     -25.968399      -5.865404
      18.414604      29.743990       6.156649     -23.515687     -25.976156      -5.874366
      18.413104      29.742562       6.165186     -23.504077     -25.983903      -5.883340
      18.411602      29.741132       6.173736     -23.492466     -25.991641      -5.892326
      18.410096      29.739702       6.182297     -23.480854     -25.999367      -5.901324
      18.408588      29.738270       6.190869     -23.469241     -26.007084      -5.910334
      18.407076      29.736838       6.199454     -23.457628     -26.014790      -5.919357
      18.405562      29.735404       6.208049     -23.446015     -26.022487      -5.928391
      18.404044      29.733969       6.216657     -23.434400     -26.030173      -5.937438
      18.402523      29.732532       6.225277     -23.422785     -26.037848      -5.946497
      18.401000      29.731095       6.233908     -23.411170     -26.045514      -5.955569
      18.399473      29.729656       6.242551     -23.399553     -26.053169      -5.964652
      18.397944      29.728216       6.251206     -23.387936     -26.060814      -5.973748
      18.396411      29.726775       6.259872     -23.376319     -26.068448      -5.982857
      18.394875      29.725332       6.268551     -23.364700     -26.076073      -5.991977
      18.393336      29.723888       6.277241     -23.353081     -26.083686      -6.001110
      18.391795      29.722443       6.285944     -23.341461     -26.091290      -6.010256
      18.390250      29.720996       6.294658     -23.329841     -26.098883      -6.019414
      18.388702      29.719548       6.303385     -23.318220     -26.106466      -6.028584
      18.387151      29.718099       6.312123     -23.306598     -26.114039      -6.037767
      18.385597      29.716648       6.320873     -23.294975     -26.121601      -6.046962
      18.384040      29.715196       6.329636     -23.283352     -26.129153      -6.056170
      18.382480      29.713742       6.338411     -23.271728     -26.136694      -6.065391
      18.380916      29.712287       6.347198     -23.260103     -26.144225      -6.074624
      18.379350      29.710830       6.355996     -23.248477     -26.151746      -6.083869
      18.377781      29.709372       6.364808     -23.236851     -26.159256      -6.093128
      18.376208      29.707913       6.373631     -23.225224     -26.166756      -6.102399
      18.374633      29.706452       6.382467     -23.213596     -26.174245      -6.111683
      18.373054      29.704989       6.391315     -23.201967     -26.181724      -6.120979
      18.371472      29.703524       6.400175     -23.190337     -26.189192      -6.130289
      18.369887      29.702059       6.409047     -23.178707     -26.196650      -6.139611
      18.368299      29.700591       6.417932     -23.167076     -26.204098      -6.148946
      18.366708      29.699122       6.426830     -23.155444     -26.211534      -6.158294
      18.365114      29.697651       6.435739     -23.143812     -26.218961      -6.167655
      18.363516      29.696179       6.444662     -23.132178     -26.226377      -6.177028
      18.361916      29.694704       6.453596     -23.120544     -26.233782      -6.186415
      18.360312      29.693229       6.462544     -23.108909     -26.241177      -6.195814
      18.358705      29.691751       6.471503     -23.097273     -26.248561      -6.205227
      18.357095      29.690272       6.480476     -23.085636     -26.255934      -6.214653
      18.355482      29.688790       6.489461     -23.073998     -26.263297      -6.224091
      18.353866      29.687308       6.498458     -23.062360     -26.270650      -6.233543
      18.352246      29.685823       6.507469     -23.050721     -26.277991      -6.243008
      18.350624      29.684336       6.516492     -23.039080     -26.285322      -6.252486
      18.348998      29.682848       6.525527     -23.027439     -26.292643      -6.261977
      18.347369      29.681358       6.534576     -23.015797     -26.299953      -6.271482
      18.345737      29.679866       6.543637     -23.004154     -26.307252      -6.280999
      18.344101      29.678372       6.552711     -22.992511     -26.314540      -6.290530
      18.342463      29.676876       6.561798     -22.980866     -26.321818      -6.300074
      18.340821      29.675378       6.570898     -22.969221     -26.329085      -6.309632
      18.339176      29.673878       6.580010     -22.957574     -26.336341      -6.319203
      18.337528      29.672376       6.589136     -22.945927     -26.343587      -6.328787
      18.335876      29.670873       6.598275     -22.934278     -26.350822      -6.338385
      18.334222      29.669367       6.607426     -22.922629     -26.358046      -6.347996
      18.332564      29.667859       6.616591     -22.910979     -26.365259      -6.357621
      18.330903      29.666349       6.625768     -22.899328     -26.372462      -6.367259
      18.329238      29.664837       6.634959     -22.887676     -26.379654      -6.376910
      18.327571      29.663323       6.644163     -22.876023     -26.386835      -6.386576
      18.325900      29.661807       6.653380     -22.864369     -26.394005      -6.396255
      18.324226      29.660288       6.662611     -22.852714     -26.401164      -6.405947
      18.322548      29.658768       6.671854     -22.841058     -26.408313      -6.415653
      18.320868      29.657245       6.681111     -22.829401     -26.415450      -6.425373
      18.319184      29.655720       6.690381     -22.817743     -26.422577      -6.435106
      18.317497      29.654193       6.699664     -22.806084     -26.429693      -6.444854
      18.315806      29.652664       6.708961     -22.794424     -26.436798      -6.454615
      18.314113      29.651132       6.718271     -22.782764     -26.443892      -6.464390
      18.312416      29.649599       6.727594     -22.771102     -26.450975      -6.474178
      18.310715      29.648062       6.736931     -22.759439     -26.458047      -6.483981
      18.309012      29.646524       6.746282     -22.747775     -26.465108      -6.493798
      18.307305      29.644983       6.755646     -22.736110     -26.472158      -6.503628
      18.305594      29.643440       6.765023     -22.724444     -26.479197      -6.513472
      18.303881      29.641894       6.774414     -22.712776     -26.486225      -6.523331
      18.302164      29.640346       6.783819     -22.701108     -26.493242      -6.533203
      18.300444      29.638796       6.793237     -22.689439     -26.500248      -6.543090
      18.298720      29.637243       6.802669     -22.677769     -26.507243      -6.552990
      18.296993      29.635687       6.812115     -22.666097     -26.514227      -6.562905
      18.295263      29.634130       6.821574     -22.654425     -26.521200      -6.572834
      18.293529      29.632569       6.831048     -22.642751     -26.528162      -6.582777
      18.291792      29.631006       6.840535     -22.631077     -26.535113      -6.592735
      18.290052      29.629441       6.850036     -22.619401     -26.542052      -6.602706
      18.288308      29.627873       6.859550     -22.607724     -26.548981      -6.612692
      18.286561      29.626302       6.869079     -22.596046     -26.555898      -6.622692
      18.284810      29.624729       6.878621     -22.584367     -26.562804      -6.632707
      18.283056      29.623153       6.888178     -22.572686     -26.569699      -6.642736
      18.281299      29.621574       6.897749     -22.561005     -26.576583      -6.652779
      18.279538      29.619993       6.907333     -22.549322     -26.583455      -6.662837
      18.277774      29.618409       6.916932     -22.537638     -26.590317      -6.672910
      18.276006      29.616822       6.926545     -22.525953     -26.597167      -6.682997
      18.274235      29.615233       6.936172     -22.514267     -26.604005      -6.693098
      18.272461      29.613641       6.945813     -22.502580     -26.610833      -6.703214
      18.270683      29.612046       6.955468     -22.490892     -26.617649      -6.713345
      18.268902      29.610448       6.965138     -22.479202     -26.624454      -6.723490
      18.267117      29.608847       6.974822     -22.467511     -26.631247      -6.733650
      18.265329      29.607243       6.984520     -22.455819     -26.638030      -6.743825
      18.263537      29.605637       6.994233     -22.444125     -26.644800      -6.754014
      18.261742      29.604028       7.003960     -22.432431     -26.651560      -6.764219
      18.259943      29.602415       7.013701     -22.420735     -26.658308      -6.774438
      18.258141      29.600800       7.023457     -22.409038     -26.665045      -6.784672
      18.256336      29.599182       7.033227     -22.397340     -26.671770      -6.794921
      18.254527      29.597560       7.043012     -22.385640     -26.678484      -6.805185
      18.252714      29.595936       7.052812     -22.373939     -26.685186      -6.815464
      18.250898      29.594309       7.062626     -22.362237     -26.691877      -6.825757
      18.249078      29.592678       7.072454     -22.350534     -26.698556      -6.836066
      18.247255      29.591045       7.082298     -22.338829     -26.705224      -6.846390
      18.245429      29.589408       7.092156     -22.327123     -26.711880      -6.856729
      18.243598      29.587768       7.102029     -22.315416     -26.718525      -6.867084
      18.241765      29.586125       7.111916     -22.303708     -26.725158      -6.877453
      18.239927      29.584479       7.121819     -22.291998     -26.731780      -6.887838
      18.238086      29.582830       7.131736     -22.280286     -26.738390      -6.898237
      18.236242      29.581177       7.141668     -22.268574     -26.744988      -6.908653
      18.234394      29.579521       7.151615     -22.256860     -26.751575      -6.919083
      18.232543      29.577862       7.161577     -22.245145     -26.758150      -6.929529
      18.230687      29.576199       7.171555     -22.233428     -26.764714      -6.939990
      18.228829      29.574534       7.181547     -22.221710     -26.771265      -6.950467
      18.226966      29.572864       7.191554     -22.209991     -26.777805      -6.960959
      18.225101      29.571192       7.201576     -22.198270     -26.784334      -6.971466
      18.223231      29.569516       7.211614     -22.186548     -26.790850      -6.981990
      18.221358      29.567836       7.221666     -22.174824     -26.797355      -6.992528
      18.219481      29.566153       7.231734     -22.163099     -26.803848      -7.003083
      18.217601      29.564467       7.241818     -22.151373     -26.810329      -7.013653
      18.215717      29.562777       7.251916     -22.139645     -26.816799      -7.024239
      18.213829      29.561084       7.262030     -22.127916     -26.823256      -7.034840
      18.211938      29.559387       7.272159     -22.116185     -26.829702      -7.045457
      18.210043      29.557686       7.282304     -22.104453     -26.836136      -7.056090
      18.208144      29.555982       7.292464     -22.092720     -26.842558      -7.066739
      18.206242      29.554274       7.302639     -22.080985     -26.848968      -7.077404
      18.204336      29.552563       7.312830     -22.069248     -26.855366      -7.088084
      18.202426      29.550848       7.323037     -22.057510     -26.861752      -7.098781
      18.200513      29.549129       7.333259     -22.045771     -26.868127      -7.109494
      18.198596      29.547406       7.343497     -22.034030     -26.874489      -7.120222
      18.196675      29.545680       7.353751     -22.022287     -26.880839      -7.130967
      18.194751      29.543950       7.364020     -22.010543     -26.887177      -7.141728
      18.192822      29.542216       7.374306     -21.998798     -26.893503      -7.152504
      18.190890      29.540478       7.384607     -21.987051     -26.899817      -7.163298
      18.188955      29.538736       7.394923     -21.975302     -26.906119      -7.174107
      18.187015      29.536990       7.405256     -21.963552     -26.912409      -7.184932
      18.185072      29.535241       7.415605     -21.951800     -26.918687      -7.195774
      18.183125      29.533487       7.425969     -21.940047     -26.924953      -7.206633
      18.181174      29.531730       7.436350     -21.928292     -26.931206      -7.217507
      18.179220      29.529969       7.446746     -21.916535     -26.937447      -7.228398
      18.177262      29.528203       7.457159     -21.904777     -26.943676      -7.239306
      18.175299      29.526434       7.467588     -21.893018     -26.949893      -7.250230
      18.173334      29.524660       7.478033     -21.881257     -26.956098      -7.261170
      18.171364      29.522882       7.488494     -21.869494     -26.962290      -7.272127
      18.169390      29.521100       7.498972     -21.857729     -26.968470      -7.283101
      18.167413      29.519314       7.509465     -21.845963     -26.974638      -7.294091
      18.165432      29.517524       7.519975     -21.834195     -26.980793      -7.305098
      18.163447      29.515730       7.530502     -21.822426     -26.986936      -7.316122
      18.161458      29.513931       7.541045     -21.810655     -26.993067      -7.327162
      18.159465      29.512128       7.551604     -21.798882     -26.999185      -7.338220
      18.157469      29.510321       7.562180     -21.787107     -27.005291      -7.349294
      18.155468      29.508510       7.572772     -21.775331     -27.011384      -7.360385
      18.153464      29.506694       7.583381     -21.763553     -27.017465      -7.371493
      18.151456      29.504873       7.594007     -21.751774     -27.023533      -7.382618
      18.149443      29.503049       7.604649     -21.739992     -27.029589      -7.393760
      18.147427      29.501220       7.615308     -21.728209     -27.035632      -7.404919
      18.145407      29.499386       7.625984     -21.716424     -27.041663      -7.416095
      18.143384      29.497548       7.636676     -21.704638     -27.047681      -7.427289
      18.141356      29.495705       7.647385     -21.692850     -27.053687      -7.438499
      18.139324      29.493858       7.658112     -21.681059     -27.059680      -7.449727
      18.137288      29.492006       7.668855     -21.669268     -27.065660      -7.460972
      18.135249      29.490150       7.679615     -21.657474     -27.071628      -7.472234
      18.133205      29.488289       7.690392     -21.645679     -27.077583      -7.483514
      18.131157      29.486423       7.701186     -21.633881     -27.083525      -7.494811
      18.129106      29.484553       7.711997     -21.622082     -27.089455      -7.506126
      18.127050      29.482678       7.722825     -21.610281     -27.095371      -7.517458
      18.124991      29.480798       7.733671     -21.598479     -27.101275      -7.528807
      18.122927      29.478913       7.744534     -21.586674     -27.107166      -7.540174
      18.120860      29.477024       7.755414     -21.574868     -27.113045      -7.551559
      18.118788      29.475129       7.766311     -21.563059     -27.118910      -7.562961
      18.116712      29.473230       7.777226     -21.551249     -27.124763      -7.574381
      18.114633      29.471326       7.788158     -21.539437     -27.130602      -7.585819
      18.112549      29.469417       7.799107     -21.527623     -27.136429      -7.597275
      18.110461      29.467503       7.810074     -21.515807     -27.142243      -7.608748
      18.108369      29.465584       7.821059     -21.503990     -27.148044      -7.620239
      18.106273      29.463660       7.832061     -21.492170     -27.153831      -7.631749
      18.104173      29.461731       7.843080     -21.480348     -27.159606      -7.643276
      18.102069      29.459797       7.854118     -21.468525     -27.165368      -7.654821
      18.099961      29.457857       7.865173     -21.456699     -27.171116      -7.666384
      18.097848      29.455913       7.876246     -21.444872     -27.176852      -7.677965
      18.095732      29.453963       7.887336     -21.433042     -27.182574      -7.689565
      18.093611      29.452008       7.898445     -21.421211     -27.188283      -7.701182
      18.091486      29.450048       7.909571     -21.409377     -27.193980      -7.712818
      18.089357      29.448083       7.920715     -21.397542     -27.199662      -7.724472
      18.087224      29.446112       7.931878     -21.385704     -27.205332      -7.736145
      18.085087      29.444136       7.943058     -21.373865     -27.210988      -7.747836
      18.082946      29.442155       7.954257     -21.362023     -27.216631      -7.759545
      18.080800      29.440168       7.965473     -21.350180     -27.222261      -7.771273
      18.078650      29.438176       7.976708     -21.338334     -27.227877      -7.783019
      18.076496      29.436178       7.987961     -21.326486     -27.233480      -7.794783
      18.074338      29.434175       7.999232     -21.314637     -27.239070      -7.806567
      18.072175      29.432166       8.010521     -21.302785     -27.244646      -7.818369
      18.070008      29.430152       8.021829     -21.290931     -27.250209      -7.830189
      18.067837      29.428132       8.033156     -21.279075     -27.255758      -7.842029
      18.065662      29.426106       8.044500     -21.267216     -27.261294      -7.853887
      18.063482      29.424075       8.055864     -21.255356     -27.266816      -7.865764
      18.061299      29.422038       8.067245     -21.243494     -27.272325      -7.877660
      18.059110      29.419996       8.078646     -21.231629     -27.277820      -7.889574
      18.056918      29.417947       8.090065     -21.219762     -27.283302      -7.901508
      18.054721      29.415893       8.101502     -21.207893     -27.288770      -7.913461
      18.052520      29.413833       8.112959     -21.196022     -27.294224      -7.925433
      18.050315      29.411767       8.124434     -21.184149     -27.299664      -7.937424
      18.048105      29.409695       8.135928     -21.172273     -27.305091      -7.949434
      18.045891      29.407618       8.147441     -21.160395     -27.310504      -7.961463
      18.043672      29.405534       8.158973     -21.148515     -27.315904      -7.973512
      18.041450      29.403444       8.170524     -21.136633     -27.321289      -7.985579
      18.039222      29.401348       8.182094     -21.124748     -27.326661      -7.997667
      18.036991      29.399247       8.193683     -21.112861     -27.332018      -8.009773
      18.034755      29.397139       8.205291     -21.100972     -27.337362      -8.021899
      18.032514      29.395025       8.216919     -21.089081     -27.342692      -8.034045
      18.030269      29.392904       8.228565     -21.077187     -27.348008      -8.046210
      18.028020      29.390778       8.240231     -21.065291     -27.353310      -8.058395
      18.025766      29.388645       8.251916     -21.053393     -27.358598      -8.070599
      18.023508      29.386506       8.263621     -21.041492     -27.363872      -8.082823
      18.021245      29.384361       8.275345     -21.029589     -27.369132      -8.095067
      18.018978      29.382209       8.287088     -21.017684     -27.374378      -8.107330
      18.016706      29.380051       8.298852     -21.005776     -27.379609      -8.119614
      18.014430      29.377887       8.310634     -20.993866     -27.384827      -8.131917
      18.012150      29.375716       8.322437     -20.981953     -27.390030      -8.144241
      18.009864      29.373539       8.334259     -20.970038     -27.395219      -8.156584
      18.007575      29.371355       8.346100     -20.958121     -27.400394      -8.168947
      18.005280      29.369164       8.357962     -20.946201     -27.405554      -8.181331
      18.002981      29.366967       8.369843     -20.934279     -27.410700      -8.193734
      18.000678      29.364763       8.381744     -20.922354     -27.415832      -8.206158
      17.998370      29.362553       8.393666     -20.910427     -27.420949      -8.218602
      17.996057      29.360335       8.405607     -20.898497     -27.426052      -8.231066
      17.993740      29.358112       8.417568     -20.886565     -27.431141      -8.243551
      17.991418      29.355881       8.429550     -20.874630     -27.436215      -8.256056
      17.989092      29.353643       8.441551     -20.862693     -27.441274      -8.268582
      17.986761      29.351399       8.453573     -20.850753     -27.446319      -8.281128
      17.984425      29.349147       8.465615     -20.838811     -27.451350      -8.293695
      17.982085      29.346889       8.477678     -20.826866     -27.456366      -8.306282
      17.979739      29.344624       8.489760     -20.814919     -27.461367      -8.318890
      17.977390      29.342352       8.501864     -20.802969     -27.466353      -8.331519
      17.975035      29.340072       8.513987     -20.791016     -27.471325      -8.344168
      17.972676      29.337786       8.526132     -20.779061     -27.476282      -8.356839
      17.970312      29.335492       8.538296     -20.767103     -27.481224      -8.369530
      17.967943      29.333191       8.550482     -20.755142     -27.486152      -8.382242
      17.965570      29.330883       8.562688     -20.743179     -27.491064      -8.394975
      17.963192      29.328568       8.574915     -20.731213     -27.495962      -8.407729
      17.960809      29.326245       8.587163     -20.719245     -27.500845      -8.420505
      17.958421      29.323915       8.599431     -20.707274     -27.505712      -8.433301
      17.956028      29.321578       8.611721     -20.695300     -27.510565      -8.446119
      17.953631      29.319233       8.624031     -20.683323     -27.515403      -8.458958
      17.951229      29.316881       8.636363     -20.671344     -27.520226      -8.471818
      17.948822      29.314521       8.648716     -20.659362     -27.525033      -8.484700
      17.946410      29.312154       8.661089     -20.647377     -27.529826      -8.497603
      17.943993      29.309779       8.673484     -20.635390     -27.534603      -8.510527
      17.941572      29.307397       8.685901     -20.623399     -27.539365      -8.523473
      17.939145      29.305007       8.698338     -20.611406     -27.544112      -8.536441
      17.936714      29.302609       8.710797     -20.599410     -27.548844      -8.549430
      17.934277      29.300203       8.723278     -20.587412     -27.553560      -8.562441
      17.931836      29.297790       8.735779     -20.575410     -27.558261      -8.575474
      17.929390      29.295369       8.748303     -20.563406     -27.562947      -8.588529
      17.926939      29.292940       8.760848     -20.551398     -27.567617      -8.601606
      17.924483      29.290503       8.773415     -20.539388     -27.572272      -8.614704
      17.922021      29.288058       8.786003     -20.527375     -27.576911      -8.627825
      17.919555      29.285605       8.798613     -20.515359     -27.581535      -8.640967
      17.917084      29.283144       8.811245     -20.503340     -27.586143      -8.654132
      17.914608      29.280675       8.823899     -20.491318     -27.590736      -8.667319
      17.912127      29.278198       8.836575     -20.479293     -27.595312      -8.680528
      17.909641      29.275712       8.849273     -20.467266     -27.599874      -8.693759
      17.907149      29.273219       8.861993     -20.455235     -27.604419      -8.707013
      17.904653      29.270717       8.874735     -20.443201     -27.608949      -8.720289
      17.902152      29.268207       8.887499     -20.431164     -27.613463      -8.733587
      17.899645      29.265688       8.900286     -20.419124     -27.617961      -8.746908
      17.897133      29.263161       8.913094     -20.407082     -27.622443      -8.760252
      17.894617      29.260626       8.925926     -20.395036     -27.626909      -8.773618
      17.892095      29.258082       8.938779     -20.382987     -27.631360      -8.787007
      17.889568      29.255529       8.951655     -20.370935     -27.635794      -8.800419
      17.887035      29.252968       8.964554     -20.358880     -27.640212      -8.813854
      17.884498      29.250399       8.977475     -20.346821     -27.644615      -8.827311
      17.881955      29.247821       8.990419     -20.334760     -27.649001      -8.840792
      17.879407      29.245234       9.003386     -20.322695     -27.653371      -8.854295
      17.876854      29.242638       9.016375     -20.310628     -27.657724      -8.867821
      17.874296      29.240033       9.029387     -20.298557     -27.662062      -8.881371
      17.871732      29.237420       9.042423     -20.286483     -27.666383      -8.894944
      17.869163      29.234798       9.055481     -20.274406     -27.670688      -8.908540
      17.866589      29.232166       9.068562     -20.262325     -27.674976      -8.922159
      17.864009      29.229526       9.081666     -20.250241     -27.679248      -8.935802
      17.861424      29.226877       9.094794     -20.238154     -27.683504      -8.949468
      17.858834      29.224218       9.107945     -20.226064     -27.687743      -8.963157
      17.856239      29.221551       9.121119     -20.213971     -27.691966      -8.976870
      17.853638      29.218874       9.134316     -20.201874     -27.696172      -8.990607
      17.851031      29.216188       9.147537     -20.189774     -27.700361      -9.004368
      17.848420      29.213493       9.160781     -20.177670     -27.704534      -9.018152
      17.845802      29.210788       9.174049     -20.165563     -27.708690      -9.031960
      17.843180      29.208074       9.187340     -20.153453     -27.712829      -9.045791
      17.840552      29.205351       9.200656     -20.141339     -27.716952      -9.059647
      17.837918      29.202618       9.213994     -20.129222     -27.721058      -9.073527
      17.835279      29.199876       9.227357     -20.117102     -27.725146      -9.087431
      17.832635      29.197124       9.240744     -20.104978     -27.729218      -9.101359
      17.829985      29.194362       9.254154     -20.092851     -27.733273      -9.115311
      17.827329      29.191591       9.267588     -20.080720     -27.737311      -9.129287
      17.824668      29.188810       9.281047     -20.068586     -27.741331      -9.143288
      17.822002      29.186019       9.294530     -20.056448     -27.745335      -9.157313
      17.819330      29.183219       9.308036     -20.044307     -27.749322      -9.171362
      17.816652      29.180408       9.321568     -20.032162     -27.753291      -9.185436
      17.813968      29.177588       9.335123     -20.020014     -27.757243      -9.199535
      17.811279      29.174757       9.348703     -20.007862     -27.761178      -9.213658
      17.808585      29.171917       9.362307     -19.995706     -27.765095      -9.227806
      17.805884      29.169066       9.375936     -19.983547     -27.768995      -9.241979
      17.803178      29.166206       9.389589     -19.971385     -27.772877      -9.256177
      17.800467      29.163335       9.403267     -19.959218     -27.776742      -9.270399
      17.797749      29.160454       9.416970     -19.947048     -27.780590      -9.284646
      17.795026      29.157562       9.430698     -19.934875     -27.784420      -9.298919
      17.792297      29.154660       9.444450     -19.922697     -27.788232      -9.313217
      17.789563      29.151748       9.458228     -19.910516     -27.792027      -9.327539
      17.786822      29.148826       9.472030     -19.898331     -27.795804      -9.341887
      17.784076      29.145892       9.485858     -19.886143     -27.799563      -9.356261
      17.781324      29.142949       9.499710     -19.873950     -27.803304      -9.370659
      17.778566      29.139994       9.513588     -19.861754     -27.807027      -9.385084
      17.775802      29.137029       9.527491     -19.849554     -27.810733      -9.399533
      17.773033      29.134053       9.541420     -19.837351     -27.814420      -9.414009
      17.770257      29.131067       9.555373     -19.825143     -27.818090      -9.428509
      17.767476      29.128070       9.569353     -19.812932     -27.821741      -9.443036
      17.764689      29.125061       9.583358     -19.800716     -27.825374      -9.457589
      17.761895      29.122042       9.597388     -19.788497     -27.828989      -9.472167
      17.759096      29.119012       9.611444     -19.776274     -27.832586      -9.486771
      17.756291      29.115970       9.625527     -19.764047     -27.836165      -9.501401
      17.753480      29.112918       9.639634     -19.751816     -27.839725      -9.516058
      17.750663      29.109854       9.653768     -19.739581     -27.843266      -9.530740
      17.747839      29.106779       9.667928     -19.727342     -27.846790      -9.545449
      17.745010      29.103693       9.682114     -19.715099     -27.850295      -9.560184
      17.742175      29.100595       9.696326     -19.702852     -27.853781      -9.574945
      17.739333      29.097486       9.710564     -19.690601     -27.857249      -9.589733
      17.736486      29.094366       9.724828     -19.678346     -27.860698      -9.604547
      17.733632      29.091234       9.739119     -19.666087     -27.864128      -9.619388
      17.730772      29.088090       9.753436     -19.653823     -27.867539      -9.634256
      17.727906      29.084935       9.767780     -19.641556     -27.870932      -9.649150
      17.725034      29.081768       9.782150     -19.629284     -27.874306      -9.664071
      17.722156      29.078589       9.796547     -19.617008     -27.877661      -9.679019
      17.719271      29.075399       9.810971     -19.604729     -27.880997      -9.693994
      17.716380      29.072196       9.825421     -19.592444     -27.884314      -9.708996
      17.713483      29.068982       9.839898     -19.580156     -27.887611      -9.724025
      17.710580      29.065755       9.854403     -19.567863     -27.890890      -9.739081
      17.707670      29.062517       9.868934     -19.555566     -27.894149      -9.754164
      17.704754      29.059266       9.883492     -19.543265     -27.897389      -9.769275
      17.701831      29.056003       9.898078     -19.530960     -27.900610      -9.784413
      17.698903      29.052728       9.912691     -19.518650     -27.903812      -9.799579
      17.695967      29.049441       9.927331     -19.506336     -27.906994      -9.814772
      17.693026      29.046141       9.941998     -19.494017     -27.910156      -9.829992
      17.690078      29.042829       9.956693     -19.481694     -27.913299      -9.845241
      17.687123      29.039504       9.971415     -19.469367     -27.916422      -9.860517
      17.684162      29.036166       9.986166     -19.457035     -27.919526      -9.875821
      17.681195      29.032816      10.000943     -19.444699     -27.922610      -9.891153
      17.678221      29.029454      10.015749     -19.432358     -27.925674      -9.906513
      17.675241      29.026078      10.030582     -19.420012     -27.928718      -9.921901
      17.672254      29.022690      10.045444     -19.407663     -27.931742      -9.937317
      17.669260      29.019288      10.060333     -19.395308     -27.934746      -9.952761
      17.666260      29.015874      10.075251     -19.382949     -27.937731      -9.968234
      17.663253      29.012447      10.090196     -19.370586     -27.940695      -9.983735
      17.660240      29.009006      10.105170     -19.358218     -27.943639      -9.999265
      17.657219      29.005553      10.120172     -19.345845     -27.946563     -10.014823
      17.654193      29.002086      10.135203     -19.333467     -27.949466     -10.030409
      17.651159      28.998606      10.150262     -19.321085     -27.952349     -10.046025
      17.648119      28.995113      10.165350     -19.308698     -27.955212     -10.061669
      17.645072      28.991606      10.180466     -19.296307     -27.958054     -10.077342
      17.642018      28.988085      10.195611     -19.283910     -27.960876     -10.093044
      17.638957      28.984551      10.210785     -19.271509     -27.963677     -10.108775
      17.635890      28.981004      10.225988     -19.259103     -27.966457     -10.124535
      17.632816      28.977442      10.241220     -19.246693     -27.969217     -10.140324
      17.629735      28.973867      10.256480     -19.234277     -27.971956     -10.156143
      17.626647      28.970278      10.271770     -19.221857     -27.974674     -10.171991
      17.623552      28.966675      10.287090     -19.209431     -27.977371     -10.187868
      17.620450      28.963058      10.302438     -19.197001     -27.980047     -10.203775
      17.617341      28.959427      10.317816     -19.184566     -27.982702     -10.219711
      17.614225      28.955782      10.333223     -19.172126     -27.985336     -10.235677
      17.611102      28.952123      10.348660     -19.159681     -27.987949     -10.251673
      17.607972      28.948449      10.364127     -19.147230     -27.990540     -10.267699
      17.604835      28.944761      10.379623     -19.134775     -27.993110     -10.283754
      17.601691      28.941059      10.395149     -19.122315     -27.995659     -10.299840
      17.598540      28.937342      10.410705     -19.109849     -27.998186     -10.315956
      17.595382      28.933610      10.426291     -19.097379     -28.000692     -10.332101
      17.592217      28.929864      10.441907     -19.084903     -28.003176     -10.348278
      17.589044      28.926103      10.457553     -19.072422     -28.005638     -10.364484
      17.585864      28.922327      10.473229     -19.059936     -28.008079     -10.380721
      17.582677      28.918537      10.488936     -19.047445     -28.010498     -10.396988
      17.579483      28.914731      10.504673     -19.034949     -28.012895     -10.413286
      17.576281      28.910911      10.520440     -19.022447     -28.015270     -10.429615
      17.573072      28.907075      10.536238     -19.009940     -28.017622     -10.445974
      17.569856      28.903224      10.552067     -18.997428     -28.019953     -10.462365
      17.566633      28.899358      10.567927     -18.984910     -28.022262     -10.478786
      17.563402      28.895477      10.583817     -18.972387     -28.024548     -10.495238
      17.560163      28.891580      10.599738     -18.959858     -28.026812     -10.511721
      17.556918      28.887668      10.615691     -18.947325     -28.029054     -10.528236
      17.553664      28.883740      10.631674     -18.934785     -28.031273     -10.544782
      17.550404      28.879796      10.647688     -18.922240     -28.033470     -10.561359
      17.547135      28.875837      10.663734     -18.909690     -28.035644     -10.577968
      17.543860      28.871862      10.679811     -18.897134     -28.037795     -10.594608
      17.540576      28.867871      10.695920     -18.884573     -28.039924     -10.611280
      17.537285      28.863864      10.712060     -18.872006     -28.042029     -10.627984
      17.533987      28.859841      10.728232     -18.859433     -28.044112     -10.644719
      17.530680      28.855802      10.744436     -18.846855     -28.046172     -10.661486
      17.527366      28.851747      10.760671     -18.834271     -28.048208     -10.678286
      17.524045      28.847675      10.776938     -18.821681     -28.050222     -10.695117
      17.520715      28.843587      10.793238     -18.809086     -28.052212     -10.711981
      17.517378      28.839483      10.809569     -18.796485     -28.054179     -10.728877
      17.514033      28.835362      10.825933     -18.783878     -28.056123     -10.745805
      17.510681      28.831224      10.842328     -18.771265     -28.058043     -10.762766
      17.507320      28.827070      10.858757     -18.758647     -28.059939     -10.779759
      17.503952      28.822899      10.875217     -18.746022     -28.061812     -10.796785
      17.500575      28.818711      10.891710     -18.733392     -28.063661     -10.813844
      17.497191      28.814506      10.908236     -18.720756     -28.065487     -10.830935
      17.493799      28.810284      10.924795     -18.708113     -28.067288     -10.848060
      17.490399      28.806044      10.941386     -18.695465     -28.069066     -10.865217
      17.486990      28.801788      10.958011     -18.682811     -28.070819     -10.882408
      17.483574      28.797514      10.974668     -18.670151     -28.072549     -10.899631
      17.480150      28.793223      10.991358     -18.657484     -28.074254     -10.916888
      17.476717      28.788914      11.008082     -18.644812     -28.075935     -10.934179
      17.473277      28.784588      11.024839     -18.632133     -28.077591     -10.951503
      17.469828      28.780244      11.041630     -18.619448     -28.079223     -10.968860
      17.466371      28.775883      11.058453     -18.606757     -28.080830     -10.986251
      17.462906      28.771503      11.075311     -18.594060     -28.082413     -11.003676
      17.459432      28.767106      11.092202     -18.581357     -28.083971     -11.021135
      17.455950      28.762690      11.109127     -18.568647     -28.085505     -11.038628
      17.452460      28.758257      11.126086     -18.555931     -28.087013     -11.056155
      17.448962      28.753805      11.143079     -18.543208     -28.088496     -11.073716
      17.445455      28.749335      11.160106     -18.530480     -28.089955     -11.091311
      17.441940      28.744846      11.177167     -18.517744     -28.091388     -11.108940
      17.438416      28.740340      11.194262     -18.505003     -28.092796     -11.126604
      17.434884      28.735814      11.211392     -18.492254     -28.094178     -11.144303
      17.431343      28.731270      11.228556     -18.479500     -28.095535     -11.162036
      17.427794      28.726707      11.245755     -18.466738     -28.096867     -11.179804
      17.424236      28.722125      11.262989     -18.453971     -28.098173     -11.197607
      17.420670      28.717524      11.280257     -18.441196     -28.099453     -11.215445
      17.417095      28.712904      11.297560     -18.428415     -28.100708     -11.233317
      17.413511      28.708265      11.314898     -18.415627     -28.101936     -11.251225
      17.409919      28.703606      11.332271     -18.402833     -28.103139     -11.269169
      17.406318      28.698929      11.349680     -18.390032     -28.104316     -11.287147
      17.402708      28.694231      11.367123     -18.377224     -28.105466     -11.305161
      17.399089      28.689515      11.384602     -18.364409     -28.106590     -11.323211
      17.395462      28.684778      11.402117     -18.351587     -28.107688     -11.341296
      17.391825      28.680022      11.419667     -18.338759     -28.108759     -11.359417
      17.388180      28.675246      11.437253     -18.325923     -28.109804     -11.377573
      17.384526      28.670450      11.454875     -18.313081     -28.110822     -11.395766
      17.380862      28.665634      11.472532     -18.300231     -28.111813     -11.413995
      17.377190      28.660798      11.490226     -18.287375     -28.112778     -11.432260
      17.373509      28.655941      11.507955     -18.274511     -28.113715     -11.450561
      17.369818      28.651065      11.525721     -18.261641     -28.114626     -11.468899
      17.366119      28.646167      11.543523     -18.248763     -28.115509     -11.487273
      17.362410      28.641249      11.561362     -18.235878     -28.116365     -11.505683
      17.358692      28.636311      11.579237     -18.222986     -28.117194     -11.524131
      17.354965      28.631351      11.597149     -18.210087     -28.117995     -11.542615
      17.351229      28.626371      11.615097     -18.197180     -28.118769     -11.561136
      17.347483      28.621370      11.633082     -18.184266     -28.119515     -11.579694
      17.343728      28.616347      11.651105     -18.171345     -28.120234     -11.598289
      17.339964      28.611304      11.669164     -18.158416     -28.120924     -11.616921
      17.336190      28.606239      11.687261     -18.145480     -28.121587     -11.635591
      17.332407      28.601153      11.705394     -18.132536     -28.122221     -11.654298
      17.328614      28.596045      11.723566     -18.119585     -28.122827     -11.673043
      17.324812      28.590915      11.741774     -18.106627     -28.123405     -11.691825
      17.321000      28.585764      11.760020     -18.093661     -28.123955     -11.710645
      17.317179      28.580591      11.778304     -18.080687     -28.124476     -11.729503
      17.313348      28.575396      11.796626     -18.067705     -28.124969     -11.748399
      17.309507      28.570178      11.814986     -18.054716     -28.125433     -11.767333
      17.305657      28.564939      11.833384     -18.041720     -28.125868     -11.786305
      17.301797      28.559677      11.851820     -18.028715     -28.126274     -11.805315
      17.297927      28.554393      11.870294     -18.015703     -28.126651     -11.824364
      17.294047      28.549086      11.888807     -18.002682     -28.126999     -11.843452
      17.290158      28.543757      11.907358     -17.989654     -28.127317     -11.862578
      17.286258      28.538404      11.925947     -17.976618     -28.127607     -11.881743
      17.282349      28.533029      11.944576     -17.963574     -28.127866     -11.900946
      17.278429      28.527631      11.963243     -17.950522     -28.128096     -11.920189
      17.274500      28.522210      11.981949     -17.937462     -28.128297     -11.939470
      17.270560      28.516765      12.000694     -17.924394     -28.128468     -11.958791
      17.266611      28.511297      12.019479     -17.911317     -28.128608     -11.978151
      17.262651      28.505806      12.038302     -17.898233     -28.128719     -11.997551
      17.258681      28.500291      12.057165     -17.885140     -28.128799     -12.016990
      17.254701      28.494752      12.076068     -17.872039     -28.128850     -12.036469
      17.250710      28.489189      12.095010     -17.858930     -28.128869     -12.055988
      17.246709      28.483602      12.113992     -17.845812     -28.128859     -12.075546
      17.242698      28.477992      12.133014     -17.832686     -28.128817     -12.095145
      17.238677      28.472357      12.152075     -17.819552     -28.128745     -12.114783
      17.234645      28.466697      12.171177     -17.806409     -28.128642     -12.134462
      17.230602      28.461014      12.190319     -17.793258     -28.128508     -12.154181
      17.226549      28.455305      12.209502     -17.780098     -28.128343     -12.173941
      17.222486      28.449572      12.228725     -17.766929     -28.128146     -12.193741
      17.218411      28.443814      12.247988     -17.753752     -28.127918     -12.213582
      17.214326      28.438031      12.267292     -17.740566     -28.127659     -12.233463
      17.210231      28.432223      12.286637     -17.727371     -28.127368     -12.253386
      17.206124      28.426389      12.306023     -17.714168     -28.127045     -12.273350
      17.202007      28.420530      12.325449     -17.700956     -28.126691     -12.293354
      17.197879      28.414646      12.344917     -17.687735     -28.126304     -12.313401
      17.193740      28.408736      12.364427     -17.674505     -28.125886     -12.333488
      17.189591      28.402800      12.383977     -17.661266     -28.125435     -12.353617
      17.185430      28.396839      12.403569     -17.648018     -28.124951     -12.373788
      17.181258      28.390851      12.423203     -17.634761     -28.124435     -12.394000
      17.177075      28.384837      12.442879     -17.621494     -28.123887     -12.414255
      17.172881      28.378797      12.462596     -17.608219     -28.123305     -12.434551
      17.168676      28.372731      12.482356     -17.594935     -28.122691     -12.454890
      17.164460      28.366637      12.502157     -17.581641     -28.122044     -12.475270
      17.160232      28.360517      12.522001     -17.568338     -28.121363     -12.495694
      17.155993      28.354371      12.541887     -17.555026     -28.120650     -12.516159
      17.151743      28.348197      12.561816     -17.541704     -28.119902     -12.536668
      17.147481      28.341996      12.581787     -17.528373     -28.119121     -12.557219
      17.143208      28.335768      12.601801     -17.515032     -28.118307     -12.577813
      17.138923      28.329512      12.621858     -17.501682     -28.117459     -12.598449
      17.134627      28.323229      12.641958     -17.488322     -28.116576     -12.619129
      17.130319      28.316918      12.662101     -17.474953     -28.115660     -12.639853
      17.126000      28.310579      12.682288     -17.461573     -28.114709     -12.660619
      17.121669      28.304213      12.702517     -17.448185     -28.113723     -12.681430
      17.117326      28.297818      12.722791     -17.434786     -28.112704     -12.702283
      17.112971      28.291395      12.743107     -17.421378     -28.111649     -12.723181
      17.108604      28.284943      12.763468     -17.407959     -28.110560     -12.744122
      17.104226      28.278463      12.783872     -17.394531     -28.109435     -12.765108
      17.099836      28.271954      12.804321     -17.381093     -28.108276     -12.786137
      17.095433      28.265416      12.824814     -17.367644     -28.107081     -12.807211
      17.091019      28.258849      12.845350     -17.354186     -28.105851     -12.828329
      17.086592      28.252253      12.865932     -17.340718     -28.104585     -12.849492
      17.082153      28.245628      12.886558     -17.327239     -28.103284     -12.870699
      17.077702      28.238973      12.907228     -17.313750     -28.101946     -12.891952
      17.073239      28.232289      12.927943     -17.300251     -28.100573     -12.913249
      17.068764      28.225575      12.948704     -17.286741     -28.099163     -12.934591
      17.064276      28.218830      12.969509     -17.273221     -28.097718     -12.955978
      17.059775      28.212056      12.990359     -17.259690     -28.096235     -12.977411
      17.055262      28.205252      13.011255     -17.246149     -28.094716     -12.998889
      17.050737      28.198417      13.032196     -17.232598     -28.093160     -13.020412
      17.046199      28.191551      13.053183     -17.219035     -28.091568     -13.041981
      17.041648      28.184655      13.074215     -17.205462     -28.089938     -13.063597
      17.037085      28.177727      13.095294     -17.191879     -28.088271     -13.085258
      17.032509      28.170769      13.116418     -17.178284     -28.086566     -13.106965
      17.027920      28.163780      13.137589     -17.164679     -28.084824     -13.128718
      17.023318      28.156759      13.158805     -17.151063     -28.083045     -13.150518
      17.018704      28.149706      13.180068     -17.137435     -28.081227     -13.172364
      17.014076      28.142622      13.201378     -17.123797     -28.079371     -13.194257
      17.009435      28.135506      13.222734     -17.110148     -28.077477     -13.216197
      17.004781      28.128358      13.244137     -17.096487     -28.075545     -13.238183
      17.000114      28.121178      13.265587     -17.082816     -28.073574     -13.260217
      16.995434      28.113965      13.287084     -17.069133     -28.071565     -13.282297
      16.990740      28.106720      13.308629     -17.055438     -28.069516     -13.304425
      16.986033      28.099442      13.330220     -17.041733     -28.067429     -13.326601
      16.981313      28.092131      13.351859     -17.028015     -28.065302     -13.348824
      16.976579      28.084787      13.373546     -17.014287     -28.063136     -13.371095
      16.971832      28.077409      13.395280     -17.000547     -28.060931     -13.393413
      16.967071      28.069999      13.417063     -16.986795     -28.058685     -13.415780
      16.962297      28.062554      13.438893     -16.973031     -28.056400     -13.438195
      16.957508      28.055076      13.460772     -16.959256     -28.054075     -13.460658
      16.952706      28.047564      13.482699     -16.945469     -28.051709     -13.483169
      16.947890      28.040018      13.504674     -16.931670     -28.049303     -13.505730
      16.943061      28.032438      13.526698     -16.917859     -28.046857     -13.528338
      16.938217      28.024823      13.548770     -16.904036     -28.044370     -13.550996
      16.933359      28.017173      13.570892     -16.890201     -28.041841     -13.573702
      16.928487      28.009488      13.593062     -16.876354     -28.039272     -13.596458
      16.923601      28.001769      13.615282     -16.862495     -28.036661     -13.619263
      16.918701      27.994014      13.637551     -16.848623     -28.034009     -13.642117
      16.913787      27.986224      13.659870     -16.834739     -28.031316     -13.665021
      16.908858      27.978398      13.682238     -16.820843     -28.028580     -13.687975
      16.903915      27.970536      13.704655     -16.806934     -28.025802     -13.710978
      16.898957      27.962639      13.727123     -16.793013     -28.022982     -13.734031
      16.893985      27.954705      13.749641     -16.779079     -28.020120     -13.757135
      16.888998      27.946735      13.772209     -16.765133     -28.017215     -13.780289
      16.883996      27.938728      13.794827     -16.751173     -28.014267     -13.803493
      16.878980      27.930685      13.817495     -16.737201     -28.011277     -13.826748
      16.873949      27.922604      13.840214     -16.723217     -28.008243     -13.850053
      16.868903      27.914487      13.862984     -16.709219     -28.005166     -13.873409
      16.863842      27.906332      13.885805     -16.695208     -28.002045     -13.896816
      16.858766      27.898140      13.908677     -16.681184     -27.998880     -13.920275
      16.853675      27.889909      13.931600     -16.667147     -27.995672     -13.943784
      16.848569      27.881641      13.954575     -16.653097     -27.992419     -13.967345
      16.843447      27.873335      13.977601     -16.639033     -27.989122     -13.990958
      16.838311      27.864990      14.000678     -16.624956     -27.985781     -14.014623
      16.833158      27.856607      14.023807     -16.610866     -27.982395     -14.038339
      16.827991      27.848185      14.046989     -16.596762     -27.978963     -14.062107
      16.822808      27.839724      14.070222     -16.582645     -27.975487     -14.085927
      16.817609      27.831224      14.093507     -16.568514     -27.971965     -14.109800
      16.812395      27.822685      14.116845     -16.554369     -27.968398     -14.133725
      16.807165      27.814106      14.140236     -16.540211     -27.964785     -14.157703
      16.801919      27.805487      14.163679     -16.526038     -27.961126     -14.181734
      16.796657      27.796828      14.187175     -16.511852     -27.957421     -14.205817
      16.791379      27.788129      14.210724     -16.497652     -27.953670     -14.229954
      16.786085      27.779390      14.234326     -16.483437     -27.949871     -14.254144
      16.780775      27.770610      14.257981     -16.469209     -27.946026     -14.278387
      16.775449      27.761789      14.281690     -16.454966     -27.942134     -14.302684
      16.770107      27.752927      14.305453     -16.440709     -27.938195     -14.327034
      16.764748      27.744023      14.329269     -16.426437     -27.934209     -14.351438
      16.759373      27.735078      14.353139     -16.412151     -27.930174     -14.375896
      16.753981      27.726091      14.377063     -16.397851     -27.926092     -14.400409
      16.748573      27.717063      14.401041     -16.383536     -27.921962     -14.424975
      16.743148      27.707992      14.425074     -16.369206     -27.917783     -14.449596
      16.737706      27.698879      14.449161     -16.354861     -27.913556     -14.474272
      16.732248      27.689722      14.473303     -16.340501     -27.909280     -14.499002
      16.726772      27.680524      14.497500     -16.326127     -27.904955     -14.523788
      16.721280      27.671282      14.521751     -16.311737     -27.900580     -14.548628
      16.715771      27.661996      14.546058     -16.297333     -27.896157     -14.573523
      16.710244      27.652667      14.570420     -16.282913     -27.891683     -14.598474
      16.704700      27.643294      14.594838     -16.268478     -27.887160     -14.623481
      16.699139      27.633878      14.619311     -16.254027     -27.882586     -14.648543
      16.693560      27.624416      14.643840     -16.239561     -27.877962     -14.673661
      16.687964      27.614911      14.668424     -16.225080     -27.873288     -14.698835
      16.682351      27.605360      14.693065     -16.210582     -27.868562     -14.724065
      16.676720      27.595765      14.717762     -16.196070     -27.863786     -14.749351
      16.671071      27.586124      14.742516     -16.181541     -27.858958     -14.774694
      16.665404      27.576438      14.767326     -16.166997     -27.854078     -14.800094
      16.659719      27.566706      14.792193     -16.152436     -27.849147     -14.825550
      16.654017      27.556928      14.817116     -16.137860     -27.844164     -14.851063
      16.648296      27.547104      14.842097     -16.123267     -27.839128     -14.876634
      16.642557      27.537233      14.867135     -16.108658     -27.834040     -14.902261
      16.636800      27.527315      14.892230     -16.094033     -27.828899     -14.927946
      16.631024      27.517351      14.917383     -16.079391     -27.823705     -14.953689
      16.625230      27.507339      14.942593     -16.064733     -27.818457     -14.979489
      16.619418      27.497280      14.967862     -16.050059     -27.813156     -15.005348
      16.613586      27.487173      14.993188     -16.035367     -27.807802     -15.031264
      16.607737      27.477018      15.018572     -16.020659     -27.802393     -15.057238
      16.601868      27.466814      15.044015     -16.005934     -27.796930     -15.083271
      16.595980      27.456562      15.069516     -15.991192     -27.791412     -15.109363
      16.590074      27.446262      15.095076     -15.976433     -27.785839     -15.135513
      16.584148      27.435912      15.120694     -15.961657     -27.780211     -15.161722
      16.578203      27.425513      15.146372     -15.946864     -27.774528     -15.187990
      16.572239      27.415064      15.172109     -15.932053     -27.768790     -15.214317
      16.566256      27.404565      15.197905     -15.917225     -27.762995     -15.240704
      16.560253      27.394017      15.223760     -15.902380     -27.757144     -15.267150
      16.554230      27.383417      15.249675     -15.887517     -27.751237     -15.293656
      16.548188      27.372767      15.275650     -15.872636     -27.745273     -15.320221
      16.542126      27.362066      15.301685     -15.857737     -27.739252     -15.346847
      16.536045      27.351314      15.327780     -15.842820     -27.733174     -15.373533
      16.529943      27.340511      15.353935     -15.827886     -27.727038     -15.400279
      16.523821      27.329655      15.380150     -15.812933     -27.720844     -15.427086
      16.517679      27.318747      15.406427     -15.797962     -27.714593     -15.453953
      16.511517      27.307787      15.432764     -15.782973     -27.708282     -15.480881
      16.505334      27.296775      15.459162     -15.767965     -27.701914     -15.507870
      16.499131      27.285709      15.485621     -15.752939     -27.695486     -15.534921
      16.492908      27.274590      15.512141     -15.737894     -27.688999     -15.562032
      16.486664      27.263417      15.538723     -15.722830     -27.682453     -15.589206
      16.480399      27.252191      15.565366     -15.707748     -27.675847     -15.616440
      16.474113      27.240911      15.592071     -15.692647     -27.669180     -15.643737
      16.467806      27.229576      15.618838     -15.677526     -27.662454     -15.671096
      16.461478      27.218186      15.645667     -15.662387     -27.655666     -15.698516
      16.455129      27.206742      15.672559     -15.647228     -27.648818     -15.725999
      16.448759      27.195242      15.699512     -15.632050     -27.641908     -15.753545
      16.442367      27.183686      15.726529     -15.616852     -27.634937     -15.781153
      16.435953      27.172074      15.753608     -15.601635     -27.627904     -15.808824
      16.429519      27.160407      15.780750     -15.586399     -27.620808     -15.836558
      16.423062      27.148682      15.807955     -15.571142     -27.613651     -15.864355
      16.416583      27.136901      15.835224     -15.555866     -27.606430     -15.892216
      16.410083      27.125063      15.862555     -15.540569     -27.599146     -15.920140
      16.403560      27.113167      15.889951     -15.525252     -27.591799     -15.948127
      16.397016      27.101213      15.917410     -15.509916     -27.584388     -15.976179
      16.390449      27.089201      15.944933     -15.494558     -27.576913     -16.004294
      16.383859      27.077131      15.972521     -15.479181     -27.569374     -16.032474
      16.377247      27.065002      16.000172     -15.463783     -27.561770     -16.060718
      16.370613      27.052814      16.027888     -15.448364     -27.554101     -16.089026
      16.363956      27.040566      16.055669     -15.432924     -27.546366     -16.117399
      16.357275      27.028259      16.083514     -15.417463     -27.538566     -16.145837
      16.350572      27.015891      16.111425     -15.401982     -27.530700     -16.174340
      16.343846      27.003464      16.139400     -15.386479     -27.522768     -16.202908
      16.337097      26.990975      16.167441     -15.370955     -27.514769     -16.231541
      16.330324      26.978425      16.195547     -15.355409     -27.506703     -16.260240
      16.323527      26.965814      16.223719     -15.339842     -27.498570     -16.289005
      16.316708      26.953142      16.251957     -15.324254     -27.490369     -16.317835
      16.309864      26.940407      16.280260     -15.308643     -27.482100     -16.346732
      16.302997      26.927609      16.308630     -15.293011     -27.473763     -16.375694
      16.296105      26.914749      16.337066     -15.277357     -27.465357     -16.404723
      16.289190      26.901826      16.365569     -15.261680     -27.456883     -16.433819
      16.282251      26.888839      16.394138     -15.245981     -27.448338     -16.462981
      16.275287      26.875788      16.422774     -15.230260     -27.439725     -16.492210
      16.268298      26.862674      16.451477     -15.214517     -27.431041     -16.521506
      16.261285      26.849494      16.480247     -15.198751     -27.422286     -16.550869
      16.254248      26.836250      16.509084     -15.182962     -27.413461     -16.580299
      16.247185      26.822940      16.537989     -15.167150     -27.404565     -16.609797
      16.240098      26.809565      16.566962     -15.151315     -27.395597     -16.639363
      16.232986      26.796124      16.596002     -15.135457     -27.386558     -16.668997
      16.225848      26.782617      16.625110     -15.119576     -27.377446     -16.698698
      16.218685      26.769042      16.654287     -15.103671     -27.368262     -16.728468
      16.211496      26.755401      16.683532     -15.087743     -27.359004     -16.758306
      16.204282      26.741692      16.712845     -15.071791     -27.349674     -16.788213
      16.197042      26.727915      16.742227     -15.055815     -27.340270     -16.818188
      16.189777      26.714070      16.771678     -15.039816     -27.330791     -16.848233
      16.182485      26.700157      16.801197     -15.023792     -27.321239     -16.878346
      16.175167      26.686174      16.830786     -15.007744     -27.311611     -16.908528
      16.167823      26.672123      16.860445     -14.991672     -27.301908     -16.938780
      16.160452      26.658001      16.890172     -14.975575     -27.292130     -16.969102
      16.153055      26.643809      16.919970     -14.959453     -27.282276     -16.999493
      16.145631      26.629547      16.949837     -14.943307     -27.272345     -17.029954
      16.138180      26.615213      16.979774     -14.927136     -27.262338     -17.060485
      16.130703      26.600809      17.009782     -14.910940     -27.252253     -17.091086
      16.123198      26.586332      17.039860     -14.894719     -27.242091     -17.121758
      16.115666      26.571784      17.070008     -14.878472     -27.231851     -17.152500
      16.108106      26.557163      17.100227     -14.862200     -27.221533     -17.183313
      16.100519      26.542469      17.130517     -14.845902     -27.211136     -17.214196
      16.092904      26.527702      17.160878     -14.829579     -27.200660     -17.245151
      16.085261      26.512861      17.191310     -14.813230     -27.190105     -17.276177
      16.077591      26.497945      17.221813     -14.796854     -27.179469     -17.307274
      16.069892      26.482956      17.252388     -14.780452     -27.168753     -17.338443
      16.062165      26.467891      17.283034     -14.764024     -27.157956     -17.369684
      16.054409      26.452751      17.313753     -14.747570     -27.147078     -17.400996
      16.046625      26.437535      17.344543     -14.731089     -27.136119     -17.432380
      16.038812      26.422242      17.375405     -14.714581     -27.125077     -17.463837
      16.030970      26.406873      17.406340     -14.698046     -27.113953     -17.495366
      16.023100      26.391427      17.437347     -14.681484     -27.102747     -17.526967
      16.015199      26.375903      17.468427     -14.664894     -27.091457     -17.558641
      16.007270      26.360302      17.499580     -14.648277     -27.080083     -17.590388
      15.999311      26.344621      17.530805     -14.631633     -27.068625     -17.622208
      15.991322      26.328862      17.562104     -14.614961     -27.057082     -17.654101
      15.983304      26.313024      17.593476     -14.598261     -27.045454     -17.686067
      15.975256      26.297106      17.624922     -14.581533     -27.033741     -17.718107
      15.967177      26.281108      17.656441     -14.564777     -27.021942     -17.750221
      15.959068      26.265029      17.688034     -14.547992     -27.010056     -17.782408
      15.950929      26.248869      17.719701     -14.531179     -26.998084     -17.814669
      15.942759      26.232627      17.751442     -14.514337     -26.986024     -17.847004
      15.934558      26.216303      17.783257     -14.497466     -26.973877     -17.879414
      15.926326      26.199897      17.815146     -14.480567     -26.961641     -17.911898
      15.918063      26.183408      17.847110     -14.463638     -26.949317     -17.944456
      15.909769      26.166836      17.879149     -14.446679     -26.936904     -17.977090
      15.901443      26.150179      17.911263     -14.429692     -26.924401     -18.009798
      15.893086      26.133439      17.943452     -14.412674     -26.911808     -18.042581
      15.884696      26.116613      17.975715     -14.395627     -26.899124     -18.075439
      15.876275      26.099702      18.008055     -14.378549     -26.886350     -18.108373
      15.867822      26.082706      18.040469     -14.361441     -26.873484     -18.141382
      15.859336      26.065623      18.072960     -14.344303     -26.860526     -18.174467
      15.850818      26.048453      18.105526     -14.327135     -26.847476     -18.207628
      15.842268      26.031196      18.138168     -14.309936     -26.834332     -18.240865
      15.833684      26.013852      18.170886     -14.292705     -26.821096     -18.274178
      15.825067      25.996419      18.203681     -14.275444     -26.807765     -18.307567
      15.816418      25.978897      18.236551     -14.258151     -26.794340     -18.341032
      15.807734      25.961286      18.269499     -14.240827     -26.780820     -18.374574
      15.799018      25.943586      18.302523     -14.223472     -26.767205     -18.408193
      15.790267      25.925795      18.335624     -14.206084     -26.753494     -18.441888
      15.781483      25.907914      18.368801     -14.188665     -26.739686     -18.475661
      15.772664      25.889941      18.402056     -14.171213     -26.725782     -18.509511
      15.763811      25.871876      18.435389     -14.153729     -26.711780     -18.543438
      15.754924      25.853720      18.468798     -14.136213     -26.697680     -18.577442
      15.746002      25.835470      18.502286     -14.118664     -26.683482     -18.611524
      15.737045      25.817127      18.535850     -14.101082     -26.669184     -18.645684
      15.728053      25.798690      18.569493     -14.083467     -26.654788     -18.679921
      15.719026      25.780159      18.603214     -14.065818     -26.640291     -18.714236
      15.709964      25.761533      18.637013     -14.048136     -26.625694     -18.748630
      15.700866      25.742812      18.670890     -14.030421     -26.610995     -18.783102
      15.691732      25.723994      18.704845     -14.012671     -26.596195     -18.817652
      15.682562      25.705080      18.738879     -13.994888     -26.581293     -18.852281
      15.673356      25.686069      18.772992     -13.977070     -26.566288     -18.886988
      15.664114      25.666961      18.807183     -13.959218     -26.551180     -18.921775
      15.654835      25.647754      18.841454     -13.941331     -26.535968     -18.956640
      15.645519      25.628448      18.875803     -13.923409     -26.520652     -18.991584
      15.636166      25.609043      18.910232     -13.905452     -26.505231     -19.026608
      15.626776      25.589539      18.944740     -13.887460     -26.489705     -19.061710
      15.617349      25.569934      18.979327     -13.869433     -26.474072     -19.096892
      15.607884      25.550227      19.013994     -13.851370     -26.458333     -19.132154
      15.598381      25.530420      19.048740     -13.833271     -26.442487     -19.167496
      15.588840      25.510510      19.083567     -13.815136     -26.426533     -19.202917
      15.579262      25.490498      19.118473     -13.796965     -26.410471     -19.238418
      15.569644      25.470382      19.153459     -13.778757     -26.394300     -19.273999
      15.559988      25.450163      19.188526     -13.760513     -26.378020     -19.309661
      15.550294      25.429839      19.223673     -13.742232     -26.361629     -19.345402
      15.540560      25.409410      19.258900     -13.723913     -26.345128     -19.381224
      15.530787      25.388875      19.294208     -13.705558     -26.328516     -19.417127
      15.520974      25.368235      19.329596     -13.687165     -26.311792     -19.453110
      15.511122      25.347487      19.365065     -13.668734     -26.294956     -19.489174
      15.501230      25.326632      19.400615     -13.650265     -26.278006     -19.525319
      15.491298      25.305669      19.436246     -13.631758     -26.260943     -19.561545
      15.481326      25.284598      19.471958     -13.613212     -26.243766     -19.597852
      15.471313      25.263417      19.507751     -13.594628     -26.226474     -19.634240
      15.461259      25.242126      19.543626     -13.576006     -26.209067     -19.670709
      15.451164      25.220725      19.579582     -13.557344     -26.191544     -19.707260
      15.441028      25.199213      19.615619     -13.538643     -26.173904     -19.743892
      15.430851      25.177589      19.651738     -13.519902     -26.156147     -19.780606
      15.420632      25.155853      19.687939     -13.501122     -26.138272     -19.817401
      15.410371      25.134004      19.724221     -13.482301     -26.120278     -19.854278
      15.400068      25.112041      19.760585     -13.463441     -26.102166     -19.891237
      15.389722      25.089964      19.797031     -13.444540     -26.083933     -19.928278
      15.379334      25.067772      19.833560     -13.425599     -26.065580     -19.965401
      15.368904      25.045465      19.870170     -13.406616     -26.047106     -20.002606
      15.358430      25.023041      19.906863     -13.387593     -26.028511     -20.039894
      15.347913      25.000501      19.943637     -13.368528     -26.009793     -20.077263
      15.337352      24.977843      19.980495     -13.349422     -25.990952     -20.114715
      15.326748      24.955067      20.017434     -13.330274     -25.971987     -20.152250
      15.316100      24.932172      20.054457     -13.311084     -25.952898     -20.189867
      15.305407      24.909157      20.091561     -13.291851     -25.933684     -20.227566
      15.294670      24.886023      20.128749     -13.272576     -25.914345     -20.265349
      15.283889      24.862768      20.166019     -13.253258     -25.894879     -20.303213
      15.273062      24.839391      20.203372     -13.233898     -25.875286     -20.341161
      15.262190      24.815892      20.240808     -13.214494     -25.855565     -20.379192
      15.251273      24.792270      20.278327     -13.195046     -25.835716     -20.417306
      15.240310      24.768524      20.315929     -13.175555     -25.815738     -20.455502
      15.229301      24.744655      20.353614     -13.156020     -25.795631     -20.493782
      15.218246      24.720660      20.391382     -13.136441     -25.775393     -20.532145
      15.207145      24.696540      20.429234     -13.116817     -25.755023     -20.570591
      15.195997      24.672293      20.467168     -13.097148     -25.734522     -20.609120
      15.184802      24.647920      20.505186     -13.077435     -25.713889     -20.647732
      15.173560      24.623419      20.543287     -13.057676     -25.693122     -20.686428
      15.162270      24.598789      20.581472     -13.037871     -25.672221     -20.725207
      15.150933      24.574030      20.619740     -13.018021     -25.651186     -20.764069
      15.139547      24.549141      20.658091     -12.998125     -25.630015     -20.803015
      15.128114      24.524121      20.696526     -12.978183     -25.608709     -20.842045
      15.116632      24.498970      20.735044     -12.958194     -25.587265     -20.881157
      15.105101      24.473688      20.773646     -12.938158     -25.565684     -20.920354
      15.093522      24.448272      20.812331     -12.918075     -25.543964     -20.959634
      15.081893      24.422722      20.851100     -12.897945     -25.522106     -20.998997
      15.070214      24.397039      20.889953     -12.877768     -25.500108     -21.038444
      15.058486      24.371220      20.928889     -12.857542     -25.477969     -21.077975
      15.046707      24.345266      20.967909     -12.837268     -25.455689     -21.117589
      15.034879      24.319175      21.007013     -12.816946     -25.433267     -21.157287
      15.023000      24.292946      21.046200     -12.796576     -25.410703     -21.197068
      15.011069      24.266580      21.085471     -12.776156     -25.387995     -21.236933
      14.999088      24.240075      21.124825     -12.755687     -25.365142     -21.276882
      14.987055      24.213430      21.164263     -12.735169     -25.342145     -21.316915
      14.974971      24.186645      21.203785     -12.714601     -25.319002     -21.357031
      14.962834      24.159718      21.243391     -12.693983     -25.295712     -21.397230
      14.950646      24.132650      21.283080     -12.673314     -25.272275     -21.437514
      14.938404      24.105439      21.322852     -12.652595     -25.248690     -21.477880
      14.926110      24.078085      21.362709     -12.631825     -25.224956     -21.518331
      14.913763      24.050586      21.402648     -12.611004     -25.201072     -21.558865
      14.901362      24.022942      21.442672     -12.590131     -25.177038     -21.599482
      14.888908      23.995153      21.482779     -12.569207     -25.152852     -21.640183
      14.876400      23.967216      21.522969     -12.548231     -25.128515     -21.680967
      14.863838      23.939132      21.563243     -12.527202     -25.104024     -21.721835
      14.851221      23.910900      21.603600     -12.506121     -25.079380     -21.762786
      14.838549      23.882519      21.644040     -12.484987     -25.054581     -21.803821
      14.825822      23.853988      21.684564     -12.463800     -25.029627     -21.844939
      14.813039      23.825306      21.725171     -12.442559     -25.004517     -21.886139
      14.800201      23.796472      21.765861     -12.421264     -24.979250     -21.927424
      14.787307      23.767486      21.806635     -12.399916     -24.953825     -21.968791
      14.774357      23.738347      21.847491     -12.378513     -24.928242     -22.010241
      14.761350      23.709054      21.888430     -12.357055     -24.902499     -22.051774
      14.748286      23.679606      21.929453     -12.335542     -24.876596     -22.093390
      14.735164      23.650002      21.970558     -12.313975     -24.850531     -22.135089
      14.721986      23.620242      22.011746     -12.292351     -24.824305     -22.176870
      14.708749      23.590324      22.053016     -12.270672     -24.797916     -22.218734
      14.695455      23.560248      22.094369     -12.248936     -24.771364     -22.260681
      14.682102      23.530013      22.135804     -12.227144     -24.744646     -22.302710
      14.668690      23.499617      22.177322     -12.205296     -24.717764     -22.344821
      14.655219      23.469061      22.218922     -12.183390     -24.690715     -22.387015
      14.641689      23.438343      22.260604     -12.161427     -24.663499     -22.429290
      14.628099      23.407463      22.302368     -12.139406     -24.636116     -22.471648
      14.614449      23.376419      22.344214     -12.117327     -24.608563     -22.514087
      14.600739      23.345210      22.386142     -12.095189     -24.580841     -22.556608
      14.586969      23.313837      22.428151     -12.072993     -24.552948     -22.599211
      14.573137      23.282297      22.470242     -12.050738     -24.524883     -22.641895
      14.559244      23.250590      22.512414     -12.028424     -24.496647     -22.684660
      14.545290      23.218716      22.554667     -12.006050     -24.468237     -22.727507
      14.531273      23.186672      22.597002     -11.983616     -24.439653     -22.770434
      14.517195      23.154459      22.639417     -11.961122     -24.410894     -22.813443
      14.503054      23.122075      22.681913     -11.938567     -24.381958     -22.856532
      14.488850      23.089520      22.724489     -11.915952     -24.352847     -22.899701
      14.474583      23.056792      22.767146     -11.893275     -24.323557     -22.942951
      14.460252      23.023891      22.809883     -11.870537     -24.294089     -22.986281
      14.445858      22.990815      22.852700     -11.847736     -24.264441     -23.029691
      14.431400      22.957565      22.895597     -11.824874     -24.234612     -23.073181
      14.416876      22.924138      22.938573     -11.801949     -24.204603     -23.116750
      14.402289      22.890534      22.981629     -11.778961     -24.174410     -23.160398
      14.387636      22.856752      23.024764     -11.755910     -24.144035     -23.204126
      14.372917      22.822792      23.067977     -11.732796     -24.113475     -23.247932
      14.358133      22.788651      23.111270     -11.709617     -24.082731     -23.291818
      14.343283      22.754330      23.154641     -11.686374     -24.051800     -23.335781
      14.328366      22.719827      23.198090     -11.663067     -24.020682     -23.379823
      14.313382      22.685141      23.241617     -11.639695     -23.989376     -23.423943
      14.298331      22.650272      23.285222     -11.616258     -23.957881     -23.468140
      14.283213      22.615218      23.328905     -11.592755     -23.926197     -23.512415
      14.268026      22.579978      23.372664     -11.569186     -23.894322     -23.556768
      14.252772      22.544552      23.416501     -11.545551     -23.862254     -23.601197
      14.237449      22.508939      23.460415     -11.521850     -23.829994     -23.645702
      14.222057      22.473137      23.504404     -11.498081     -23.797541     -23.690284
      14.206596      22.437146      23.548470     -11.474246     -23.764893     -23.734942
      14.191065      22.400964      23.592612     -11.450342     -23.732049     -23.779676
      14.175465      22.364591      23.636829     -11.426371     -23.699008     -23.824486
      14.159794      22.328026      23.681121     -11.402331     -23.665770     -23.869370
      14.144053      22.291267      23.725489     -11.378223     -23.632334     -23.914329
      14.128240      22.254314      23.769930     -11.354046     -23.598697     -23.959363
      14.112357      22.217166      23.814446     -11.329799     -23.564861     -24.004471
      14.096401      22.179822      23.859036     -11.305483     -23.530823     -24.049653
      14.080374      22.142280      23.903699     -11.281096     -23.496582     -24.094908
      14.064275      22.104540      23.948436     -11.256640     -23.462138     -24.140236
      14.048102      22.066601      23.993245     -11.232112     -23.427489     -24.185637
      14.031857      22.028461      24.038127     -11.207513     -23.392635     -24.231111
      14.015538      21.990120      24.083081     -11.182843     -23.357574     -24.276656
      13.999145      21.951577      24.128106     -11.158101     -23.322306     -24.322273
      13.982678      21.912831      24.173203     -11.133287     -23.286829     -24.367961
      13.966137      21.873880      24.218370     -11.108400     -23.251143     -24.413720
      13.949521      21.834724      24.263608     -11.083441     -23.215247     -24.459549
      13.932830      21.795362      24.308916     -11.058408     -23.179138     -24.505449
      13.916063      21.755793      24.354293     -11.033301     -23.142818     -24.551417
      13.899220      21.716015      24.399739     -11.008121     -23.106283     -24.597455
      13.882301      21.676027      24.445255     -10.982866     -23.069535     -24.643561
      13.865305      21.635830      24.490838     -10.957536     -23.032570     -24.689736
      13.848232      21.595421      24.536489     -10.932132     -22.995389     -24.735978
      13.831082      21.554799      24.582208     -10.906652     -22.957990     -24.782288
      13.813854      21.513964      24.627993     -10.881096     -22.920373     -24.828664
      13.796548      21.472915      24.673844     -10.855464     -22.882536     -24.875106
      13.779163      21.431650      24.719761     -10.829755     -22.844478     -24.921614
      13.761700      21.390168      24.765744     -10.803970     -22.806198     -24.968188
      13.744157      21.348469      24.811791     -10.778107     -22.767696     -25.014826
      13.726535      21.306551      24.857903     -10.752167     -22.728970     -25.061528
      13.708833      21.264413      24.904078     -10.726149     -22.690019     -25.108294
      13.691050      21.222055      24.950316     -10.700052     -22.650842     -25.155123
      13.673187      21.179475      24.996617     -10.673877     -22.611438     -25.202014
      13.655243      21.136672      25.042980     -10.647622     -22.571806     -25.248967
      13.637218      21.093645      25.089404     -10.621288     -22.531945     -25.295982
      13.619110      21.050393      25.135889     -10.594875     -22.491854     -25.343058
      13.600921      21.006915      25.182435     -10.568381     -22.451531     -25.390193
      13.582649      20.963211      25.229040     -10.541806     -22.410977     -25.437388
      13.564294      20.919278      25.275704     -10.515151     -22.370189     -25.484642
      13.545856      20.875116      25.322426     -10.488415     -22.329168     -25.531955
      13.527335      20.830724      25.369206     -10.461596     -22.287910     -25.579325
      13.508729      20.786101      25.416043     -10.434696     -22.246417     -25.626752
      13.490039      20.741245      25.462937     -10.407713     -22.204686     -25.674235
      13.471264      20.696156      25.509886     -10.380648     -22.162716     -25.721775
      13.452404      20.650833      25.556890     -10.353499     -22.120508     -25.769369
      13.433459      20.605274      25.603949     -10.326267     -22.078058     -25.817017
      13.414428      20.559479      25.651061     -10.298951     -22.035367     -25.864719
      13.395311      20.513446      25.698227     -10.271551     -21.992433     -25.912474
      13.376107      20.467175      25.745444     -10.244066     -21.949256     -25.960281
      13.356816      20.420664      25.792713     -10.216497     -21.905833     -26.008139
      13.337438      20.373913      25.840032     -10.188841     -21.862165     -26.056048
      13.317973      20.326919      25.887402     -10.161101     -21.818250     -26.104007
      13.298419      20.279683      25.934821     -10.133274     -21.774087     -26.152015
      13.278777      20.232203      25.982288     -10.105361     -21.729676     -26.200071
      13.259046      20.184478      26.029802     -10.077361     -21.685014     -26.248175
      13.239226      20.136507      26.077364     -10.049273     -21.640101     -26.296325
      13.219317      20.088289      26.124971     -10.021099     -21.594936     -26.344521
      13.199318      20.039823      26.172624      -9.992836     -21.549517     -26.392763
      13.179228      19.991108      26.220321      -9.964485     -21.503845     -26.441048
      13.159048      19.942143      26.268061      -9.936046     -21.457917     -26.489377
      13.138777      19.892927      26.315843      -9.907517     -21.411733     -26.537749
      13.118415      19.843458      26.363668      -9.878899     -21.365292     -26.586162
      13.097961      19.793736      26.411533      -9.850192     -21.318592     -26.634615
      13.077415      19.743760      26.459438      -9.821395     -21.271633     -26.683109
      13.056777      19.693528      26.507382      -9.792507     -21.224413     -26.731641
      13.036046      19.643040      26.555364      -9.763528     -21.176932     -26.780212
      13.015222      19.592294      26.603383      -9.734458     -21.129189     -26.828819
      12.994304      19.541290      26.651438      -9.705297     -21.081181     -26.877462
      12.973293      19.490027      26.699528      -9.676044     -21.032910     -26.926140
      12.952188      19.438502      26.747653      -9.646699     -20.984372     -26.974853
      12.930988      19.386717      26.795810      -9.617261     -20.935568     -27.023598
      12.909693      19.334669      26.844000      -9.587730     -20.886497     -27.072376
      12.888303      19.282357      26.892221      -9.558106     -20.837156     -27.121184
      12.866818      19.229780      26.940471      -9.528389     -20.787546     -27.170023
      12.845236      19.176938      26.988751      -9.498577     -20.737665     -27.218890
      12.823559      19.123829      27.037059      -9.468672     -20.687513     -27.267785
      12.801785      19.070453      27.085394      -9.438671     -20.637088     -27.316707
      12.779914      19.016808      27.133754      -9.408576     -20.586389     -27.365655
      12.757945      18.962893      27.182139      -9.378386     -20.535415     -27.414628
      12.735879      18.908708      27.230548      -9.348100     -20.484166     -27.463623
      12.713716      18.854251      27.278979      -9.317718     -20.432640     -27.512642
      12.691454      18.799521      27.327431      -9.287239     -20.380836     -27.561681
      12.669093      18.744517      27.375903      -9.256665     -20.328754     -27.610740
      12.646634      18.689240      27.424395      -9.225993     -20.276392     -27.659819
      12.624075      18.633686      27.472904      -9.195224     -20.223749     -27.708914
      12.601417      18.577856      27.521429      -9.164357     -20.170825     -27.758027
      12.578659      18.521748      27.569970      -9.133392     -20.117618     -27.807154
      12.555800      18.465362      27.618525      -9.102330     -20.064128     -27.856296
      12.532842      18.408697      27.667093      -9.071168     -20.010354     -27.905450
      12.509782      18.351751      27.715672      -9.039908     -19.956294     -27.954616
      12.486621      18.294524      27.764262      -9.008549     -19.901947     -28.003792
      12.463359      18.237015      27.812861      -8.977090     -19.847314     -28.052977
      12.439995      18.179222      27.861467      -8.945531     -19.792392     -28.102169
      12.416529      18.121145      27.910080      -8.913872     -19.737181     -28.151368
      12.392961      18.062784      27.958698      -8.882113     -19.681680     -28.200572
      12.369289      18.004136      28.007319      -8.850253     -19.625888     -28.249779
      12.345515      17.945202      28.055943      -8.818292     -19.569804     -28.298989
      12.321638      17.885980      28.104568      -8.786230     -19.513428     -28.348199
      12.297657      17.826469      28.153192      -8.754067     -19.456758     -28.397409
      12.273573      17.766669      28.201814      -8.721801     -19.399794     -28.446617
      12.249384      17.706578      28.250433      -8.689433     -19.342534     -28.495822
      12.225091      17.646196      28.299048      -8.656963     -19.284978     -28.545021
      12.200693      17.585523      28.347656      -8.624390     -19.227125     -28.594215
      12.176191      17.524556      28.396256      -8.591715     -19.168974     -28.643401
      12.151583      17.463295      28.444848      -8.558936     -19.110524     -28.692577
      12.126870      17.401740      28.493428      -8.526053     -19.051775     -28.741743
      12.102051      17.339890      28.541997      -8.493067     -18.992725     -28.790896
      12.077126      17.277743      28.590552      -8.459977     -18.933374     -28.840036
      12.052094      17.215299      28.639091      -8.426783     -18.873721     -28.889160
      12.026957      17.152557      28.687614      -8.393484     -18.813765     -28.938268
      12.001712      17.089517      28.736118      -8.360080     -18.753506     -28.987357
      11.976361      17.026177      28.784603      -8.326571     -18.692942     -29.036425
      11.950903      16.962538      28.833066      -8.292958     -18.632074     -29.085473
      11.925337      16.898597      28.881505      -8.259238     -18.570899     -29.134496
      11.899663      16.834355      28.929920      -8.225413     -18.509418     -29.183495
      11.873882      16.769810      28.978308      -8.191482     -18.447629     -29.232468
      11.847992      16.704962      29.026668      -8.157445     -18.385533     -29.281412
      11.821994      16.639811      29.074998      -8.123302     -18.323127     -29.330326
      11.795888      16.574355      29.123297      -8.089052     -18.260413     -29.379208
      11.769673      16.508593      29.171562      -8.054695     -18.197388     -29.428057
      11.743349      16.442526      29.219792      -8.020232     -18.134052     -29.476871
      11.716916      16.376153      29.267986      -7.985661     -18.070405     -29.525648
      11.690373      16.309472      29.316141      -7.950983     -18.006446     -29.574387
      11.663722      16.242484      29.364256      -7.916198     -17.942174     -29.623085
      11.636960      16.175187      29.412328      -7.881304     -17.877589     -29.671740
      11.610089      16.107581      29.460357      -7.846303     -17.812690     -29.720352
      11.583108      16.039665      29.508340      -7.811194     -17.747477     -29.768918
      11.556016      15.971440      29.556275      -7.775977     -17.681948     -29.817436
      11.528814      15.902903      29.604161      -7.740652     -17.616104     -29.865905
      11.501502      15.834056      29.651996      -7.705218     -17.549943     -29.914323
      11.474080      15.764896      29.699777      -7.669675     -17.483466     -29.962687
      11.446546      15.695425      29.747504      -7.634024     -17.416671     -30.010996
      11.418902      15.625640      29.795173      -7.598264     -17.349559     -30.059248
      11.391147      15.555542      29.842783      -7.562395     -17.282128     -30.107440
      11.363281      15.485130      29.890333      -7.526416     -17.214379     -30.155572
      11.335303      15.414404      29.937820      -7.490329     -17.146311     -30.203641
      11.307214      15.343363      29.985242      -7.454132     -17.077923     -30.251645
      11.279014      15.272007      30.032597      -7.417826     -17.009215     -30.299582
      11.250703      15.200336      30.079883      -7.381410     -16.940186     -30.347451
      11.222280      15.128349      30.127099      -7.344885     -16.870837     -30.395248
      11.193745      15.056045      30.174242      -7.308250     -16.801166     -30.442973
      11.165098      14.983425      30.221310      -7.271506     -16.731174     -30.490622
      11.136340      14.910488      30.268301      -7.234651     -16.660861     -30.538194
      11.107470      14.837233      30.315213      -7.197687     -16.590225     -30.585688
      11.078488      14.763661      30.362044      -7.160613     -16.519266     -30.633100
      11.049394      14.689771      30.408791      -7.123429     -16.447985     -30.680429
      11.020189      14.615563      30.455454      -7.086135     -16.376380     -30.727672
      10.990871      14.541036      30.502029      -7.048731     -16.304453     -30.774828
      10.961441      14.466191      30.548514      -7.011217     -16.232202     -30.821894
      10.931900      14.391027      30.594908      -6.973593     -16.159627     -30.868868
      10.902246      14.315543      30.641207      -6.935859     -16.086728     -30.915749
      10.872481      14.239741      30.687411      -6.898016     -16.013505     -30.962533
      10.842604      14.163620      30.733516      -6.860062     -15.939959     -31.009218
      10.812614      14.087179      30.779521      -6.821998     -15.866087     -31.055803
      10.782513      14.010418      30.825423      -6.783825     -15.791892     -31.102286
      10.752300      13.933338      30.871220      -6.745541     -15.717372     -31.148663
      10.721975      13.855938      30.916910      -6.707148     -15.642527     -31.194933
      10.691539      13.778218      30.962491      -6.668645     -15.567358     -31.241093
      10.660991      13.700179      31.007960      -6.630032     -15.491864     -31.287142
      10.630331      13.621820      31.053314      -6.591310     -15.416046     -31.333076
      10.599560      13.543141      31.098553      -6.552478     -15.339903     -31.378894
      10.568677      13.464143      31.143673      -6.513537     -15.263436     -31.424594
      10.537684      13.384825      31.188672      -6.474487     -15.186644     -31.470172
      10.506579      13.305187      31.233548      -6.435327     -15.109528     -31.515627
      10.475363      13.225231      31.278298      -6.396059     -15.032087     -31.560956
      10.444036      13.144955      31.322920      -6.356681     -14.954323     -31.606157
      10.412598      13.064360      31.367412      -6.317195     -14.876235     -31.651228
      10.381050      12.983446      31.411772      -6.277600     -14.797823     -31.696166
      10.349391      12.902213      31.455996      -6.237897     -14.719088     -31.740969
      10.317623      12.820662      31.500083      -6.198085     -14.640030     -31.785635
      10.285744      12.738794      31.544031      -6.158166     -14.560648     -31.830161
      10.253755      12.656607      31.587836      -6.118138     -14.480944     -31.874544
      10.221656      12.574103      31.631496      -6.078003     -14.400918     -31.918782
      10.189449      12.491281      31.675009      -6.037760     -14.320570     -31.962874
      10.157131      12.408143      31.718373      -5.997411     -14.239900     -32.006816
      10.124705      12.324689      31.761585      -5.956954     -14.158909     -32.050605
      10.092170      12.240918      31.804643      -5.916390     -14.077598     -32.094241
      10.059527      12.156832      31.847544      -5.875720     -13.995966     -32.137719
      10.026776      12.072432      31.890285      -5.834944     -13.914014     -32.181038
       9.993916      11.987716      31.932865      -5.794061     -13.831743     -32.224195
       9.960949      11.902687      31.975280      -5.753073     -13.749154     -32.267188
       9.927875      11.817344      32.017529      -5.711980     -13.666246     -32.310014
       9.894693      11.731689      32.059609      -5.670782     -13.583020     -32.352670
       9.861405      11.645721      32.101517      -5.629479     -13.499478     -32.395155
       9.828011      11.559442      32.143251      -5.588071     -13.415619     -32.437466
       9.794510      11.472852      32.184808      -5.546560     -13.331444     -32.479599
       9.760904      11.385951      32.226186      -5.504945     -13.246955     -32.521554
       9.727192      11.298742      32.267382      -5.463226     -13.162152     -32.563326
       9.693376      11.211223      32.308394      -5.421405     -13.077035     -32.604914
       9.659455      11.123397      32.349219      -5.379481     -12.991605     -32.646316
       9.625430      11.035264      32.389855      -5.337455     -12.905863     -32.687528
       9.591301      10.946824      32.430299      -5.295327     -12.819811     -32.728547
       9.557069      10.858080      32.470548      -5.253098     -12.733448     -32.769373
       9.522735      10.769030      32.510601      -5.210769     -12.646777     -32.810001
       9.488297      10.679678      32.550454      -5.168338     -12.559797     -32.850430
       9.453758      10.590022      32.590106      -5.125808     -12.472510     -32.890657
       9.419118      10.500066      32.629553      -5.083179     -12.384916     -32.930679
       9.384376      10.409809      32.668792      -5.040450     -12.297018     -32.970494
       9.349534      10.319252      32.707823      -4.997623     -12.208815     -33.010099
       9.314593      10.228397      32.746641      -4.954698     -12.120309     -33.049492
       9.279551      10.137245      32.785244      -4.911676     -12.031501     -33.088670
       9.244411      10.045797      32.823630      -4.868557     -11.942393     -33.127631
       9.209173       9.954054      32.861797      -4.825341     -11.852985     -33.166372
       9.173837       9.862018      32.899741      -4.782030     -11.763278     -33.204891
       9.138403       9.769689      32.937460      -4.738624     -11.673275     -33.243184
       9.102873       9.677069      32.974952      -4.695122     -11.582975     -33.281250
       9.067247       9.584159      33.012214      -4.651527     -11.492381     -33.319086
       9.031526       9.490961      33.049244      -4.607839     -11.401494     -33.356690
       8.995709       9.397475      33.086038      -4.564057     -11.310315     -33.394058
       8.959799       9.303704      33.122595      -4.520184     -11.218846     -33.431189
       8.923795       9.209649      33.158912      -4.476219     -11.127087     -33.468079
       8.887699       9.115311      33.194987      -4.432163     -11.035042     -33.504727
       8.851510       9.020692      33.230817      -4.388017     -10.942710     -33.541130
       8.815229       8.925793      33.266399      -4.343782     -10.850094     -33.577285
       8.778858       8.830616      33.301731      -4.299458     -10.757195     -33.613190
       8.742397       8.735162      33.336810      -4.255045     -10.664015     -33.648843
       8.705847       8.639433      33.371635      -4.210546     -10.570555     -33.684240
       8.669208       8.543431      33.406202      -4.165959     -10.476817     -33.719379
       8.632481       8.447158      33.440509      -4.121287     -10.382803     -33.754259
       8.595667       8.350615      33.474553      -4.076530     -10.288514     -33.788876
       8.558766       8.253803      33.508333      -4.031689     -10.193953     -33.823228
       8.521780       8.156726      33.541846      -3.986764     -10.099120     -33.857312
       8.484710       8.059384      33.575088      -3.941756     -10.004019     -33.891127
       8.447555       7.961779      33.608059      -3.896666      -9.908650     -33.924669
       8.410318       7.863914      33.640755      -3.851495      -9.813016     -33.957937
       8.372998       7.765789      33.673174      -3.806244      -9.717118     -33.990928
       8.335596       7.667408      33.705314      -3.760914      -9.620959     -34.023639
       8.298114       7.568773      33.737172      -3.715505      -9.524540     -34.056068
       8.260553       7.469884      33.768746      -3.670018      -9.427863     -34.088213
       8.222913       7.370744      33.800033      -3.624455      -9.330932     -34.120072
       8.185194       7.271356      33.831032      -3.578815      -9.233746     -34.151641
       8.147399       7.171721      33.861740      -3.533101      -9.136310     -34.182919
       8.109528       7.071842      33.892154      -3.487312      -9.038624     -34.213904
       8.071581       6.971720      33.922272      -3.441451      -8.940692     -34.244593
       8.033560       6.871358      33.952093      -3.395517      -8.842514     -34.274984
       7.995467       6.770759      33.981613      -3.349512      -8.744094     -34.305074
       7.957300       6.669923      34.010831      -3.303436      -8.645434     -34.334862
       7.919063       6.568855      34.039744      -3.257292      -8.546536     -34.364345
       7.880755       6.467555      34.068350      -3.211079      -8.447403     -34.393521
       7.842378       6.366027      34.096647      -3.164799      -8.348036     -34.422387
       7.803933       6.264273      34.124632      -3.118452      -8.248438     -34.450942
       7.765420       6.162295      34.152304      -3.072041      -8.148611     -34.479184
       7.726842       6.060095      34.179661      -3.025565      -8.048559     -34.507109
       7.688198       5.957677      34.206700      -2.979026      -7.948283     -34.534717
       7.649490       5.855042      34.233419      -2.932425      -7.847786     -34.562005
       7.610719       5.752193      34.259816      -2.885763      -7.747071     -34.588971
       7.571886       5.649133      34.285889      -2.839041      -7.646140     -34.615613
       7.532992       5.545865      34.311636      -2.792260      -7.544995     -34.641929
       7.494039       5.442390      34.337056      -2.745421      -7.443640     -34.667916
       7.455027       5.338712      34.362145      -2.698526      -7.342076     -34.693573
       7.415957       5.234833      34.386902      -2.651576      -7.240307     -34.718899
       7.376831       5.130756      34.411325      -2.604571      -7.138336     -34.743890
       7.337650       5.026484      34.435413      -2.557513      -7.036165     -34.768545
       7.298415       4.922019      34.459162      -2.510402      -6.933796     -34.792862
       7.259127       4.817364      34.482572      -2.463241      -6.831233     -34.816840
       7.219787       4.712523      34.505641      -2.416031      -6.728479     -34.840476
       7.180397       4.607497      34.528367      -2.368771      -6.625536     -34.863768
       7.140957       4.502290      34.550747      -2.321465      -6.522406     -34.886716
       7.101469       4.396905      34.572780      -2.274112      -6.419094     -34.909316
       7.061935       4.291345      34.594465      -2.226715      -6.315602     -34.931568
       7.022355       4.185611      34.615800      -2.179273      -6.211933     -34.953469
       6.982730       4.079709      34.636783      -2.131790      -6.108090     -34.975018
       6.943062       3.973639      34.657412      -2.084265      -6.004075     -34.996213
       6.903352       3.867406      34.677685      -2.036700      -5.899893     -35.017053
       6.863602       3.761013      34.697602      -1.989097      -5.795545     -35.037536
       6.823812       3.654462      34.717161      -1.941456      -5.691035     -35.057661
       6.783984       3.547757      34.736359      -1.893780      -5.586366     -35.077425
       6.744120       3.440900      34.755196      -1.846068      -5.481541     -35.096827
       6.704219       3.333896      34.773670      -1.798323      -5.376564     -35.115866
       6.664285       3.226746      34.791780      -1.750545      -5.271437     -35.134541
       6.624317       3.119455      34.809523      -1.702737      -5.166164     -35.152850
       6.584318       3.012025      34.826900      -1.654899      -5.060747     -35.170791
       6.544289       2.904459      34.843907      -1.607033      -4.955190     -35.188364
       6.504231       2.796761      34.860545      -1.559140      -4.849497     -35.205566
       6.464145       2.688934      34.876812      -1.511221      -4.743670     -35.222398
       6.424032       2.580982      34.892706      -1.463278      -4.637713     -35.238856
       6.383895       2.472907      34.908227      -1.415313      -4.531628     -35.254941
       6.343735       2.364713      34.923372      -1.367325      -4.425420     -35.270650
       6.303552       2.256403      34.938142      -1.319318      -4.319092     -35.285984
       6.263348       2.147980      34.952534      -1.271291      -4.212646     -35.300940
       6.223125       2.039449      34.966548      -1.223247      -4.106087     -35.315517
       6.182884       1.930811      34.980182      -1.175188      -3.999418     -35.329715
       6.142626       1.822072      34.993437      -1.127113      -3.892641     -35.343533
       6.102353       1.713233      35.006309      -1.079025      -3.785761     -35.356968
       6.062066       1.604298      35.018800      -1.030926      -3.678781     -35.370022
       6.021766       1.495272      35.030907      -0.982815      -3.571704     -35.382692
       5.981455       1.386156      35.042630      -0.934696      -3.464534     -35.394978
       5.941135       1.276956      35.053969      -0.886569      -3.357274     -35.406879
       5.900806       1.167673      35.064921      -0.838436      -3.249927     -35.418393
       5.860471       1.058312      35.075487      -0.790298      -3.142498     -35.429521
       5.820130       0.948877      35.085666      -0.742157      -3.034989     -35.440262
       5.779785       0.839369      35.095456      -0.694014      -2.927404     -35.450614
       5.739437       0.729794      35.104858      -0.645870      -2.819747     -35.460578
       5.699089       0.620155      35.113871      -0.597727      -2.712021     -35.470152
       5.658740       0.510454      35.122494      -0.549586      -2.604229     -35.479337
       5.618394       0.400696      35.130726      -0.501449      -2.496376     -35.488130
       5.578050       0.290885      35.138568      -0.453317      -2.388464     -35.496533
       5.537711       0.181023      35.146018      -0.405192      -2.280498     -35.504544
       5.497378       0.071114      35.153076      -0.357074      -2.172480     -35.512163
       5.457053      -0.038837      35.159742      -0.308967      -2.064414     -35.519389
       5.416736      -0.148829      35.166015      -0.260870      -1.956304     -35.526223
       5.376430      -0.258856      35.171895      -0.212786      -1.848154     -35.532664
       5.336136      -0.368916      35.177383      -0.164715      -1.739967     -35.538711
       5.295855      -0.479005      35.182476      -0.116660      -1.631746     -35.544364
       5.255588      -0.589120      35.187176      -0.068621      -1.523496     -35.549624
       5.215338      -0.699256      35.191482      -0.020601      -1.415219     -35.554490
       5.175105      -0.809410      35.195394       0.027400      -1.306919     -35.558961
       5.134892      -0.919579      35.198912       0.075380      -1.198600     -35.563039
       5.094698      -1.029759      35.202036       0.123337      -1.090266     -35.566722
       5.054527      -1.139947      35.204766       0.171270      -0.981920     -35.570010
       5.014379      -1.250138      35.207101       0.219178      -0.873565     -35.572905
       4.974256      -1.360330      35.209043       0.267059      -0.765206     -35.575405
       4.934159      -1.470518      35.210590       0.314912      -0.656845     -35.577510
       4.894090      -1.580700      35.211744       0.362735      -0.548487     -35.579222
       4.854050      -1.690871      35.212503       0.410527      -0.440134     -35.580540
       4.814040      -1.801028      35.212870       0.458286      -0.331791     -35.581464
       4.774063      -1.911168      35.212843       0.506012      -0.223461     -35.581995
       4.734118      -2.021287      35.212423       0.553702      -0.115148     -35.582133
       4.694209      -2.131381      35.211610       0.601355      -0.006855     -35.581878
       4.654336      -2.241447      35.210405       0.648970       0.101415     -35.581230
       4.614501      -2.351481      35.208809       0.696545       0.209657     -35.580191
       4.574704      -2.461480      35.206821       0.744079       0.317869     -35.578759
       4.534948      -2.571440      35.204441       0.791570       0.426046     -35.576937
       4.495234      -2.681358      35.201672       0.839018       0.534185     -35.574724
       4.455564      -2.791230      35.198512       0.886420       0.642283     -35.572121
       4.415938      -2.901053      35.194963       0.933775       0.750336     -35.569128
       4.376358      -3.010823      35.191025       0.981083       0.858341     -35.565747
       4.336825      -3.120537      35.186700       1.028341       0.966294     -35.561977
       4.297342      -3.230191      35.181987       1.075548       1.074192     -35.557819
       4.257908      -3.339782      35.176887       1.122702       1.182031     -35.553275
       4.218527      -3.449306      35.171401       1.169803       1.289808     -35.548345
       4.179198      -3.558761      35.165530       1.216849       1.397519     -35.543029
       4.139923      -3.668141      35.159275       1.263839       1.505161     -35.537330
       4.100705      -3.777445      35.152637       1.310771       1.612731     -35.531246
       4.061543      -3.886669      35.145616       1.357644       1.720225     -35.524780
       4.022440      -3.995809      35.138214       1.404456       1.827640     -35.517932
       3.983396      -4.104862      35.130431       1.451207       1.934972     -35.510704
       3.944413      -4.213824      35.122268       1.497895       2.042218     -35.503095
       3.905493      -4.322693      35.113727       1.544518       2.149375     -35.495108
       3.866637      -4.431465      35.104809       1.591075       2.256439     -35.486744
       3.827845      -4.540136      35.095514       1.637566       2.363408     -35.478003
       3.789120      -4.648704      35.085844       1.683988       2.470277     -35.468886
       3.750462      -4.757165      35.075800       1.730341       2.577044     -35.459396
       3.711873      -4.865516      35.065384       1.776623       2.683705     -35.449532
       3.673354      -4.973754      35.054595       1.822832       2.790257     -35.439297
       3.634906      -5.081875      35.043437       1.868969       2.896697     -35.428691
       3.596531      -5.189877      35.031909       1.915030       3.003022     -35.417716
       3.558230      -5.297755      35.020014       1.961016       3.109229     -35.406374
       3.520005      -5.405508      35.007752       2.006924       3.215313     -35.394664
       3.481855      -5.513131      34.995126       2.052754       3.321273     -35.382590
       3.443783      -5.620622      34.982136       2.098505       3.427105     -35.370152
       3.405790      -5.727978      34.968784       2.144175       3.532807     -35.357352
       3.367876      -5.835195      34.955072       2.189763       3.638374     -35.344192
       3.330044      -5.942271      34.941001       2.235267       3.743804     -35.330672
       3.292294      -6.049203      34.926572       2.280687       3.849094     -35.316794
       3.254628      -6.155987      34.911787       2.326022       3.954241     -35.302560
       3.217046      -6.262620      34.896648       2.371270       4.059242     -35.287972
       3.179550      -6.369101      34.881156       2.416430       4.164094     -35.273031
       3.142141      -6.475425      34.865314       2.461502       4.268795     -35.257739
       3.104820      -6.581589      34.849122       2.506483       4.373340     -35.242097
       3.067588      -6.687592      34.832582       2.551373       4.477728     -35.226108
       3.030447      -6.793430      34.815696       2.596170       4.581955     -35.209772
       2.993396      -6.899100      34.798466       2.640874       4.686019     -35.193092
       2.956439      -7.004600      34.780894       2.685484       4.789917     -35.176069
       2.919574      -7.109927      34.762981       2.729998       4.893646     -35.158706
       2.882805      -7.215077      34.744730       2.774415       4.997203     -35.141004
       2.846131      -7.320049      34.726141       2.818735       5.100586     -35.122964
       2.809554      -7.424839      34.707218       2.862956       5.203792     -35.104590
       2.773074      -7.529445      34.687961       2.907077       5.306818     -35.085882
       2.736693      -7.633865      34.668373       2.951098       5.409662     -35.066842
       2.700412      -7.738095      34.648456       2.995017       5.512321     -35.047474
       2.664231      -7.842134      34.628212       3.038833       5.614792     -35.027777
       2.628153      -7.945978      34.607642       3.082545       5.717074     -35.007755
       2.592176      -8.049625      34.586749       3.126152       5.819163     -34.987410
       2.556304      -8.153073      34.565535       3.169654       5.921057     -34.966743
       2.520536      -8.256319      34.544001       3.213050       6.022753     -34.945757
       2.484873      -8.359360      34.522150       3.256338       6.124249     -34.924453
       2.449317      -8.462195      34.499984       3.299517       6.225543     -34.902835
       2.413868      -8.564821      34.477505       3.342587       6.326632     -34.880902
       2.378527      -8.667235      34.454715       3.385547       6.427514     -34.858659
       2.343296      -8.769436      34.431617       3.428395       6.528187     -34.836107
       2.308174      -8.871420      34.408211       3.471132       6.628648     -34.813248
       2.273163      -8.973186      34.384502       3.513756       6.728895     -34.790084
       2.238264      -9.074732      34.360489       3.556266       6.828926     -34.766618
       2.203477      -9.176055      34.336177       3.598662       6.928738     -34.742851
       2.168803      -9.277153      34.311567       3.640942       7.028330     -34.718787
       2.134244      -9.378025      34.286661       3.683107       7.127700     -34.694426
       2.099799      -9.478667      34.261462       3.725154       7.226844     -34.669772
       2.065470      -9.579078      34.235972       3.767084       7.325762     -34.644827
       2.031257      -9.679256      34.210193       3.808895       7.424451     -34.619592
       1.997161      -9.779198      34.184127       3.850587       7.522909     -34.594071
       1.963184      -9.878903      34.157776       3.892159       7.621134     -34.568265
       1.929325      -9.978370      34.131144       3.933611       7.719124     -34.542177
       1.895585     -10.077595      34.104232       3.974941       7.816877     -34.515809
       1.861965     -10.176577      34.077043       4.016149       7.914392     -34.489163
       1.828466     -10.275315      34.049578       4.057234       8.011667     -34.462242
       1.795088     -10.373806      34.021841       4.098196       8.108699     -34.435048
       1.761833     -10.472048      33.993833       4.139033       8.205487     -34.407584
       1.728699     -10.570040      33.965557       4.179746       8.302029     -34.379851
       1.695690     -10.667781      33.937016       4.220334       8.398324     -34.351853
       1.662804     -10.765268      33.908211       4.260796       8.494369     -34.323591
       1.630043     -10.862499      33.879146       4.301131       8.590163     -34.295068
       1.597407     -10.959474      33.849822       4.341338       8.685705     -34.266286
       1.564896     -11.056190      33.820242       4.381419       8.780993     -34.237248
       1.532512     -11.152646      33.790408       4.421370       8.876024     -34.207956
       1.500255     -11.248841      33.760323       4.461193       8.970799     -34.178412
       1.468125     -11.344772      33.729988       4.500886       9.065314     -34.148620
       1.436123     -11.440439      33.699408       4.540450       9.159570     -34.118580
       1.404249     -11.535840      33.668583       4.579883       9.253563     -34.088297
       1.372505     -11.630973      33.637517       4.619185       9.347294     -34.057771
       1.340889     -11.725838      33.606212       4.658355       9.440760     -34.027007
       1.309404     -11.820432      33.574669       4.697394       9.533959     -33.996005
       1.278049     -11.914755      33.542893       4.736300       9.626892     -33.964769
       1.246825     -12.008805      33.510884       4.775073       9.719556     -33.933300
       1.215732     -12.102581      33.478646       4.813713       9.811950     -33.901602
       1.184771     -12.196082      33.446182       4.852219       9.904074     -33.869677
       1.153942     -12.289306      33.413492       4.890591       9.995925     -33.837527
       1.123245     -12.382252      33.380581       4.928828      10.087502     -33.805155
       1.092681     -12.474920      33.347449       4.966930      10.178805     -33.772563
       1.062251     -12.567307      33.314101       5.004897      10.269832     -33.739753
       1.031954     -12.659414      33.280538       5.042729      10.360583     -33.706729
       1.001791     -12.751238      33.246762       5.080424      10.451055     -33.673492
       0.971763     -12.842779      33.212777       5.117983      10.541249     -33.640044
       0.941869     -12.934037      33.178584       5.155405      10.631163     -33.606390
       0.912110     -13.025009      33.144186       5.192690      10.720796     -33.572530
       0.882487     -13.115695      33.109585       5.229837      10.810147     -33.538467
       0.852999     -13.206094      33.074785       5.266847      10.899216     -33.504204
       0.823646     -13.296205      33.039787       5.303719      10.988001     -33.469743
       0.794431     -13.386028      33.004593       5.340453      11.076501     -33.435086
       0.765351     -13.475561      32.969207       5.377049      11.164717     -33.400237
       0.736408     -13.564804      32.933630       5.413505      11.252646     -33.365196
       0.707602     -13.653756      32.897865       5.449823      11.340288     -33.329968
       0.678933     -13.742416      32.861914       5.486002      11.427643     -33.294554
       0.650402     -13.830783      32.825781       5.522041      11.514710     -33.258956
       0.622007     -13.918858      32.789466       5.557940      11.601487     -33.223178
       0.593751     -14.006638      32.752974       5.593700      11.687975     -33.187220
       0.565633     -14.094124      32.716305       5.629320      11.774173     -33.151087
       0.537652     -14.181315      32.679463       5.664799      11.860080     -33.114780
       0.509810     -14.268210      32.642449       5.700139      11.945695     -33.078301
       0.482106     -14.354809      32.605267       5.735338      12.031018     -33.041654
       0.454541     -14.441112      32.567918       5.770396      12.116049     -33.004840
       0.427114     -14.527117      32.530405       5.805313      12.200787     -32.967861
       0.399826     -14.612824      32.492730       5.840090      12.285231     -32.930720
       0.372677     -14.698233      32.454896       5.874726      12.369382     -32.893420
       0.345667     -14.783344      32.416905       5.909221      12.453238     -32.855963
       0.318796     -14.868155      32.378759       5.943574      12.536799     -32.818351
       0.292064     -14.952668      32.340460       5.977787      12.620065     -32.780586
       0.265471     -15.036880      32.302012       6.011858      12.703036     -32.742670
       0.239018     -15.120793      32.263416       6.045788      12.785710     -32.704607
       0.212703     -15.204405      32.224674       6.079576      12.868089     -32.666398
       0.186528     -15.287716      32.185789       6.113224      12.950171     -32.628045
       0.160493     -15.370727      32.146763       6.146729      13.031956     -32.589552
       0.134596     -15.453437      32.107598       6.180094      13.113445     -32.550919
       0.108840     -15.535845      32.068297       6.213316      13.194636     -32.512150
       0.083222     -15.617952      32.028862       6.246398      13.275530     -32.473247
       0.057744     -15.699757      31.989295       6.279338      13.356127     -32.434211
       0.032405     -15.781260      31.949599       6.312136      13.436426     -32.395046
       0.007205     -15.862462      31.909774       6.344793      13.516428     -32.355753
      -0.017855     -15.943361      31.869825       6.377309      13.596131     -32.316334
      -0.042776     -16.023959      31.829752       6.409684      13.675537     -32.276792
      -0.067558     -16.104254      31.789559       6.441917      13.754645     -32.237129
      -0.092201     -16.184247      31.749247       6.474009      13.833454     -32.197347
      -0.116705     -16.263938      31.708818       6.505960      13.911966     -32.157449
      -0.141070     -16.343327      31.668275       6.537770      13.990180     -32.117435
      -0.165296     -16.422414      31.627620       6.569439      14.068096     -32.077310
      -0.189383     -16.501199      31.586854       6.600967      14.145714     -32.037073
      -0.213332     -16.579681      31.545981       6.632354      14.223034     -31.996729
      -0.237142     -16.657862      31.505002       6.663601      14.300056     -31.956279
      -0.260814     -16.735741      31.463918       6.694707      14.376781     -31.915724
      -0.284347     -16.813319      31.422733       6.725673      14.453208     -31.875068
      -0.307743     -16.890595      31.381449       6.756499      14.529338     -31.834311
      -0.331000     -16.967569      31.340067       6.787185      14.605171     -31.793457
      -0.354119     -17.044242      31.298589       6.817730      14.680706     -31.752507
      -0.377101     -17.120615      31.257017       6.848136      14.755945     -31.711463
      -0.399945     -17.196687      31.215355       6.878402      14.830888     -31.670328
      -0.422652     -17.272458      31.173602       6.908529      14.905534     -31.629103
      -0.445222     -17.347929      31.131762       6.938516      14.979883     -31.587790
      -0.467654     -17.423100      31.089837       6.968365      15.053938     -31.546391
      -0.489950     -17.497971      31.047827       6.998074      15.127696     -31.504908
      -0.512109     -17.572543      31.005736       7.027645      15.201159     -31.463343
      -0.534132     -17.646816      30.963566       7.057077      15.274328     -31.421699
      -0.556019     -17.720791      30.921317       7.086371      15.347202     -31.379976
      -0.577770     -17.794467      30.878993       7.115527      15.419781     -31.338178
      -0.599385     -17.867845      30.836595       7.144545      15.492067     -31.296305
      -0.620864     -17.940925      30.794124       7.173426      15.564060     -31.254360
      -0.642208     -18.013709      30.751584       7.202169      15.635759     -31.212344
      -0.663417     -18.086195      30.708974       7.230775      15.707166     -31.170259
      -0.684492     -18.158385      30.666299       7.259244      15.778280     -31.128108
      -0.705432     -18.230280      30.623558       7.287576      15.849103     -31.085892
      -0.726237     -18.301879      30.580755       7.315772      15.919634     -31.043613
      -0.746909     -18.373183      30.537890       7.343832      15.989875     -31.001272
      -0.767447     -18.444192      30.494966       7.371757      16.059825     -30.958872
      -0.787851     -18.514908      30.451985       7.399545      16.129486     -30.916414
      -0.808122     -18.585330      30.408947       7.427199      16.198857     -30.873899
      -0.828261     -18.655459      30.365856       7.454717      16.267939     -30.831331
      -0.848267     -18.725296      30.322712       7.482101      16.336733     -30.788710
      -0.868140     -18.794841      30.279518       7.509350      16.405239     -30.746038
      -0.887882     -18.864095      30.236274       7.536465      16.473459     -30.703316
      -0.907491     -18.933058      30.192983       7.563446      16.541391     -30.660548
      -0.926970     -19.001731      30.149647       7.590294      16.609038     -30.617733
      -0.946317     -19.070115      30.106266       7.617009      16.676399     -30.574874
      -0.965534     -19.138209      30.062843       7.643591      16.743475     -30.531973
      -0.984620     -19.206016      30.019380       7.670040      16.810268     -30.489030
      -1.003576     -19.273535      29.975877       7.696357      16.876776     -30.446049
      -1.022402     -19.340766      29.932337       7.722543      16.943002     -30.403029
      -1.041099     -19.407712      29.888761       7.748596      17.008946     -30.359974
      -1.059667     -19.474372      29.845151       7.774519      17.074608     -30.316884
      -1.078106     -19.540747      29.801507       7.800311      17.139989     -30.273760
      -1.096417     -19.606838      29.757833       7.825972      17.205090     -30.230606
      -1.114600     -19.672645      29.714128       7.851503      17.269912     -30.187421
      -1.132655     -19.738169      29.670396       7.876904      17.334454     -30.144208
      -1.150582     -19.803411      29.626636       7.902176      17.398719     -30.100967
      -1.168383     -19.868371      29.582852       7.927319      17.462706     -30.057702
      -1.186057     -19.933051      29.539043       7.952333      17.526416     -30.014412
      -1.203605     -19.997451      29.495213       7.977219      17.589851     -29.971100
      -1.221027     -20.061572      29.451361       8.001976      17.653011     -29.927766
      -1.238324     -20.125414      29.407490       8.026606      17.715896     -29.884413
      -1.255495     -20.188978      29.363600       8.051109      17.778507     -29.841041
      -1.272542     -20.252266      29.319694       8.075485      17.840845     -29.797653
      -1.289464     -20.315277      29.275773       8.099735      17.902912     -29.754249
      -1.306262     -20.378013      29.231838       8.123859      17.964707     -29.710830
      -1.322937     -20.440475      29.187890       8.147857      18.026232     -29.667399
      -1.339489     -20.502663      29.143931       8.171729      18.087486     -29.623957
      -1.355918     -20.564577      29.099962       8.195477      18.148472     -29.580504
      -1.372225     -20.626220      29.055984       8.219100      18.209190     -29.537042
      -1.388409     -20.687591      29.011999       8.242599      18.269641     -29.493573
      -1.404472     -20.748692      28.968008       8.265975      18.329825     -29.450098
      -1.420414     -20.809523      28.924012       8.289227      18.389743     -29.406617
      -1.436235     -20.870085      28.880012       8.312356      18.449397     -29.363133
      -1.451936     -20.930380      28.836011       8.335363      18.508787     -29.319646
      -1.467516     -20.990407      28.792008       8.358248      18.567914     -29.276158
      -1.482978     -21.050168      28.748005       8.381011      18.626778     -29.232670
      -1.498320     -21.109663      28.704004       8.403652      18.685381     -29.189183
      -1.513543     -21.168894      28.660005       8.426173      18.743724     -29.145698
      -1.528648     -21.227862      28.616010       8.448574      18.801807     -29.102217
      -1.543636     -21.286566      28.572020       8.470855      18.859631     -29.058740
      -1.558505     -21.345009      28.528036       8.493016      18.917197     -29.015269
      -1.573258     -21.403191      28.484059       8.515058      18.974507     -28.971806
      -1.587894     -21.461112      28.440090       8.536981      19.031560     -28.928350
      -1.602414     -21.518775      28.396131       8.558786      19.088358     -28.884903
      -1.616819     -21.576179      28.352182       8.580473      19.144902     -28.841466
      -1.631108     -21.633325      28.308244       8.602042      19.201192     -28.798041
      -1.645282     -21.690215      28.264320       8.623495      19.257230     -28.754628
      -1.659341     -21.746850      28.220409       8.644831      19.313016     -28.711229
      -1.673287     -21.803230      28.176513       8.666051      19.368551     -28.667844
      -1.687119     -21.859356      28.132632       8.687155      19.423837     -28.624475
      -1.700838     -21.915229      28.088768       8.708143      19.478874     -28.581122
      -1.714444     -21.970850      28.044922       8.729017      19.533663     -28.537787
      -1.727938     -22.026220      28.001095       8.749777      19.588205     -28.494470
      -1.741320     -22.081340      27.957288       8.770423      19.642501     -28.451173
      -1.754591     -22.136211      27.913501       8.790955      19.696552     -28.407896
      -1.767750     -22.190834      27.869736       8.811374      19.750358     -28.364641
      -1.780799     -22.245210      27.825994       8.831680      19.803921     -28.321408
      -1.793738     -22.299339      27.782275       8.851874      19.857242     -28.278198
      -1.806568     -22.353222      27.738581       8.871957      19.910322     -28.235013
      -1.819288     -22.406862      27.694912       8.891928      19.963161     -28.191853
      -1.831900     -22.460258      27.651269       8.911788      20.015760     -28.148719
      -1.844403     -22.513411      27.607653       8.931537      20.068121     -28.105611
      -1.856798     -22.566323      27.564066       8.951177      20.120244     -28.062532
      -1.869086     -22.618994      27.520507       8.970707      20.172131     -28.019481
      -1.881267     -22.671425      27.476979       8.990128      20.223782     -27.976460
      -1.893341     -22.723617      27.433480       9.009440      20.275198     -27.933469
      -1.905309     -22.775572      27.390014       9.028644      20.326380     -27.890509
      -1.917172     -22.827290      27.346579       9.047740      20.377329     -27.847582
      -1.928929     -22.878772      27.303177       9.066729      20.428047     -27.804687
      -1.940581     -22.930019      27.259810       9.085611      20.478533     -27.761825
      -1.952130     -22.981032      27.216477       9.104387      20.528790     -27.718998
      -1.963574     -23.031812      27.173179       9.123056      20.578817     -27.676206
      -1.974915     -23.082360      27.129917       9.141620      20.628617     -27.633450
      -1.986153     -23.132677      27.086693       9.160079      20.678189     -27.590731
      -1.997288     -23.182764      27.043506       9.178433      20.727535     -27.548049
      -2.008321     -23.232621      27.000357       9.196683      20.776655     -27.505405
      -2.019253     -23.282251      26.957248       9.214829      20.825552     -27.462800
      -2.030083     -23.331653      26.914178       9.232872      20.874225     -27.420235
      -2.040813     -23.380829      26.871149       9.250812      20.922676     -27.377710
      -2.051442     -23.429779      26.828160       9.268649      20.970905     -27.335226
      -2.061972     -23.478505      26.785214       9.286384      21.018914     -27.292783
      -2.072402     -23.527008      26.742311       9.304018      21.066704     -27.250383
      -2.082733     -23.575288      26.699450       9.321551      21.114275     -27.208025
      -2.092965     -23.623346      26.656633       9.338982      21.161628     -27.165711
      -2.103099     -23.671184      26.613861       9.356314      21.208765     -27.123442
      -2.113136     -23.718803      26.571134       9.373546      21.255686     -27.081217
      -2.123075     -23.766203      26.528453       9.390678      21.302392     -27.039038
      -2.132918     -23.813385      26.485818       9.407712      21.348885     -26.996905
      -2.142664     -23.860350      26.443229       9.424647      21.395165     -26.954818
      -2.152315     -23.907100      26.400689       9.441484      21.441233     -26.912779
      -2.161869     -23.953635      26.358196       9.458223      21.487090     -26.870787
      -2.171329     -23.999956      26.315752       9.474865      21.532737     -26.828844
      -2.180694     -24.046064      26.273358       9.491410      21.578175     -26.786950
      -2.189965     -24.091960      26.231013       9.507859      21.623405     -26.745106
      -2.199143     -24.137646      26.188718       9.524212      21.668429     -26.703311
      -2.208227     -24.183121      26.146474       9.540470      21.713245     -26.661567
      -2.217218     -24.228387      26.104282       9.556633      21.757857     -26.619875
      -2.226116     -24.273444      26.062142       9.572701      21.802265     -26.578234
      -2.234923     -24.318295      26.020054       9.588675      21.846469     -26.536645
      -2.243638     -24.362939      25.978019       9.604555      21.890471     -26.495108
      -2.252262     -24.407378      25.936037       9.620342      21.934271     -26.453625
      -2.260796     -24.451613      25.894109       9.636036      21.977871     -26.412196
      -2.269239     -24.495644      25.852236       9.651638      22.021271     -26.370820
      -2.277592     -24.539472      25.810417       9.667147      22.064473     -26.329499
      -2.285855     -24.583099      25.768654       9.682565      22.107477     -26.288234
      -2.294030     -24.626526      25.726946       9.697892      22.150284     -26.247023
      -2.302116     -24.669752      25.685295       9.713129      22.192895     -26.205869
      -2.310114     -24.712780      25.643700       9.728274      22.235312     -26.164771
      -2.318025     -24.755610      25.602162       9.743330      22.277534     -26.123730
      -2.325848     -24.798243      25.560682       9.758297      22.319564     -26.082746
      -2.333584     -24.840680      25.519259       9.773174      22.361401     -26.041819
      -2.341233     -24.882921      25.477895       9.787963      22.403047     -26.000951
      -2.348797     -24.924969      25.436589       9.802664      22.444503     -25.960141
      -2.356275     -24.966823      25.395343       9.817277      22.485769     -25.919390
      -2.363668     -25.008485      25.354156       9.831802      22.526847     -25.878698
      -2.370976     -25.049956      25.313029       9.846241      22.567737     -25.838065
      -2.378199     -25.091236      25.271962       9.860593      22.608441     -25.797493
      -2.385339     -25.132326      25.230955       9.874859      22.648958     -25.756980
      -2.392395     -25.173227      25.190010       9.889039      22.689291     -25.716529
      -2.399368     -25.213941      25.149125       9.903134      22.729440     -25.676138
      -2.406258     -25.254468      25.108303       9.917143      22.769406     -25.635809
      -2.413065     -25.294809      25.067542       9.931069      22.809190     -25.595541
      -2.419791     -25.334964      25.026843       9.944910      22.848792     -25.555335
      -2.426436     -25.374935      24.986207       9.958668      22.888214     -25.515192
      -2.432999     -25.414723      24.945634       9.972342      22.927457     -25.475111
      -2.439481     -25.454329      24.905124       9.985934      22.966521     -25.435093
      -2.445884     -25.493753      24.864677       9.999443      23.005407     -25.395139
      -2.452206     -25.532996      24.824294      10.012870      23.044116     -25.355247
      -2.458449     -25.572059      24.783976      10.026215      23.082650     -25.315420
      -2.464612     -25.610944      24.743721      10.039479      23.121008     -25.275657
      -2.470697     -25.649650      24.703531      10.052662      23.159192     -25.235958
      -2.476704     -25.688179      24.663406      10.065764      23.197203     -25.196323
      -2.482632     -25.726532      24.623346      10.078787      23.235041     -25.156754
      -2.488483     -25.764709      24.583352      10.091729      23.272707     -25.117249
      -2.494257     -25.802712      24.543423      10.104593      23.310203     -25.077810
      -2.499954     -25.840540      24.503560      10.117377      23.347529     -25.038436
      -2.505575     -25.878196      24.463763      10.130083      23.384685     -24.999129
      -2.511120     -25.915680      24.424033      10.142711      23.421674     -24.959887
      -2.516589     -25.952993      24.384369      10.155261      23.458495     -24.920712
      -2.521983     -25.990135      24.344771      10.167734      23.495149     -24.881603
      -2.527302     -26.027108      24.305241      10.180129      23.531638     -24.842561
      -2.532547     -26.063912      24.265778      10.192448      23.567962     -24.803586
      -2.537718     -26.100548      24.226383      10.204691      23.604122     -24.764678
      -2.542815     -26.137017      24.187055      10.216858      23.640119     -24.725838
      -2.547838     -26.173320      24.147794      10.228949      23.675953     -24.687065
      -2.552789     -26.209458      24.108602      10.240965      23.711626     -24.648359
      -2.557667     -26.245431      24.069478      10.252906      23.747138     -24.609722
      -2.562473     -26.281240      24.030423      10.264774      23.782491     -24.571152
      -2.567206     -26.316887      23.991436      10.276567      23.817684     -24.532651
      -2.571869     -26.352371      23.952517      10.288286      23.852719     -24.494219
      -2.576460     -26.387694      23.913667      10.299932      23.887596     -24.455855
      -2.580981     -26.422857      23.874887      10.311505      23.922317     -24.417559
      -2.585431     -26.457860      23.836176      10.323006      23.956882     -24.379333
      -2.589812     -26.492704      23.797533      10.334434      23.991292     -24.341176
      -2.594122     -26.527390      23.758961      10.345791      24.025548     -24.303087
      -2.598364     -26.561919      23.720458      10.357076      24.059650     -24.265069
      -2.602536     -26.596291      23.682025      10.368290      24.093599     -24.227119
      -2.606640     -26.630508      23.643661      10.379433      24.127397     -24.189239
      -2.610675     -26.664570      23.605368      10.390506      24.161044     -24.151429
      -2.614643     -26.698478      23.567144      10.401509      24.194540     -24.113689
      -2.618543     -26.732232      23.528991      10.412442      24.227887     -24.076019
      -2.622377     -26.765834      23.490908      10.423306      24.261085     -24.038419
      -2.626143     -26.799284      23.452896      10.434101      24.294135     -24.000889
      -2.629843     -26.832583      23.414954      10.444827      24.327038     -23.963429
      -2.633476     -26.865732      23.377083      10.455485      24.359794     -23.926039
      -2.637044     -26.898732      23.339283      10.466074      24.392405     -23.888720
      -2.640547     -26.931582      23.301553      10.476597      24.424871     -23.851472
      -2.643984     -26.964285      23.263895      10.487052      24.457192     -23.814294
      -2.647357     -26.996840      23.226307      10.497440      24.489371     -23.777187
      -2.650665     -27.029250      23.188791      10.507761      24.521406     -23.740151
      -2.653909     -27.061513      23.151345      10.518016      24.553300     -23.703186
      -2.657090     -27.093631      23.113971      10.528206      24.585052     -23.666292
      -2.660207     -27.125605      23.076669      10.538329      24.616664     -23.629469
      -2.663261     -27.157436      23.039437      10.548388      24.648136     -23.592716
      -2.666252     -27.189124      23.002277      10.558381      24.679469     -23.556035
      -2.669181     -27.220670      22.965189      10.568310      24.710664     -23.519426
      -2.672047     -27.252075      22.928172      10.578175      24.741722     -23.482887
      -2.674852     -27.283339      22.891226      10.587975      24.772643     -23.446420
      -2.677596     -27.314463      22.854353      10.597712      24.803427     -23.410024
      -2.680278     -27.345448      22.817551      10.607386      24.834076     -23.373700
      -2.682900     -27.376295      22.780820      10.616997      24.864591     -23.337447
      -2.685461     -27.407004      22.744162      10.626545      24.894971     -23.301266
      -2.687962     -27.437576      22.707575      10.636031      24.925219     -23.265156
      -2.690403     -27.468011      22.671060      10.645454      24.955333     -23.229117
      -2.692785     -27.498311      22.634617      10.654816      24.985316     -23.193151
      -2.695107     -27.528476      22.598246      10.664117      25.015168     -23.157255
      -2.697371     -27.558507      22.561947      10.673356      25.044890     -23.121432
      -2.699576     -27.588405      22.525720      10.682535      25.074481     -23.085680
      -2.701722     -27.618169      22.489565      10.691653      25.103944     -23.050000
      -2.703811     -27.647802      22.453481      10.700712      25.133278     -23.014391
      -2.705842     -27.677303      22.417470      10.709710      25.162484     -22.978854
      -2.707816     -27.706673      22.381530      10.718649      25.191563     -22.943389
      -2.709733     -27.735913      22.345663      10.727528      25.220516     -22.907996
      -2.711593     -27.765024      22.309868      10.736349      25.249343     -22.872674
      -2.713396     -27.794006      22.274144      10.745110      25.278045     -22.837424
      -2.715144     -27.822859      22.238493      10.753814      25.306623     -22.802246
      -2.716835     -27.851586      22.202913      10.762460      25.335077     -22.767139
      -2.718471     -27.880185      22.167405      10.771047      25.363408     -22.732104
      -2.720052     -27.908659      22.131970      10.779578      25.391617     -22.697141
      -2.721578     -27.937006      22.096606      10.788051      25.419704     -22.662249
      -2.723049     -27.965229      22.061314      10.796467      25.447669     -22.627429
      -2.724466     -27.993328      22.026094      10.804827      25.475515     -22.592681
      -2.725828     -28.021304      21.990946      10.813130      25.503240     -22.558004
      -2.727137     -28.049156      21.955870      10.821378      25.530846     -22.523399
      -2.728393     -28.076886      21.920866      10.829569      25.558334     -22.488865
      -2.729595     -28.104495      21.885934      10.837705      25.585703     -22.454403
      -2.730744     -28.131982      21.851073      10.845786      25.612956     -22.420012
      -2.731840     -28.159349      21.816284      10.853813      25.640092     -22.385693
      -2.732884     -28.186596      21.781566      10.861784      25.667111     -22.351445
      -2.733876     -28.213724      21.746921      10.869702      25.694015     -22.317268
      -2.734817     -28.240734      21.712347      10.877565      25.720805     -22.283163
      -2.735705     -28.267626      21.677844      10.885374      25.747480     -22.249129
      -2.736543     -28.294400      21.643413      10.893130      25.774041     -22.215167
      -2.737329     -28.321058      21.609054      10.900833      25.800490     -22.181275
      -2.738065     -28.347599      21.574766      10.908483      25.826826     -22.147455
      -2.738750     -28.374025      21.540549      10.916080      25.853050     -22.113706
      -2.739385     -28.400337      21.506404      10.923625      25.879163     -22.080028
      -2.739970     -28.426533      21.472330      10.931118      25.905166     -22.046421
      -2.740505     -28.452616      21.438327      10.938558      25.931058     -22.012885
      -2.740991     -28.478586      21.404396      10.945947      25.956841     -21.979419
      -2.741428     -28.504444      21.370535      10.953285      25.982516     -21.946025
      -2.741816     -28.530189      21.336746      10.960572      26.008081     -21.912701
      -2.742155     -28.555824      21.303027      10.967808      26.033540     -21.879448
      -2.742446     -28.581347      21.269380      10.974993      26.058891     -21.846266
      -2.742689     -28.606760      21.235803      10.982128      26.084135     -21.813154
      -2.742884     -28.632063      21.202297      10.989213      26.109274     -21.780113
      -2.743032     -28.657258      21.168862      10.996248      26.134307     -21.747142
      -2.743132     -28.682343      21.135497      11.003234      26.159235     -21.714242
      -2.743185     -28.707321      21.102203      11.010170      26.184059     -21.681411
      -2.743191     -28.732191      21.068980      11.017057      26.208779     -21.648651
      -2.743151     -28.756955      21.035827      11.023896      26.233396     -21.615961
      -2.743064     -28.781612      21.002744      11.030686      26.257910     -21.583342
      -2.742931     -28.806164      20.969732      11.037428      26.282323     -21.550792
      -2.742753     -28.830610      20.936790      11.044121      26.306633     -21.518312
      -2.742529     -28.854951      20.903917      11.050767      26.330843     -21.485902
      -2.742259     -28.879189      20.871115      11.057365      26.354952     -21.453561
      -2.741945     -28.903323      20.838383      11.063916      26.378961     -21.421290
      -2.741585     -28.927353      20.805721      11.070420      26.402871     -21.389089
      -2.741181     -28.951282      20.773128      11.076877      26.426682     -21.356957
      -2.740733     -28.975108      20.740605      11.083287      26.450395     -21.324895
      -2.740240     -28.998833      20.708152      11.089651      26.474010     -21.292902
      -2.739703     -29.022456      20.675768      11.095969      26.497527     -21.260978
      -2.739123     -29.045980      20.643453      11.102241      26.520948     -21.229123
      -2.738500     -29.069403      20.611208      11.108467      26.544272     -21.197337
      -2.737833     -29.092727      20.579032      11.114648      26.567501     -21.165620
      -2.737123     -29.115952      20.546925      11.120783      26.590634     -21.133972
      -2.736370     -29.139079      20.514888      11.126874      26.613673     -21.102393
      -2.735575     -29.162108      20.482919      11.132920      26.636618     -21.070882
      -2.734738     -29.185040      20.451018      11.138921      26.659468     -21.039440
      -2.733858     -29.207874      20.419187      11.144878      26.682226     -21.008066
      -2.732937     -29.230613      20.387424      11.150791      26.704891     -20.976760
      -2.731974     -29.253255      20.355730      11.156660      26.727463     -20.945523
      -2.730969     -29.275802      20.324104      11.162485      26.749944     -20.914354
      -2.729924     -29.298254      20.292546      11.168267      26.772333     -20.883252
      -2.728837     -29.320612      20.261057      11.174006      26.794632     -20.852219
      -2.727710     -29.342876      20.229635      11.179702      26.816841     -20.821253
      -2.726542     -29.365046      20.198282      11.185355      26.838959     -20.790355
      -2.725334     -29.387124      20.166996      11.190965      26.860988     -20.759525
      -2.724085     -29.409109      20.135779      11.196533      26.882929     -20.728762
      -2.722797     -29.431002      20.104628      11.202059      26.904781     -20.698067
      -2.721469     -29.452803      20.073546      11.207543      26.926545     -20.667438
      -2.720102     -29.474513      20.042531      11.212986      26.948221     -20.636877
      -2.718695     -29.496133      20.011583      11.218387      26.969811     -20.606383
      -2.717250     -29.517663      19.980702      11.223746      26.991314     -20.575956
      -2.715765     -29.539103      19.949888      11.229065      27.012731     -20.545595
      -2.714242     -29.560453      19.919142      11.234342      27.034063     -20.515301
      -2.712681     -29.581715      19.888462      11.239579      27.055309     -20.485074
      -2.711081     -29.602889      19.857848      11.244776      27.076470     -20.454913
      -2.709443     -29.623974      19.827302      11.249932      27.097548     -20.424818
      -2.707767     -29.644973      19.796822      11.255048      27.118541     -20.394790
      -2.706054     -29.665884      19.766408      11.260125      27.139451     -20.364827
      -2.704304     -29.686709      19.736061      11.265161      27.160278     -20.334931
      -2.702516     -29.707448      19.705779      11.270158      27.181023     -20.305100
      -2.700691     -29.728101      19.675564      11.275116      27.201685     -20.275335
      -2.698829     -29.748669      19.645414      11.280035      27.222266     -20.245636
      -2.696931     -29.769152      19.615331      11.284915      27.242766     -20.216002
      -2.694996     -29.789550      19.585313      11.289756      27.263185     -20.186433
      -2.693025     -29.809865      19.555360      11.294559      27.283524     -20.156930
      -2.691018     -29.830096      19.525473      11.299324      27.303782     -20.127492
      -2.688975     -29.850245      19.495651      11.304050      27.323962     -20.098118
      -2.686896     -29.870310      19.465894      11.308738      27.344062     -20.068810
      -2.684782     -29.890294      19.436202      11.313389      27.364083     -20.039566
      -2.682632     -29.910195      19.406575      11.318002      27.384027     -20.010387
      -2.680448     -29.930015      19.377013      11.322578      27.403892     -19.981272
      -2.678228     -29.949754      19.347515      11.327117      27.423680     -19.952221
      -2.675974     -29.969413      19.318082      11.331618      27.443391     -19.923235
      -2.673685     -29.988991      19.288714      11.336083      27.463026     -19.894313
      -2.671362     -30.008490      19.259409      11.340511      27.482584     -19.865454
      -2.669005     -30.027909      19.230169      11.344903      27.502066     -19.836660
      -2.666613     -30.047250      19.200992      11.349259      27.521473     -19.807929
      -2.664188     -30.066511      19.171880      11.353578      27.540805     -19.779261
      -2.661729     -30.085695      19.142831      11.357861      27.560063     -19.750657
      -2.659237     -30.104801      19.113845      11.362109      27.579246     -19.722117
      -2.656711     -30.123829      19.084923      11.366321      27.598355     -19.693639
      -2.654152     -30.142780      19.056065      11.370498      27.617391     -19.665225
      -2.651560     -30.161655      19.027270      11.374640      27.636354     -19.636873
      -2.648936     -30.180454      18.998537      11.378746      27.655244     -19.608584
      -2.646279     -30.199176      18.969868      11.382818      27.674062     -19.580358
      -2.643589     -30.217824      18.941261      11.386855      27.692808     -19.552194
      -2.640867     -30.236396      18.912717      11.390857      27.711483     -19.524092
      -2.638113     -30.254893      18.884235      11.394825      27.730086     -19.496053
      -2.635327     -30.273316      18.855816      11.398759      27.748618     -19.468075
      -2.632510     -30.291665      18.827459      11.402659      27.767080     -19.440160
      -2.629660     -30.309941      18.799164      11.406525      27.785472     -19.412306
      -2.626780     -30.328143      18.770932      11.410358      27.803795     -19.384514
      -2.623868     -30.346273      18.742761      11.414156      27.822048     -19.356784
      -2.620925     -30.364330      18.714651      11.417922      27.840232     -19.329115
      -2.617951     -30.382314      18.686603      11.421654      27.858347     -19.301507
      -2.614946     -30.400228      18.658617      11.425353      27.876394     -19.273960
      -2.611911     -30.418069      18.630692      11.429020      27.894373     -19.246475
      -2.608845     -30.435840      18.602828      11.432653      27.912285     -19.219050
      -2.605749     -30.453540      18.575025      11.436254      27.930130     -19.191686
      -2.602622     -30.471169      18.547283      11.439823      27.947907     -19.164382
      -2.599466     -30.488728      18.519602      11.443359      27.965619     -19.137139
      -2.596280     -30.506218      18.491981      11.446864      27.983264     -19.109956
      -2.593064     -30.523639      18.464421      11.450336      28.000843     -19.082833
      -2.589819     -30.540990      18.436921      11.453777      28.018357     -19.055770
      -2.586545     -30.558273      18.409481      11.457186      28.035805     -19.028767
      -2.583241     -30.575488      18.382101      11.460563      28.053189     -19.001824
      -2.579908     -30.592634      18.354781      11.463909      28.070509     -18.974940
      -2.576546     -30.609713      18.327521      11.467224      28.087764     -18.948116
      -2.573156     -30.626725      18.300320      11.470508      28.104956     -18.921351
      -2.569736     -30.643670      18.273179      11.473761      28.122084     -18.894646
      -2.566289     -30.660548      18.246098      11.476984      28.139149     -18.867999
      -2.562813     -30.677360      18.219075      11.480175      28.156151     -18.841411
      -2.559309     -30.694105      18.192112      11.483337      28.173091     -18.814882
      -2.555777     -30.710786      18.165207      11.486468      28.189968     -18.788412
      -2.552217     -30.727401      18.138362      11.489569      28.206784     -18.762000
      -2.548629     -30.743950      18.111575      11.492640      28.223538     -18.735646
      -2.545014     -30.760435      18.084846      11.495681      28.240231     -18.709350
      -2.541371     -30.776856      18.058176      11.498692      28.256863     -18.683113
      -2.537701     -30.793213      18.031564      11.501674      28.273435     -18.656933
      -2.534004     -30.809506      18.005010      11.504626      28.289946     -18.630812
      -2.530280     -30.825735      17.978514      11.507550      28.306397     -18.604748
      -2.526529     -30.841902      17.952076      11.510444      28.322789     -18.578741
      -2.522751     -30.858006      17.925696      11.513308      28.339122     -18.552792
      -2.518947     -30.874047      17.899373      11.516145      28.355395     -18.526900
      -2.515116     -30.890025      17.873107      11.518952      28.371610     -18.501065
      -2.511259     -30.905942      17.846899      11.521731      28.387766     -18.475287
      -2.507376     -30.921798      17.820748      11.524481      28.403864     -18.449565
      -2.503467     -30.937592      17.794653      11.527203      28.419904     -18.423901
      -2.499531     -30.953325      17.768616      11.529896      28.435887     -18.398292
      -2.495570     -30.968997      17.742635      11.532562      28.451812     -18.372741
      -2.491584     -30.984609      17.716711      11.535200      28.467681     -18.347245
      -2.487571     -31.000161      17.690843      11.537810      28.483493     -18.321806
      -2.483534     -31.015653      17.665032      11.540392      28.499248     -18.296422
      -2.479471     -31.031085      17.639276      11.542947      28.514948     -18.271094
      -2.475383     -31.046459      17.613577      11.545474      28.530591     -18.245822
      -2.471270     -31.061773      17.587933      11.547974      28.546179     -18.220606
      -2.467132     -31.077028      17.562345      11.550447      28.561712     -18.195445
      -2.462970     -31.092225      17.536813      11.552893      28.577190     -18.170339
      -2.458782     -31.107364      17.511336      11.555312      28.592613     -18.145288
      -2.454571     -31.122445      17.485915      11.557704      28.607982     -18.120292
      -2.450335     -31.137469      17.460548      11.560070      28.623297     -18.095351
      -2.446074     -31.152435      17.435237      11.562409      28.638558     -18.070465
      -2.441790     -31.167345      17.409980      11.564721      28.653765     -18.045633
      -2.437482     -31.182197      17.384779      11.567008      28.668920     -18.020856
      -2.433149     -31.196993      17.359631      11.569268      28.684021     -17.996132
      -2.428793     -31.211733      17.334539      11.571502      28.699069     -17.971463
      -2.424414     -31.226417      17.309500      11.573710      28.714065     -17.946848
      -2.420011     -31.241045      17.284516      11.575892      28.729008     -17.922287
      -2.415584     -31.255618      17.259586      11.578049      28.743900     -17.897780
      -2.411134     -31.270136      17.234709      11.580180      28.758740     -17.873326
      -2.406662     -31.284598      17.209887      11.582286      28.773528     -17.848926
      -2.402166     -31.299007      17.185118      11.584367      28.788265     -17.824579
      -2.397647     -31.313360      17.160402      11.586422      28.802952     -17.800285
      -2.393105     -31.327660      17.135740      11.588452      28.817587     -17.776044
      -2.388541     -31.341906      17.111131      11.590457      28.832173     -17.751856
      -2.383954     -31.356098      17.086575      11.592437      28.846708     -17.727720
      -2.379345     -31.370237      17.062072      11.594393      28.861193     -17.703637
      -2.374713     -31.384323      17.037622      11.596324      28.875629     -17.679607
      -2.370059     -31.398356      17.013225      11.598230      28.890015     -17.655629
      -2.365383     -31.412337      16.988880      11.600112      28.904352     -17.631704
      -2.360685     -31.426265      16.964587      11.601970      28.918640     -17.607830
      -2.355965     -31.440141      16.940347      11.603804      28.932879     -17.584008
      -2.351224     -31.453965      16.916159      11.605613      28.947070     -17.560238
      -2.346460     -31.467738      16.892022      11.607398      28.961213     -17.536520
      -2.341676     -31.481459      16.867938      11.609160      28.975308     -17.512853
      -2.336869     -31.495129      16.843905      11.610898      28.989355     -17.489238
      -2.332042     -31.508748      16.819924      11.612612      29.003354     -17.465673
      -2.327193     -31.522317      16.795995      11.614303      29.017307     -17.442160
      -2.322323     -31.535835      16.772116      11.615970      29.031212     -17.418698
      -2.317432     -31.549303      16.748289      11.617614      29.045071     -17.395287
      -2.312520     -31.562721      16.724513      11.619235      29.058883     -17.371926
      -2.307587     -31.576089      16.700787      11.620833      29.072649     -17.348616
      -2.302634     -31.589408      16.677113      11.622407      29.086368     -17.325357
      -2.297660     -31.602678      16.653489      11.623959      29.100042     -17.302147
      -2.292665     -31.615899      16.629915      11.625488      29.113671     -17.278988
      -2.287651     -31.629070      16.606392      11.626994      29.127253     -17.255879
      -2.282615     -31.642194      16.582919      11.628478      29.140791     -17.232820
      -2.277560     -31.655269      16.559497      11.629939      29.154284     -17.209810
      -2.272485     -31.668296      16.536124      11.631378      29.167732     -17.186850
      -2.267389     -31.681275      16.512801      11.632794      29.181135     -17.163940
      -2.262274     -31.694206      16.489527      11.634189      29.194495     -17.141079
      -2.257139     -31.707090      16.466303      11.635561      29.207810     -17.118267
      -2.251984     -31.719926      16.443129      11.636911      29.221081     -17.095504
      -2.246810     -31.732716      16.420004      11.638240      29.234309     -17.072790
      -2.241616     -31.745459      16.396928      11.639546      29.247493     -17.050126
      -2.236403     -31.758155      16.373901      11.640831      29.260634     -17.027509
      -2.231171     -31.770805      16.350923      11.642094      29.273732     -17.004942
      -2.225919     -31.783409      16.327994      11.643336      29.286788     -16.982422
      -2.220648     -31.795966      16.305113      11.644556      29.299800     -16.959951
      -2.215358     -31.808478      16.282281      11.645755      29.312771     -16.937528
      -2.210050     -31.820945      16.259497      11.646933      29.325699     -16.915154
      -2.204722     -31.833366      16.236762      11.648090      29.338585     -16.892827
      -2.199376     -31.845742      16.214074      11.649225      29.351430     -16.870548
      -2.194011     -31.858073      16.191435      11.650340      29.364233     -16.848316
      -2.188628     -31.870360      16.168843      11.651434      29.376995     -16.826132
      -2.183226     -31.882602      16.146299      11.652507      29.389715     -16.803995
      -2.177806     -31.894800      16.123803      11.653559      29.402395     -16.781906
      -2.172367     -31.906953      16.101354      11.654591      29.415033     -16.759864
      -2.166911     -31.919063      16.078953      11.655602      29.427632     -16.737869
      -2.161436     -31.931129      16.056599      11.656593      29.440190     -16.715920
      -2.155944     -31.943151      16.034291      11.657564      29.452707     -16.694019
      -2.150433     -31.955131      16.012031      11.658514      29.465185     -16.672164
      -2.144905     -31.967067      15.989818      11.659444      29.477623     -16.650355
      -2.139359     -31.978960      15.967651      11.660354      29.490022     -16.628593
      -2.133795     -31.990810      15.945531      11.661245      29.502381     -16.606877
      -2.128214     -32.002618      15.923457      11.662115      29.514701     -16.585207
      -2.122615     -32.014384      15.901429      11.662965      29.526982     -16.563583
      -2.116999     -32.026107      15.879448      11.663796      29.539224     -16.542005
      -2.111366     -32.037789      15.857513      11.664608      29.551428     -16.520473
      -2.105715     -32.049428      15.835624      11.665399      29.563593     -16.498986
      -2.100047     -32.061027      15.813780      11.666172      29.575720     -16.477545
      -2.094363     -32.072583      15.791982      11.666924      29.587809     -16.456149
      -2.088661     -32.084099      15.770230      11.667658      29.599860     -16.434798
      -2.082942     -32.095573      15.748523      11.668372      29.611873     -16.413493
      -2.077207     -32.107007      15.726862      11.669068      29.623848     -16.392232
      -2.071455     -32.118400      15.705246      11.669744      29.635787     -16.371016
      -2.065686     -32.129752      15.683674      11.670401      29.647688     -16.349845
      -2.059901     -32.141065      15.662148      11.671040      29.659552     -16.328719
      -2.054099     -32.152337      15.640667      11.671660      29.671380     -16.307636
      -2.048281     -32.163569      15.619230      11.672261      29.683170     -16.286599
      -2.042447     -32.174761      15.597838      11.672843      29.694925     -16.265605
      -2.036597     -32.185914      15.576490      11.673407      29.706643     -16.244656
      -2.030730     -32.197027      15.555186      11.673952      29.718325     -16.223751
      -2.024847     -32.208101      15.533927      11.674479      29.729971     -16.202889
      -2.018949     -32.219136      15.512712      11.674988      29.741581     -16.182071
      -2.013034     -32.230132      15.491541      11.675478      29.753156     -16.161297
      -2.007104     -32.241090      15.470413      11.675950      29.764695     -16.140566
      -2.001157     -32.252008      15.449329      11.676404      29.776199     -16.119879
      -1.995196     -32.262889      15.428289      11.676840      29.787668     -16.099235
      -1.989218     -32.273731      15.407293      11.677259      29.799102     -16.078634
      -1.983225     -32.284535      15.386339      11.677659      29.810501     -16.058076
      -1.977217     -32.295301      15.365429      11.678041      29.821865     -16.037561
      -1.971193     -32.306030      15.344562      11.678406      29.833196     -16.017089
      -1.965154     -32.316721      15.323738      11.678754      29.844491     -15.996659
      -1.959100     -32.327374      15.302957      11.679083      29.855753     -15.976272
      -1.953031     -32.337991      15.282219      11.679395      29.866981     -15.955927
      -1.946946     -32.348570      15.261523      11.679690      29.878175     -15.935625
      -1.940847     -32.359112      15.240870      11.679968      29.889336     -15.915365
      -1.934732     -32.369618      15.220260      11.680228      29.900463     -15.895147
      -1.928603     -32.380086      15.199691      11.680471      29.911556     -15.874970
      -1.922459     -32.390519      15.179165      11.680697      29.922617     -15.854836
      -1.916301     -32.400915      15.158681      11.680905      29.933644     -15.834743
      -1.910127     -32.411275      15.138238      11.681097      29.944639     -15.814692
      -1.903939     -32.421599      15.117838      11.681272      29.955601     -15.794683
      -1.897737     -32.431888      15.097479      11.681430      29.966530     -15.774714
      -1.891520     -32.442140      15.077162      11.681571      29.977427     -15.754787
      -1.885289     -32.452357      15.056886      11.681696      29.988292     -15.734901
      -1.879044     -32.462539      15.036652      11.681804      29.999125     -15.715056
      -1.872784     -32.472686      15.016459      11.681895      30.009926     -15.695252
      -1.866510     -32.482797      14.996307      11.681970      30.020695     -15.675489
      -1.860222     -32.492874      14.976196      11.682029      30.031432     -15.655767
      -1.853920     -32.502916      14.956126      11.682071      30.042138     -15.636085
      -1.847605     -32.512923      14.936096      11.682097      30.052812     -15.616443
      -1.841275     -32.522896      14.916108      11.682106      30.063456     -15.596842
      -1.834931     -32.532834      14.896160      11.682100      30.074068     -15.577281
      -1.828574     -32.542738      14.876252      11.682077      30.084649     -15.557760
      -1.822203     -32.552609      14.856385      11.682038      30.095200     -15.538279
      -1.815819     -32.562445      14.836558      11.681984      30.105720     -15.518838
      -1.809421     -32.572248      14.816771      11.681913      30.116209     -15.499436
      -1.803009     -32.582017      14.797024      11.681827      30.126669     -15.480075
      -1.796584     -32.591752      14.777317      11.681724      30.137098     -15.460752
      -1.790146     -32.601455      14.757650      11.681606      30.147496     -15.441470
      -1.783694     -32.611124      14.738022      11.681473      30.157865     -15.422226
      -1.777229     -32.620760      14.718434      11.681324      30.168205     -15.403022
      -1.770751     -32.630363      14.698886      11.681159      30.178514     -15.383857
      -1.764260     -32.639933      14.679376      11.680979      30.188794     -15.364731
      -1.757756     -32.649471      14.659906      11.680784      30.199045     -15.345644
      -1.751239     -32.658976      14.640475      11.680573      30.209266     -15.326595
      -1.744709     -32.668449      14.621084      11.680347      30.219459     -15.307585
      -1.738166     -32.677890      14.601731      11.680105      30.229622     -15.288614
      -1.731611     -32.687299      14.582416      11.679849      30.239756     -15.269681
      -1.725042     -32.696676      14.563141      11.679577      30.249862     -15.250787
      -1.718461     -32.706020      14.543904      11.679291      30.259939     -15.231930
      -1.711868     -32.715334      14.524705      11.678989      30.269988     -15.213112
      -1.705262     -32.724615      14.505545      11.678673      30.280008     -15.194332
      -1.698643     -32.733866      14.486423      11.678341      30.290001     -15.175590
      -1.692012     -32.743085      14.467340      11.677995      30.299965     -15.156885
      -1.685369     -32.752272      14.448294      11.677634      30.309901     -15.138218
      -1.678713     -32.761429      14.429286      11.677259      30.319809     -15.119589
      -1.672045     -32.770555      14.410317      11.676869      30.329690     -15.100997
      -1.665365     -32.779650      14.391384      11.676464      30.339543     -15.082443
      -1.658672     -32.788715      14.372490      11.676045      30.349369     -15.063926
      -1.651968     -32.797749      14.353633      11.675611      30.359168     -15.045446
      -1.645252     -32.806752      14.334813      11.675163      30.368939     -15.027003
      -1.638523     -32.815726      14.316031      11.674701      30.378683     -15.008597
      -1.631783     -32.824669      14.297286      11.674224      30.388400     -14.990228
      -1.625031     -32.833582      14.278578      11.673733      30.398091     -14.971896
      -1.618267     -32.842465      14.259907      11.673228      30.407754     -14.953600
      -1.611491     -32.851318      14.241273      11.672709      30.417392     -14.935341
      -1.604704     -32.860142      14.222675      11.672176      30.427002     -14.917118
      -1.597905     -32.868936      14.204115      11.671629      30.436587     -14.898932
      -1.591095     -32.877701      14.185591      11.671068      30.446145     -14.880781
      -1.584273     -32.886437      14.167103      11.670493      30.455677     -14.862667
      -1.577439     -32.895143      14.148652      11.669904      30.465183     -14.844589
      -1.570594     -32.903820      14.130237      11.669301      30.474663     -14.826547
      -1.563738     -32.912468      14.111859      11.668685      30.484118     -14.808541
      -1.556870     -32.921088      14.093516      11.668054      30.493546     -14.790570
      -1.549992     -32.929679      14.075209      11.667411      30.502950     -14.772635
      -1.543102     -32.938241      14.056939      11.666754      30.512328     -14.754736
      -1.536201     -32.946774      14.038704      11.666083      30.521680     -14.736872
      -1.529288     -32.955280      14.020504      11.665398      30.531008     -14.719043
      -1.522365     -32.963757      14.002341      11.664701      30.540310     -14.701250
      -1.515431     -32.972206      13.984212      11.663990      30.549587     -14.683491
      -1.508486     -32.980626      13.966120      11.663265      30.558840     -14.665768
      -1.501530     -32.989019      13.948062      11.662528      30.568068     -14.648080
      -1.494563     -32.997385      13.930040      11.661777      30.577271     -14.630426
      -1.487585     -33.005722      13.912053      11.661013      30.586449     -14.612807
      -1.480597     -33.014032      13.894100      11.660236      30.595603     -14.595223
      -1.473598     -33.022314      13.876183      11.659445      30.604733     -14.577673
      -1.466588     -33.030569      13.858300      11.658642      30.613839     -14.560158
      -1.459568     -33.038797      13.840452      11.657826      30.622921     -14.542677
      -1.452537     -33.046997      13.822639      11.656997      30.631978     -14.525231
      -1.445496     -33.055171      13.804860      11.656155      30.641012     -14.507818
      -1.438444     -33.063318      13.787116      11.655300      30.650022     -14.490440
      -1.431382     -33.071437      13.769406      11.654433      30.659008     -14.473095
      -1.424309     -33.079530      13.751730      11.653552      30.667971     -14.455784
      -1.417227     -33.087597      13.734089      11.652659      30.676911     -14.438508
      -1.410134     -33.095637      13.716481      11.651754      30.685826     -14.421264
      -1.403031     -33.103650      13.698907      11.650835      30.694719     -14.404055
      -1.395917     -33.111637      13.681368      11.649905      30.703589     -14.386879
      -1.388794     -33.119598      13.663861      11.648961      30.712435     -14.369736
      -1.381660     -33.127533      13.646389      11.648006      30.721259     -14.352626
      -1.374517     -33.135442      13.628950      11.647038      30.730059     -14.335550
      -1.367364     -33.143325      13.611545      11.646057      30.738837     -14.318507
      -1.360200     -33.151182      13.594173      11.645065      30.747593     -14.301497
      -1.353027     -33.159014      13.576834      11.644060      30.756325     -14.284519
      -1.345844     -33.166820      13.559529      11.643042      30.765035     -14.267575
      -1.338652     -33.174600      13.542256      11.642013      30.773723     -14.250663
      -1.331449     -33.182355      13.525017      11.640972      30.782389     -14.233784
      -1.324237     -33.190085      13.507810      11.639918      30.791033     -14.216938
      -1.317015     -33.197789      13.490637      11.638852      30.799654     -14.200124
      -1.309784     -33.205468      13.473496      11.637775      30.808253     -14.183342
      -1.302543     -33.213123      13.456387      11.636685      30.816831     -14.166593
      -1.295292     -33.220752      13.439312      11.635584      30.825387     -14.149875
      -1.288033     -33.228357      13.422268      11.634471      30.833921     -14.133190
      -1.280763     -33.235937      13.405258      11.633345      30.842433     -14.116537
      -1.273485     -33.243492      13.388279      11.632208      30.850924     -14.099916
      -1.266197     -33.251023      13.371333      11.631060      30.859394     -14.083327
      -1.258899     -33.258529      13.354418      11.629900      30.867842     -14.066769
      -1.251593     -33.266011      13.337536      11.628728      30.876269     -14.050243
      -1.244277     -33.273468      13.320686      11.627544      30.884675     -14.033749
      -1.236952     -33.280902      13.303867      11.626349      30.893060     -14.017286
      -1.229618     -33.288311      13.287081      11.625142      30.901424     -14.000855
      -1.222275     -33.295697      13.270326      11.623924      30.909767     -13.984454
      -1.214923     -33.303058      13.253602      11.622694      30.918089     -13.968085
      -1.207562     -33.310396      13.236910      11.621453      30.926390     -13.951747
      -1.200192     -33.317710      13.220250      11.620201      30.934671     -13.935441
      -1.192813     -33.325000      13.203621      11.618937      30.942932     -13.919165
      -1.185425     -33.332267      13.187023      11.617662      30.951172     -13.902920
      -1.178029     -33.339511      13.170456      11.616376      30.959392     -13.886705
      -1.170623     -33.346731      13.153920      11.615079      30.967591     -13.870522
      -1.163209     -33.353928      13.137415      11.613770      30.975770     -13.854369
      -1.155786     -33.361101      13.120941      11.612451      30.983929     -13.838247
      -1.148355     -33.368252      13.104498      11.611120      30.992069     -13.822155
      -1.140914     -33.375379      13.088086      11.609778      31.000188     -13.806093
      -1.133466     -33.382484      13.071704      11.608425      31.008287     -13.790062
      -1.126009     -33.389566      13.055353      11.607062      31.016367     -13.774060
      -1.118543     -33.396625      13.039033      11.605687      31.024427     -13.758089
      -1.111068     -33.403661      13.022742      11.604302      31.032468     -13.742148
      -1.103586     -33.410675      13.006482      11.602905      31.040489     -13.726237
      -1.096095     -33.417666      12.990253      11.601498      31.048490     -13.710356
      -1.088595     -33.424635      12.974053      11.600080      31.056472     -13.694504
      -1.081088     -33.431581      12.957883      11.598651      31.064435     -13.678682
      -1.073572     -33.438505      12.941744      11.597212      31.072379     -13.662890
      -1.066047     -33.445408      12.925634      11.595762      31.080304     -13.647127
      -1.058515     -33.452288      12.909554      11.594301      31.088210     -13.631394
      -1.050974     -33.459146      12.893504      11.592830      31.096097     -13.615690
      -1.043426     -33.465982      12.877484      11.591348      31.103965     -13.600015
      -1.035869     -33.472796      12.861493      11.589856      31.111814     -13.584370
      -1.028304     -33.479588      12.845531      11.588353      31.119644     -13.568754
      -1.020731     -33.486359      12.829599      11.586840      31.127456     -13.553166
      -1.013150     -33.493108      12.813697      11.585316      31.135250     -13.537608
      -1.005562     -33.499836      12.797823      11.583782      31.143024     -13.522078
      -0.997965     -33.506542      12.781979      11.582238      31.150781     -13.506578
      -0.990360     -33.513227      12.766164      11.580683      31.158519     -13.491106
      -0.982748     -33.519890      12.750377      11.579119      31.166239     -13.475662
      -0.975128     -33.526533      12.734620      11.577543      31.173941     -13.460247
      -0.967500     -33.533154      12.718892      11.575958      31.181625     -13.444861
      -0.959864     -33.539754      12.703192      11.574363      31.189291     -13.429503
      -0.952221     -33.546333      12.687521      11.572757      31.196938     -13.414173
      -0.944570     -33.552891      12.671879      11.571142      31.204568     -13.398872
      -0.936911     -33.559429      12.656265      11.569516      31.212181     -13.383599
      -0.929245     -33.565945      12.640680      11.567880      31.219775     -13.368353
      -0.921571     -33.572441      12.625123      11.566234      31.227352     -13.353136
      -0.913890     -33.578916      12.609594      11.564579      31.234911     -13.337947
      -0.906201     -33.585371      12.594094      11.562913      31.242453     -13.322786
      -0.898505     -33.591805      12.578622      11.561238      31.249977     -13.307652
      -0.890802     -33.598219      12.563177      11.559552      31.257484     -13.292546
      -0.883091     -33.604613      12.547761      11.557857      31.264974     -13.277468
      -0.875372     -33.610986      12.532373      11.556152      31.272447     -13.262417
      -0.867647     -33.617339      12.517013      11.554438      31.279902     -13.247393
      -0.859914     -33.623672      12.501680      11.552713      31.287341     -13.232397
      -0.852174     -33.629986      12.486375      11.550979      31.294762     -13.217429
      -0.844426     -33.636279      12.471098      11.549236      31.302166     -13.202487
      -0.836672     -33.642552      12.455848      11.547482      31.309554     -13.187573
      -0.828910     -33.648805      12.440626      11.545719      31.316925     -13.172686
      -0.821141     -33.655039      12.425431      11.543947      31.324279     -13.157826
      -0.813365     -33.661253      12.410263      11.542165      31.331616     -13.142993
      -0.805582     -33.667447      12.395123      11.540373      31.338937     -13.128186
      -0.797792     -33.673622      12.380010      11.538572      31.346242     -13.113407
      -0.789995     -33.679777      12.364924      11.536762      31.353529     -13.098654
      -0.782191     -33.685913      12.349864      11.534942      31.360801     -13.083928
      -0.774380     -33.692029      12.334832      11.533113      31.368056     -13.069228
      -0.766562     -33.698127      12.319827      11.531275      31.375295     -13.054555
      -0.758738     -33.704205      12.304849      11.529427      31.382518     -13.039908
      -0.750906     -33.710264      12.289897      11.527570      31.389725     -13.025288
      -0.743068     -33.716304      12.274972      11.525703      31.396915     -13.010694
      -0.735223     -33.722325      12.260074      11.523828      31.404090     -12.996126
      -0.727371     -33.728326      12.245202      11.521943      31.411248     -12.981585
      -0.719513     -33.734310      12.230357      11.520049      31.418391     -12.967069
      -0.711648     -33.740274      12.215538      11.518146      31.425518     -12.952579
      -0.703776     -33.746219      12.200745      11.516234      31.432629     -12.938116
      -0.695897     -33.752146      12.185979      11.514313      31.439725     -12.923678
      -0.688012     -33.758054      12.171238      11.512382      31.446805     -12.909266
      -0.680121     -33.763944      12.156524      11.510443      31.453870     -12.894879
      -0.672223     -33.769815      12.141836      11.508495      31.460918     -12.880519
      -0.664318     -33.775668      12.127174      11.506538      31.467952     -12.866184
      -0.656407     -33.781502      12.112538      11.504572      31.474970     -12.851874
      -0.648489     -33.787318      12.097927      11.502597      31.481973     -12.837590
      -0.640566     -33.793116      12.083342      11.500613      31.488961     -12.823331
      -0.632635     -33.798896      12.068783      11.498620      31.495933     -12.809097
      -0.624699     -33.804658      12.054250      11.496618      31.502891     -12.794889
      -0.616756     -33.810401      12.039742      11.494608      31.509833     -12.780706
      -0.608806     -33.816127      12.025260      11.492589      31.516760     -12.766548
      -0.600851     -33.821834      12.010803      11.490561      31.523673     -12.752415
      -0.592889     -33.827524      11.996371      11.488525      31.530570     -12.738307
      -0.584921     -33.833196      11.981965      11.486479      31.537453     -12.724224
      -0.576947     -33.838850      11.967584      11.484425      31.544321     -12.710165
      -0.568966     -33.844487      11.953228      11.482363      31.551174     -12.696131
      -0.560980     -33.850106      11.938897      11.480292      31.558012     -12.682123
      -0.552987     -33.855707      11.924591      11.478212      31.564836     -12.668138
      -0.544988     -33.861291      11.910310      11.476124      31.571646     -12.654178
      -0.536984     -33.866857      11.896054      11.474027      31.578441     -12.640243
      -0.528973     -33.872406      11.881822      11.471922      31.585221     -12.626332
      -0.520956     -33.877938      11.867616      11.469809      31.591987     -12.612446
      -0.512933     -33.883452      11.853434      11.467687      31.598739     -12.598583
      -0.504905     -33.888950      11.839277      11.465556      31.605477     -12.584745
      -0.496870     -33.894430      11.825144      11.463417      31.612200     -12.570931
      -0.488830     -33.899893      11.811036      11.461270      31.618910     -12.557142
      -0.480783     -33.905338      11.796952      11.459115      31.625605     -12.543376
      -0.472731     -33.910767      11.782892      11.456951      31.632286     -12.529634
      -0.464673     -33.916179      11.768857      11.454779      31.638953     -12.515916
      -0.456610     -33.921574      11.754846      11.452598      31.645606     -12.502222
      -0.448540     -33.926953      11.740859      11.450410      31.652246     -12.488552
      -0.440465     -33.932314      11.726897      11.448213      31.658872     -12.474905
      -0.432384     -33.937659      11.712958      11.446008      31.665483     -12.461282
      -0.424297     -33.942987      11.699043      11.443795      31.672082     -12.447683
      -0.416205     -33.948298      11.685153      11.441574      31.678666     -12.434107
      -0.408107     -33.953593      11.671286      11.439344      31.685237     -12.420554
      -0.400004     -33.958872      11.657442      11.437107      31.691794     -12.407025
      -0.391895     -33.964134      11.643623      11.434861      31.698338     -12.393519
      -0.383780     -33.969380      11.629827      11.432608      31.704869     -12.380037
      -0.375660     -33.974609      11.616055      11.430346      31.711386     -12.366578
      -0.367534     -33.979822      11.602306      11.428077      31.717889     -12.353141
      -0.359403     -33.985019      11.588581      11.425799      31.724380     -12.339728
      -0.351267     -33.990199      11.574879      11.423514      31.730857     -12.326338
      -0.343125     -33.995364      11.561201      11.421221      31.737321     -12.312971
      -0.334977     -34.000512      11.547545      11.418920      31.743772     -12.299627
      -0.326824     -34.005645      11.533913      11.416611      31.750210     -12.286305
      -0.318666     -34.010761      11.520305      11.414294      31.756634     -12.273007
      -0.310503     -34.015862      11.506719      11.411969      31.763046     -12.259731
      -0.302334     -34.020946      11.493156      11.409637      31.769445     -12.246477
      -0.294160     -34.026015      11.479617      11.407296      31.775831     -12.233247
      -0.285980     -34.031068      11.466100      11.404948      31.782204     -12.220038
      -0.277796     -34.036106      11.452606      11.402593      31.788564     -12.206853
      -0.269606     -34.041128      11.439135      11.400229      31.794912     -12.193689
      -0.261411     -34.046134      11.425686      11.397858      31.801247     -12.180548
      -0.253211     -34.051124      11.412261      11.395479      31.807569     -12.167429
      -0.245006     -34.056099      11.398858      11.393093      31.813879     -12.154333
      -0.236795     -34.061059      11.385477      11.390699      31.820176     -12.141259
      -0.228580     -34.066003      11.372119      11.388297      31.826460     -12.128206
      -0.220359     -34.070932      11.358784      11.385888      31.832732     -12.115176
      -0.212133     -34.075845      11.345470      11.383472      31.838992     -12.102168
      -0.203903     -34.080744      11.332180      11.381048      31.845240     -12.089181
      -0.195667     -34.085627      11.318911      11.378616      31.851475     -12.076217
      -0.187426     -34.090495      11.305665      11.376177      31.857697     -12.063274
      -0.179181     -34.095347      11.292440      11.373730      31.863908     -12.050354
      -0.170930     -34.100185      11.279238      11.371276      31.870106     -12.037454
      -0.162675     -34.105007      11.266058      11.368815      31.876293     -12.024577
      -0.154414     -34.109815      11.252900      11.366346      31.882467     -12.011721
      -0.146149     -34.114608      11.239764      11.363869      31.888629     -11.998886
      -0.137879     -34.119386      11.226650      11.361386      31.894779     -11.986073
      -0.129604     -34.124149      11.213557      11.358895      31.900918     -11.973282
      -0.121324     -34.128897      11.200486      11.356397      31.907044     -11.960512
      -0.113040     -34.133630      11.187437      11.353891      31.913158     -11.947763
      -0.104750     -34.138349      11.174410      11.351378      31.919261     -11.935035
      -0.096456     -34.143053      11.161404      11.348858      31.925352     -11.922329
      -0.088157     -34.147742      11.148420      11.346331      31.931431     -11.909643
      -0.079854     -34.152417      11.135457      11.343797      31.937499     -11.896979
      -0.071546     -34.157078      11.122516      11.341255      31.943554     -11.884336
      -0.063233     -34.161723      11.109596      11.338706      31.949599     -11.871713
      -0.054915     -34.166355      11.096697      11.336151      31.955631     -11.859112
      -0.046593     -34.170972      11.083820      11.333588      31.961652     -11.846531
      -0.038267     -34.175575      11.070963      11.331017      31.967662     -11.833972
      -0.029935     -34.180163      11.058128      11.328440      31.973660     -11.821433
      -0.021600     -34.184737      11.045314      11.325856      31.979647     -11.808914
      -0.013259     -34.189297      11.032521      11.323265      31.985623     -11.796417
      -0.004914     -34.193843      11.019749      11.320666      31.991587     -11.783939
       0.003435     -34.198374      11.006998      11.318061      31.997540     -11.771483
       0.011789     -34.202892      10.994268      11.315449      32.003482     -11.759047
       0.020147     -34.207395      10.981559      11.312829      32.009413     -11.746631
       0.028510     -34.211885      10.968870      11.310203      32.015332     -11.734236
       0.036877     -34.216360      10.956202      11.307570      32.021240     -11.721861
       0.045249     -34.220822      10.943555      11.304930      32.027138     -11.709506
       0.053625     -34.225270      10.930929      11.302283      32.033024     -11.697171
       0.062005     -34.229704      10.918323      11.299629      32.038899     -11.684857
       0.070390     -34.234124      10.905737      11.296968      32.044764     -11.672562
       0.078779     -34.238530      10.893172      11.294301      32.050617     -11.660288
       0.087172     -34.242923      10.880627      11.291627      32.056460     -11.648034
       0.095569     -34.247302      10.868103      11.288945      32.062292     -11.635799
       0.103971     -34.251667      10.855599      11.286258      32.068113     -11.623585
       0.112377     -34.256019      10.843115      11.283563      32.073923     -11.611390
       0.120787     -34.260357      10.830652      11.280862      32.079723     -11.599215
       0.129202     -34.264682      10.818208      11.278153      32.085512     -11.587060
       0.137621     -34.268993      10.805785      11.275439      32.091290     -11.574925
       0.146043     -34.273291      10.793382      11.272717      32.097058     -11.562809
       0.154470     -34.277575      10.780998      11.269989      32.102815     -11.550713
       0.162901     -34.281846      10.768635      11.267254      32.108562     -11.538636
       0.171337     -34.286104      10.756291      11.264513      32.114298     -11.526579
       0.179776     -34.290349      10.743968      11.261765      32.120024     -11.514541
       0.188219     -34.294580      10.731664      11.259010      32.125739     -11.502523
       0.196667     -34.298798      10.719380      11.256249      32.131444     -11.490524
       0.205118     -34.303003      10.707115      11.253481      32.137139     -11.478544
       0.213574     -34.307195      10.694870      11.250707      32.142824     -11.466583
       0.222033     -34.311374      10.682645      11.247926      32.148498     -11.454642
       0.230497     -34.315539      10.670440      11.245139      32.154162     -11.442719
       0.238964     -34.319692      10.658253      11.242345      32.159816     -11.430816
       0.247436     -34.323832      10.646087      11.239545      32.165460     -11.418932
       0.255911     -34.327959      10.633939      11.236738      32.171093     -11.407067
       0.264390     -34.332073      10.621811      11.233925      32.176717     -11.395220
       0.272873     -34.336174      10.609702      11.231105      32.182330     -11.383393
       0.281360     -34.340262      10.597613      11.228279      32.187934     -11.371584
       0.289851     -34.344338      10.585543      11.225447      32.193527     -11.359795
       0.298346     -34.348400      10.573491      11.222608      32.199111     -11.348024
       0.306844     -34.352451      10.561459      11.219763      32.204685     -11.336271
       0.315347     -34.356488      10.549446      11.216912      32.210249     -11.324537
       0.323853     -34.360513      10.537452      11.214054      32.215803     -11.312822
       0.332363     -34.364525      10.525477      11.211190      32.221347     -11.301126
       0.340876     -34.368525      10.513521      11.208319      32.226882     -11.289448
       0.349394     -34.372512      10.501584      11.205443      32.232407     -11.277788
       0.357915     -34.376486      10.489666      11.202560      32.237922     -11.266147
       0.366440     -34.380449      10.477766      11.199671      32.243427     -11.254524
       0.374968     -34.384398      10.465885      11.196775      32.248923     -11.242919
       0.383500     -34.388336      10.454023      11.193874      32.254410     -11.231333
       0.392036     -34.392261      10.442179      11.190966      32.259886     -11.219765
       0.400576     -34.396174      10.430354      11.188052      32.265354     -11.208215
       0.409119     -34.400074      10.418547      11.185132      32.270812     -11.196683
       0.417665     -34.403963      10.406759      11.182206      32.276260     -11.185169
       0.426216     -34.407839      10.394990      11.179274      32.281699     -11.173673
       0.434770     -34.411702      10.383238      11.176335      32.287129     -11.162195
       0.443327     -34.415554      10.371506      11.173391      32.292549     -11.150736
       0.451888     -34.419394      10.359791      11.170440      32.297960     -11.139294
       0.460452     -34.423221      10.348095      11.167483      32.303361     -11.127869
       0.469020     -34.427037      10.336417      11.164521      32.308754     -11.116463
       0.477592     -34.430841      10.324757      11.161552      32.314137     -11.105075
       0.486167     -34.434632      10.313115      11.158577      32.319511     -11.093704
       0.494745     -34.438412      10.301491      11.155596      32.324876     -11.082350
       0.503327     -34.442180      10.289885      11.152609      32.330232     -11.071015
       0.511912     -34.445936      10.278298      11.149617      32.335578     -11.059697
       0.520501     -34.449680      10.266728      11.146618      32.340916     -11.048396
       0.529093     -34.453412      10.255176      11.143613      32.346245     -11.037113
       0.537689     -34.457132      10.243642      11.140603      32.351564     -11.025848
       0.546288     -34.460841      10.232126      11.137586      32.356875     -11.014599
       0.554890     -34.464538      10.220628      11.134564      32.362176     -11.003369
       0.563496     -34.468224      10.209147      11.131535      32.367469     -10.992155
       0.572104     -34.471897      10.197684      11.128501      32.372753     -10.980959
       0.580717     -34.475559      10.186238      11.125461      32.378028     -10.969780
       0.589332     -34.479210      10.174811      11.122415      32.383294     -10.958618
       0.597951     -34.482849      10.163400      11.119364      32.388552     -10.947473
       0.606573     -34.486477      10.152008      11.116306      32.393801     -10.936345
       0.615198     -34.490093      10.140632      11.113243      32.399040     -10.925235
       0.623827     -34.493697      10.129275      11.110174      32.404272     -10.914141
       0.632459     -34.497290      10.117934      11.107099      32.409494     -10.903064
       0.641093     -34.500872      10.106611      11.104018      32.414708     -10.892005
       0.649732     -34.504443      10.095305      11.100932      32.419914     -10.880962
       0.658373     -34.508002      10.084017      11.097840      32.425111     -10.869936
       0.667017     -34.511550      10.072745      11.094742      32.430299     -10.858926
       0.675665     -34.515086      10.061491      11.091638      32.435479     -10.847934
       0.684316     -34.518611      10.050254      11.088529      32.440650     -10.836958
       0.692970     -34.522125      10.039034      11.085414      32.445813     -10.825999
       0.701627     -34.525628      10.027831      11.082294      32.450967     -10.815056
       0.710287     -34.529120      10.016645      11.079167      32.456113     -10.804130
       0.718950     -34.532601      10.005476      11.076035      32.461251     -10.793221
       0.727616     -34.536070       9.994324      11.072898      32.466380     -10.782328
       0.736285     -34.539529       9.983189      11.069755      32.471501     -10.771451
       0.744957     -34.542976       9.972070      11.066606      32.476613     -10.760591
       0.753633     -34.546413       9.960969      11.063452      32.481718     -10.749747
       0.762311     -34.549838       9.949884      11.060292      32.486814     -10.738920
       0.770992     -34.553253       9.938816      11.057127      32.491902     -10.728109
       0.779677     -34.556657       9.927764      11.053956      32.496982     -10.717314
       0.788364     -34.560050       9.916729      11.050780      32.502053     -10.706535
       0.797054     -34.563432       9.905711      11.047598      32.507117     -10.695773
       0.805747     -34.566803       9.894709      11.044410      32.512172     -10.685026
       0.814443     -34.570163       9.883724      11.041217      32.517219     -10.674296
       0.823142     -34.573513       9.872755      11.038019      32.522259     -10.663582
       0.831844     -34.576851       9.861803      11.034815      32.527290     -10.652883
       0.840549     -34.580180       9.850867      11.031606      32.532313     -10.642201
       0.849256     -34.583497       9.839948      11.028391      32.537328     -10.631535
       0.857967     -34.586804       9.829045      11.025171      32.542336     -10.620884
       0.866680     -34.590100       9.818158      11.021945      32.547335     -10.610249
       0.875396     -34.593386       9.807287      11.018714      32.552327     -10.599631
       0.884115     -34.596661       9.796432      11.015478      32.557310     -10.589028
       0.892837     -34.599925       9.785594      11.012236      32.562286     -10.578440
       0.901561     -34.603179       9.774772      11.008989      32.567254     -10.567869
       0.910289     -34.606422       9.763966      11.005736      32.572215     -10.557313
       0.919019     -34.609655       9.753175      11.002478      32.577167     -10.546772
       0.927752     -34.612878       9.742401      10.999215      32.582112     -10.536247
       0.936487     -34.616090       9.731643      10.995947      32.587049     -10.525738
       0.945225     -34.619292       9.720901      10.992673      32.591978     -10.515244
       0.953966     -34.622483       9.710174      10.989394      32.596900     -10.504766
       0.962710     -34.625664       9.699464      10.986110      32.601814     -10.494303
       0.971457     -34.628835       9.688769      10.982820      32.606721     -10.483855
       0.980206     -34.631996       9.678090      10.979525      32.611619     -10.473423
       0.988957     -34.635146       9.667427      10.976225      32.616511     -10.463006
       0.997712     -34.638286       9.656780      10.972920      32.621395     -10.452605
       1.006469     -34.641416       9.646148      10.969609      32.626271     -10.442218
       1.015228     -34.644535       9.635531      10.966293      32.631140     -10.431847
       1.023991     -34.647645       9.624931      10.962973      32.636001     -10.421491
       1.032756     -34.650744       9.614346      10.959646      32.640855     -10.411150
       1.041523     -34.653833       9.603776      10.956315      32.645701     -10.400824
       1.050293     -34.656913       9.593222      10.952979      32.650541     -10.390513
       1.059066     -34.659982       9.582683      10.949637      32.655372     -10.380217
       1.067841     -34.663041       9.572160      10.946290      32.660197     -10.369936
       1.076619     -34.666090       9.561652      10.942938      32.665014     -10.359670
       1.085399     -34.669129       9.551159      10.939581      32.669824     -10.349419
       1.094182     -34.672159       9.540682      10.936219      32.674626     -10.339183
       1.102967     -34.675178       9.530220      10.932852      32.679421     -10.328962
       1.111755     -34.678187       9.519773      10.929480      32.684209     -10.318755
       1.120545     -34.681187       9.509342      10.926102      32.688990     -10.308563
       1.129338     -34.684177       9.498925      10.922720      32.693764     -10.298386
       1.138133     -34.687157       9.488524      10.919333      32.698530     -10.288224
       1.146930     -34.690127       9.478137      10.915940      32.703290     -10.278076
       1.155730     -34.693087       9.467766      10.912542      32.708042     -10.267943
       1.164533     -34.696038       9.457410      10.909140      32.712787     -10.257824
       1.173338     -34.698978       9.447068      10.905732      32.717525     -10.247720
       1.182145     -34.701910       9.436742      10.902320      32.722256     -10.237630
       1.190955     -34.704831       9.426431      10.898902      32.726980     -10.227555
       1.199767     -34.707743       9.416134      10.895480      32.731698     -10.217494
       1.208581     -34.710645       9.405852      10.892052      32.736408     -10.207448
       1.217398     -34.713538       9.395585      10.888620      32.741111     -10.197416
       1.226217     -34.716421       9.385333      10.885183      32.745807     -10.187398
       1.235038     -34.719294       9.375095      10.881740      32.750496     -10.177395
       1.243862     -34.722158       9.364872      10.878293      32.755179     -10.167406
       1.252688     -34.725013       9.354664      10.874841      32.759854     -10.157431
       1.261517     -34.727858       9.344471      10.871384      32.764523     -10.147470
       1.270347     -34.730693       9.334292      10.867922      32.769185     -10.137524
       1.279180     -34.733519       9.324127      10.864455      32.773840     -10.127591
       1.288016     -34.736336       9.313977      10.860984      32.778488     -10.117673
       1.296853     -34.739143       9.303842      10.857507      32.783130     -10.107768
       1.305693     -34.741941       9.293721      10.854026      32.787764     -10.097878
       1.314535     -34.744729       9.283614      10.850539      32.792392     -10.088002
       1.323379     -34.747508       9.273522      10.847048      32.797014     -10.078139
       1.332225     -34.750278       9.263444      10.843553      32.801628     -10.068291
       1.341074     -34.753039       9.253381      10.840052      32.806236     -10.058456
       1.349925     -34.755790       9.243331      10.836546      32.810838     -10.048635
       1.358778     -34.758532       9.233296      10.833036      32.815433     -10.038828
       1.367633     -34.761265       9.223276      10.829521      32.820021     -10.029035
       1.376490     -34.763988       9.213269      10.826001      32.824602     -10.019256
       1.385350     -34.766703       9.203277      10.822477      32.829178     -10.009490
       1.394211     -34.769408       9.193298      10.818948      32.833746      -9.999738
       1.403075     -34.772104       9.183334      10.815414      32.838308      -9.990000
       1.411941     -34.774791       9.173384      10.811875      32.842864      -9.980275
       1.420809     -34.777469       9.163448      10.808331      32.847413      -9.970564
       1.429679     -34.780138       9.153525      10.804783      32.851955      -9.960866
       1.438551     -34.782798       9.143617      10.801230      32.856491      -9.951182
       1.447425     -34.785449       9.133723      10.797673      32.861021      -9.941511
       1.456301     -34.788091       9.123842      10.794110      32.865545      -9.931854
       1.465180     -34.790724       9.113976      10.790543      32.870061      -9.922210
       1.474060     -34.793347       9.104123      10.786972      32.874572      -9.912579
       1.482943     -34.795962       9.094284      10.783396      32.879076      -9.902962
       1.491827     -34.798568       9.084459      10.779815      32.883574      -9.893359
       1.500714     -34.801166       9.074647      10.776229      32.888066      -9.883768
       1.509602     -34.803754       9.064850      10.772639      32.892551      -9.874191
       1.518493     -34.806333       9.055066      10.769044      32.897031      -9.864627
       1.527385     -34.808904       9.045295      10.765445      32.901504      -9.855076
       1.536279     -34.811465       9.035538      10.761841      32.905970      -9.845538
       1.545176     -34.814018       9.025795      10.758232      32.910431      -9.836014
       1.554074     -34.816563       9.016065      10.754619      32.914885      -9.826502
       1.562975     -34.819098       9.006349      10.751001      32.919333      -9.817004
       1.571877     -34.821625       8.996646      10.747379      32.923775      -9.807519
       1.580781     -34.824143       8.986957      10.743752      32.928211      -9.798046
       1.589687     -34.826652       8.977281      10.740121      32.932641      -9.788587
       1.598595     -34.829152       8.967618      10.736485      32.937064      -9.779140
       1.607505     -34.831644       8.957969      10.732845      32.941482      -9.769707
       1.616417     -34.834128       8.948333      10.729200      32.945893      -9.760286
       1.625331     -34.836602       8.938711      10.725550      32.950299      -9.750879
       1.634246     -34.839068       8.929102      10.721896      32.954698      -9.741484
       1.643164     -34.841526       8.919505      10.718238      32.959092      -9.732101
       1.652083     -34.843975       8.909923      10.714575      32.963479      -9.722732
       1.661004     -34.846415       8.900353      10.710907      32.967861      -9.713375
       1.669927     -34.848847       8.890796      10.707236      32.972237      -9.704031
       1.678852     -34.851270       8.881253      10.703559      32.976606      -9.694700
       1.687778     -34.853685       8.871723      10.699878      32.980970      -9.685381
       1.696707     -34.856092       8.862206      10.696193      32.985328      -9.676075
       1.705637     -34.858490       8.852701      10.692504      32.989680      -9.666782
       1.714569     -34.860879       8.843210      10.688810      32.994026      -9.657501
       1.723503     -34.863260       8.833732      10.685111      32.998366      -9.648233
       1.732438     -34.865633       8.824266      10.681408      33.002700      -9.638977
       1.741376     -34.867997       8.814814      10.677701      33.007029      -9.629733
       1.750315     -34.870354       8.805374      10.673989      33.011352      -9.620502
       1.759256     -34.872701       8.795948      10.670273      33.015669      -9.611284
       1.768198     -34.875041       8.786534      10.666553      33.019980      -9.602077
       1.777143     -34.877372       8.777133      10.662828      33.024286      -9.592883
       1.786089     -34.879695       8.767745      10.659099      33.028586      -9.583702
       1.795036     -34.882009       8.758369      10.655365      33.032880      -9.574533
       1.803986     -34.884315       8.749006      10.651628      33.037168      -9.565375
       1.812937     -34.886614       8.739656      10.647885      33.041451      -9.556231
       1.821890     -34.888903       8.730318      10.644139      33.045728      -9.547098
       1.830844     -34.891185       8.720993      10.640388      33.050000      -9.537978
       1.839800     -34.893459       8.711681      10.636633      33.054266      -9.528869
       1.848758     -34.895724       8.702381      10.632874      33.058526      -9.519773
       1.857717     -34.897981       8.693094      10.629110      33.062780      -9.510689
       1.866678     -34.900230       8.683819      10.625342      33.067030      -9.501617
       1.875641     -34.902472       8.674557      10.621570      33.071273      -9.492557
       1.884606     -34.904705       8.665307      10.617793      33.075511      -9.483509
       1.893571     -34.906929       8.656070      10.614012      33.079743      -9.474473
       1.902539     -34.909146       8.646845      10.610227      33.083970      -9.465449
       1.911508     -34.911355       8.637632      10.606438      33.088192      -9.456437
       1.920479     -34.913556       8.628432      10.602645      33.092408      -9.447436
       1.929451     -34.915749       8.619244      10.598847      33.096618      -9.438448
       1.938425     -34.917934       8.610068      10.595045      33.100823      -9.429471
       1.947401     -34.920111       8.600905      10.591239      33.105023      -9.420506
       1.956378     -34.922279       8.591754      10.587428      33.109217      -9.411553
       1.965356     -34.924441       8.582615      10.583614      33.113406      -9.402612
       1.974336     -34.926594       8.573488      10.579795      33.117589      -9.393683
       1.983318     -34.928739       8.564373      10.575972      33.121767      -9.384765
       1.992301     -34.930876       8.555271      10.572145      33.125940      -9.375859
       2.001286     -34.933006       8.546180      10.568314      33.130107      -9.366964
       2.010272     -34.935127       8.537102      10.564478      33.134269      -9.358081
       2.019260     -34.937241       8.528036      10.560639      33.138426      -9.349210
       2.028249     -34.939347       8.518981      10.556795      33.142577      -9.340350
       2.037239     -34.941445       8.509939      10.552947      33.146724      -9.331502
       2.046232     -34.943536       8.500909      10.549095      33.150864      -9.322665
       2.055225     -34.945619       8.491890      10.545239      33.155000      -9.313840
       2.064220     -34.947694       8.482884      10.541379      33.159130      -9.305026
       2.073217     -34.949761       8.473889      10.537514      33.163256      -9.296224
       2.082215     -34.951820       8.464906      10.533646      33.167376      -9.287433
       2.091214     -34.953872       8.455935      10.529773      33.171490      -9.278653
       2.100215     -34.955916       8.446976      10.525896      33.175600      -9.269885
       2.109217     -34.957953       8.438029      10.522016      33.179704      -9.261128
       2.118221     -34.959982       8.429093      10.518131      33.183804      -9.252382
       2.127226     -34.962003       8.420170      10.514242      33.187898      -9.243648
       2.136232     -34.964017       8.411257      10.510349      33.191987      -9.234925
       2.145240     -34.966023       8.402357      10.506452      33.196071      -9.226213
       2.154249     -34.968021       8.393468      10.502551      33.200149      -9.217512
       2.163260     -34.970012       8.384591      10.498646      33.204223      -9.208823
       2.172272     -34.971995       8.375725      10.494737      33.208292      -9.200145
       2.181285     -34.973971       8.366871      10.490824      33.212355      -9.191477
       2.190300     -34.975939       8.358029      10.486906      33.216414      -9.182821
       2.199316     -34.977900       8.349198      10.482985      33.220468      -9.174176
       2.208333     -34.979853       8.340378      10.479060      33.224516      -9.165542
       2.217352     -34.981799       8.331570      10.475131      33.228560      -9.156919
       2.226372     -34.983737       8.322774      10.471198      33.232598      -9.148307
       2.235393     -34.985668       8.313988      10.467261      33.236632      -9.139706
       2.244416     -34.987592       8.305215      10.463319      33.240661      -9.131116
       2.253440     -34.989508       8.296452      10.459374      33.244684      -9.122537
       2.262465     -34.991416       8.287701      10.455425      33.248703      -9.113968
       2.271491     -34.993318       8.278962      10.451472      33.252717      -9.105411
       2.280519     -34.995212       8.270233      10.447515      33.256726      -9.096864
       2.289548     -34.997098       8.261516      10.443554      33.260730      -9.088328
       2.298579     -34.998977       8.252810      10.439590      33.264729      -9.079803
       2.307610     -35.000849       8.244116      10.435621      33.268724      -9.071289
       2.316643     -35.002714       8.235432      10.431648      33.272713      -9.062785
       2.325677     -35.004571       8.226760      10.427671      33.276698      -9.054293
       2.334712     -35.006421       8.218099      10.423691      33.280678      -9.045811
       2.343749     -35.008264       8.209449      10.419706      33.284653      -9.037339
       2.352787     -35.010099       8.200810      10.415718      33.288623      -9.028878
       2.361826     -35.011927       8.192182      10.411726      33.292588      -9.020428
       2.370866     -35.013749       8.183565      10.407730      33.296549      -9.011989
       2.379907     -35.015562       8.174960      10.403730      33.300505      -9.003560
       2.388950     -35.017369       8.166365      10.399726      33.304456      -8.995141
       2.397993     -35.019168       8.157781      10.395718      33.308403      -8.986733
       2.407038     -35.020961       8.149209      10.391706      33.312345      -8.978336
       2.416085     -35.022746       8.140647      10.387691      33.316282      -8.969949
       2.425132     -35.024524       8.132096      10.383672      33.320214      -8.961572
       2.434180     -35.026295       8.123556      10.379648      33.324142      -8.953206
       2.443230     -35.028058       8.115027      10.375621      33.328065      -8.944850
       2.452281     -35.029815       8.106508      10.371591      33.331983      -8.936505
       2.461332     -35.031565       8.098001      10.367556      33.335897      -8.928170
       2.470385     -35.033307       8.089504      10.363517      33.339806      -8.919846
       2.479440     -35.035043       8.081018      10.359475      33.343711      -8.911531
       2.488495     -35.036771       8.072543      10.355429      33.347610      -8.903227
       2.497551     -35.038493       8.064079      10.351379      33.351506      -8.894934
       2.506609     -35.040207       8.055625      10.347325      33.355396      -8.886650
       2.515667     -35.041914       8.047182      10.343268      33.359283      -8.878377
       2.524727     -35.043615       8.038750      10.339207      33.363164      -8.870114
       2.533787     -35.045308       8.030328      10.335142      33.367041      -8.861861
       2.542849     -35.046995       8.021917      10.331073      33.370914      -8.853618
       2.551912     -35.048674       8.013516      10.327000      33.374782      -8.845386
       2.560976     -35.050347       8.005126      10.322924      33.378645      -8.837163
       2.570041     -35.052012       7.996747      10.318844      33.382504      -8.828951
       2.579107     -35.053671       7.988378      10.314760      33.386359      -8.820748
       2.588174     -35.055323       7.980020      10.310672      33.390209      -8.812556
       2.597242     -35.056968       7.971672      10.306581      33.394054      -8.804374
       2.606312     -35.058606       7.963334      10.302486      33.397895      -8.796201
       2.615382     -35.060238       7.955007      10.298387      33.401732      -8.788039
       2.624453     -35.061862       7.946691      10.294285      33.405564      -8.779886
       2.633525     -35.063480       7.938385      10.290179      33.409392      -8.771744
       2.642598     -35.065090       7.930089      10.286069      33.413215      -8.763611
       2.651673     -35.066694       7.921803      10.281955      33.417034      -8.755489
       2.660748     -35.068292       7.913528      10.277838      33.420849      -8.747376
       2.669824     -35.069882       7.905263      10.273717      33.424659      -8.739273
       2.678901     -35.071466       7.897009      10.269592      33.428465      -8.731180
       2.687980     -35.073043       7.888764      10.265464      33.432267      -8.723096
       2.697059     -35.074613       7.880530      10.261332      33.436064      -8.715023
       2.706139     -35.076176       7.872307      10.257196      33.439857      -8.706959
       2.715220     -35.077733       7.864093      10.253057      33.443646      -8.698905
       2.724302     -35.079283       7.855889      10.248914      33.447430      -8.690860
       2.733385     -35.080827       7.847696      10.244767      33.451210      -8.682825
       2.742469     -35.082363       7.839513      10.240617      33.454985      -8.674800
       2.751554     -35.083893       7.831340      10.236463      33.458757      -8.666785
       2.760639     -35.085417       7.823177      10.232305      33.462524      -8.658779
       2.769726     -35.086934       7.815024      10.228144      33.466287      -8.650783
       2.778814     -35.088444       7.806881      10.223979      33.470046      -8.642796
       2.787902     -35.089947       7.798748      10.219811      33.473800      -8.634819
       2.796992     -35.091444       7.790625      10.215639      33.477550      -8.626851
       2.806082     -35.092935       7.782512      10.211463      33.481296      -8.618893
       2.815173     -35.094418       7.774410      10.207284      33.485038      -8.610945
       2.824265     -35.095896       7.766317      10.203101      33.488776      -8.603006
       2.833358     -35.097366       7.758234      10.198914      33.492509      -8.595076
       2.842452     -35.098830       7.750160      10.194724      33.496239      -8.587156
       2.851547     -35.100288       7.742097      10.190531      33.499964      -8.579245
       2.860642     -35.101739       7.734044      10.186333      33.503685      -8.571344
       2.869739     -35.103184       7.726000      10.182133      33.507402      -8.563452
       2.878836     -35.104622       7.717967      10.177928      33.511114      -8.555569
       2.887934     -35.106053       7.709943      10.173720      33.514823      -8.547696
       2.897033     -35.107478       7.701928      10.169509      33.518528      -8.539832
       2.906133     -35.108897       7.693924      10.165294      33.522228      -8.531977
       2.915234     -35.110309       7.685929      10.161075      33.525924      -8.524131
       2.924335     -35.111715       7.677944      10.156853      33.529617      -8.516295
       2.933438     -35.113114       7.669969      10.152627      33.533305      -8.508468
       2.942541     -35.114507       7.662004      10.148398      33.536989      -8.500650
       2.951644     -35.115894       7.654048      10.144165      33.540669      -8.492841
       2.960749     -35.117274       7.646101      10.139929      33.544345      -8.485042
       2.969855     -35.118648       7.638165      10.135689      33.548017      -8.477252
       2.978961     -35.120015       7.630238      10.131446      33.551685      -8.469470
       2.988068     -35.121376       7.622320      10.127199      33.555349      -8.461698
       2.997176     -35.122731       7.614412      10.122949      33.559009      -8.453935
       3.006284     -35.124080       7.606514      10.118695      33.562666      -8.446181
       3.015394     -35.125422       7.598625      10.114438      33.566318      -8.438436
       3.024504     -35.126757       7.590746      10.110177      33.569966      -8.430701
       3.033615     -35.128087       7.582876      10.105913      33.573610      -8.422974
       3.042726     -35.129410       7.575015      10.101645      33.577250      -8.415256
       3.051839     -35.130727       7.567164      10.097374      33.580886      -8.407547
       3.060952     -35.132038       7.559323      10.093100      33.584519      -8.399847
       3.070066     -35.133342       7.551491      10.088821      33.588147      -8.392156
       3.079180     -35.134640       7.543668      10.084540      33.591772      -8.384474
       3.088296     -35.135932       7.535855      10.080255      33.595393      -8.376800
       3.097412     -35.137218       7.528050      10.075966      33.599009      -8.369136
       3.106528     -35.138497       7.520256      10.071674      33.602622      -8.361480
       3.115646     -35.139771       7.512470      10.067379      33.606231      -8.353834
       3.124764     -35.141038       7.504694      10.063080      33.609836      -8.346196
       3.133883     -35.142299       7.496927      10.058778      33.613438      -8.338567
       3.143002     -35.143554       7.489170      10.054472      33.617035      -8.330946
       3.152122     -35.144802       7.481421      10.050163      33.620629      -8.323335
       3.161243     -35.146045       7.473682      10.045851      33.624219      -8.315732
       3.170365     -35.147281       7.465952      10.041535      33.627805      -8.308138
       3.179487     -35.148511       7.458231      10.037216      33.631387      -8.300552
       3.188610     -35.149735       7.450520      10.032893      33.634965      -8.292976
       3.197734     -35.150953       7.442817      10.028567      33.638540      -8.285407
       3.206858     -35.152165       7.435124      10.024237      33.642111      -8.277848
       3.215983     -35.153371       7.427439      10.019904      33.645678      -8.270297
       3.225108     -35.154571       7.419764      10.015568      33.649241      -8.262755
       3.234234     -35.155764       7.412098      10.011228      33.652801      -8.255221
       3.243361     -35.156952       7.404441      10.006885      33.656356      -8.247696
       3.252488     -35.158134       7.396793      10.002539      33.659908      -8.240180
       3.261616     -35.159309       7.389154       9.998189      33.663457      -8.232672
       3.270745     -35.160479       7.381524       9.993836      33.667001      -8.225172
       3.279874     -35.161642       7.373902       9.989480      33.670542      -8.217681
       3.289004     -35.162800       7.366290       9.985120      33.674080      -8.210199
       3.298135     -35.163952       7.358687       9.980757      33.677613      -8.202724
       3.307266     -35.165097       7.351093       9.976390      33.681143      -8.195259
       3.316397     -35.166237       7.343507       9.972020      33.684669      -8.187802
       3.325530     -35.167370       7.335931       9.967647      33.688192      -8.180353
       3.334662     -35.168498       7.328363       9.963270      33.691711      -8.172912
       3.343796     -35.169620       7.320804       9.958890      33.695226      -8.165480
       3.352930     -35.170736       7.313254       9.954507      33.698737      -8.158057
       3.362064     -35.171846       7.305713       9.950121      33.702245      -8.150641
       3.371199     -35.172950       7.298181       9.945731      33.705750      -8.143234
       3.380335     -35.174048       7.290657       9.941338      33.709250      -8.135835
       3.389471     -35.175140       7.283142       9.936941      33.712747      -8.128445
       3.398608     -35.176226       7.275636       9.932541      33.716241      -8.121063
       3.407745     -35.177307       7.268139       9.928138      33.719731      -8.113689
       3.416883     -35.178381       7.260650       9.923732      33.723217      -8.106323
       3.426022     -35.179450       7.253170       9.919322      33.726700      -8.098965
       3.435161     -35.180513       7.245699       9.914909      33.730179      -8.091616
       3.444300     -35.181570       7.238236       9.910493      33.733655      -8.084275
       3.453440     -35.182621       7.230782       9.906074      33.737127      -8.076942
       3.462580     -35.183667       7.223337       9.901651      33.740595      -8.069617
       3.471721     -35.184707       7.215900       9.897225      33.744060      -8.062300
       3.480863     -35.185740       7.208472       9.892796      33.747522      -8.054991
       3.490005     -35.186768       7.201052       9.888363      33.750980      -8.047690
       3.499147     -35.187791       7.193641       9.883927      33.754434      -8.040398
       3.508290     -35.188807       7.186238       9.879488      33.757885      -8.033113
       3.517434     -35.189818       7.178844       9.875046      33.761333      -8.025837
       3.526578     -35.190823       7.171459       9.870600      33.764777      -8.018568
       3.535722     -35.191822       7.164082       9.866151      33.768217      -8.011308
       3.544867     -35.192816       7.156713       9.861699      33.771654      -8.004056
       3.554013     -35.193804       7.149353       9.857244      33.775088      -7.996811
       3.563159     -35.194786       7.142001       9.852785      33.778518      -7.989574
       3.572305     -35.195762       7.134658       9.848324      33.781944      -7.982346
       3.581452     -35.196733       7.127323       9.843859      33.785368      -7.975125
       3.590599     -35.197698       7.119996       9.839391      33.788787      -7.967912
       3.599746     -35.198658       7.112678       9.834919      33.792204      -7.960707
       3.608895     -35.199611       7.105369       9.830445      33.795617      -7.953510
       3.618043     -35.200559       7.098067       9.825967      33.799026      -7.946321
       3.627192     -35.201502       7.090774       9.821486      33.802432      -7.939140
       3.636342     -35.202439       7.083489       9.817001      33.805835      -7.931966
       3.645491     -35.203370       7.076212       9.812514      33.809235      -7.924800
       3.654642     -35.204295       7.068944       9.808023      33.812630      -7.917642
       3.663792     -35.205215       7.061684       9.803530      33.816023      -7.910492
       3.672943     -35.206130       7.054432       9.799033      33.819412      -7.903350
       3.682095     -35.207038       7.047189       9.794532      33.822798      -7.896215
       3.691247     -35.207942       7.039953       9.790029      33.826181      -7.889088
       3.700399     -35.208839       7.032726       9.785523      33.829560      -7.881968
       3.709552     -35.209731       7.025507       9.781013      33.832936      -7.874857
       3.718705     -35.210618       7.018296       9.776500      33.836308      -7.867753
       3.727858     -35.211499       7.011094       9.771984      33.839678      -7.860656
       3.737012     -35.212374       7.003899       9.767465      33.843043      -7.853568
       3.746166     -35.213244       6.996712       9.762942      33.846406      -7.846487
       3.755321     -35.214108       6.989534       9.758417      33.849765      -7.839413
       3.764476     -35.214967       6.982364       9.753888      33.853121      -7.832347
       3.773631     -35.215820       6.975201       9.749357      33.856474      -7.825289
       3.782787     -35.216668       6.968047       9.744822      33.859823      -7.818238
       3.791943     -35.217510       6.960901       9.740284      33.863170      -7.811195
       3.801099     -35.218347       6.953763       9.735742      33.866512      -7.804159
       3.810256     -35.219179       6.946633       9.731198      33.869852      -7.797131
       3.819413     -35.220005       6.939510       9.726651      33.873188      -7.790110
       3.828570     -35.220825       6.932396       9.722100      33.876522      -7.783097
       3.837728     -35.221640       6.925290       9.717546      33.879852      -7.776091
       3.846886     -35.222450       6.918192       9.712989      33.883178      -7.769093
       3.856045     -35.223254       6.911101       9.708430      33.886502      -7.762102
       3.865203     -35.224052       6.904019       9.703867      33.889822      -7.755119
       3.874362     -35.224846       6.896944       9.699300      33.893139      -7.748143
       3.883522     -35.225634       6.889877       9.694731      33.896453      -7.741174
       3.892681     -35.226416       6.882818       9.690159      33.899763      -7.734213
       3.901841     -35.227193       6.875767       9.685583      33.903071      -7.727259
       3.911002     -35.227965       6.868724       9.681005      33.906375      -7.720312
       3.920162     -35.228731       6.861689       9.676423      33.909676      -7.713373
       3.929323     -35.229492       6.854661       9.671839      33.912974      -7.706441
       3.938484     -35.230248       6.847641       9.667251      33.916269      -7.699516
       3.947646     -35.230998       6.840629       9.662660      33.919560      -7.692599
       3.956807     -35.231743       6.833625       9.658066      33.922849      -7.685689
       3.965969     -35.232483       6.826628       9.653469      33.926134      -7.678786
       3.975132     -35.233217       6.819640       9.648869      33.929416      -7.671890
       3.984294     -35.233946       6.812658       9.644266      33.932695      -7.665001
       3.993457     -35.234670       6.805685       9.639660      33.935971      -7.658120
       4.002620     -35.235389       6.798719       9.635050      33.939244      -7.651246
       4.011783     -35.236102       6.791761       9.630438      33.942514      -7.644379
       4.020947     -35.236809       6.784811       9.625823      33.945780      -7.637519
       4.030111     -35.237512       6.777868       9.621204      33.949044      -7.630667
       4.039275     -35.238209       6.770933       9.616583      33.952304      -7.623821
       4.048439     -35.238901       6.764005       9.611958      33.955561      -7.616983
       4.057604     -35.239588       6.757085       9.607331      33.958816      -7.610152
       4.066769     -35.240270       6.750173       9.602700      33.962067      -7.603328
       4.075934     -35.240946       6.743268       9.598067      33.965315      -7.596510
       4.085099     -35.241617       6.736371       9.593430      33.968560      -7.589700
       4.094264     -35.242283       6.729481       9.588790      33.971802      -7.582897
       4.103430     -35.242943       6.722599       9.584148      33.975041      -7.576101
       4.112596     -35.243599       6.715724       9.579502      33.978277      -7.569312
       4.121762     -35.244249       6.708857       9.574853      33.981509      -7.562530
       4.130928     -35.244894       6.701997       9.570201      33.984739      -7.555755
       4.140095     -35.245534       6.695145       9.565547      33.987966      -7.548987
       4.149262     -35.246169       6.688300       9.560889      33.991190      -7.542226
       4.158428     -35.246798       6.681463       9.556228      33.994411      -7.535472
       4.167596     -35.247423       6.674633       9.551564      33.997628      -7.528725
       4.176763     -35.248042       6.667810       9.546898      34.000843      -7.521985
       4.185930     -35.248656       6.660995       9.542228      34.004055      -7.515251
       4.195098     -35.249265       6.654187       9.537555      34.007264      -7.508525
       4.204266     -35.249869       6.647387       9.532879      34.010469      -7.501805
       4.213434     -35.250467       6.640594       9.528201      34.013672      -7.495092
       4.222602     -35.251061       6.633808       9.523519      34.016872      -7.488386
       4.231770     -35.251649       6.627030       9.518834      34.020069      -7.481687
       4.240939     -35.252233       6.620259       9.514147      34.023263      -7.474995
       4.250108     -35.252811       6.613495       9.509456      34.026454      -7.468309
       4.259276     -35.253384       6.606738       9.504762      34.029642      -7.461631
       4.268445     -35.253952       6.599989       9.500066      34.032827      -7.454959
       4.277614     -35.254515       6.593247       9.495366      34.036009      -7.448294
       4.286784     -35.255073       6.586513       9.490664      34.039188      -7.441635
       4.295953     -35.255626       6.579785       9.485958      34.042364      -7.434983
       4.305123     -35.256174       6.573065       9.481250      34.045538      -7.428338
       4.314292     -35.256717       6.566352       9.476538      34.048708      -7.421700
       4.323462     -35.257254       6.559646       9.471824      34.051876      -7.415068
       4.332632     -35.257787       6.552947       9.467107      34.055040      -7.408443
       4.341802     -35.258315       6.546255       9.462387      34.058202      -7.401825
       4.350972     -35.258837       6.539571       9.457664      34.061361      -7.395214
       4.360143     -35.259355       6.532894       9.452937      34.064517      -7.388609
       4.369313     -35.259868       6.526224       9.448208      34.067670      -7.382010
       4.378484     -35.260376       6.519561       9.443476      34.070820      -7.375418
       4.387654     -35.260878       6.512905       9.438742      34.073968      -7.368833
       4.396825     -35.261376       6.506256       9.434004      34.077112      -7.362255
       4.405996     -35.261869       6.499614       9.429263      34.080254      -7.355683
       4.415167     -35.262357       6.492979       9.424519      34.083392      -7.349117
       4.424338     -35.262839       6.486352       9.419773      34.086528      -7.342558
       4.433509     -35.263317       6.479731       9.415023      34.089661      -7.336006
       4.442680     -35.263790       6.473117       9.410271      34.092792      -7.329460
       4.451851     -35.264258       6.466511       9.405516      34.095919      -7.322920
       4.461023     -35.264721       6.459911       9.400757      34.099044      -7.316388
       4.470194     -35.265179       6.453318       9.395996      34.102165      -7.309861
       4.479366     -35.265633       6.446732       9.391232      34.105284      -7.303341
       4.488537     -35.266081       6.440154       9.386465      34.108401      -7.296828
       4.497709     -35.266524       6.433582       9.381695      34.111514      -7.290321
       4.506880     -35.266963       6.427017       9.376923      34.114624      -7.283820
       4.516052     -35.267397       6.420459       9.372147      34.117732      -7.277326
       4.525224     -35.267825       6.413908       9.367369      34.120837      -7.270838
       4.534396     -35.268249       6.407364       9.362587      34.123939      -7.264356
       4.543568     -35.268668       6.400826       9.357803      34.127039      -7.257881
       4.552740     -35.269082       6.394296       9.353016      34.130135      -7.251412
       4.561912     -35.269492       6.387772       9.348226      34.133229      -7.244950
       4.571084     -35.269896       6.381255       9.343433      34.136320      -7.238494
       4.580256     -35.270296       6.374746       9.338637      34.139409      -7.232044
       4.589428     -35.270690       6.368242       9.333838      34.142494      -7.225601
       4.598600     -35.271080       6.361746       9.329037      34.145577      -7.219164
       4.607772     -35.271465       6.355256       9.324233      34.148657      -7.212733
       4.616944     -35.271846       6.348774       9.319425      34.151734      -7.206308
       4.626116     -35.272221       6.342298       9.314615      34.154809      -7.199890
       4.635288     -35.272592       6.335828       9.309802      34.157881      -7.193478
       4.644461     -35.272958       6.329366       9.304986      34.160950      -7.187072
       4.653633     -35.273319       6.322910       9.300168      34.164017      -7.180672
       4.662805     -35.273675       6.316461       9.295346      34.167080      -7.174279
       4.671977     -35.274027       6.310019       9.290522      34.170141      -7.167892
       4.681150     -35.274373       6.303583       9.285695      34.173200      -7.161511
       4.690322     -35.274715       6.297154       9.280865      34.176255      -7.155136
       4.699494     -35.275052       6.290732       9.276032      34.179308      -7.148767
       4.708666     -35.275385       6.284316       9.271196      34.182358      -7.142405
       4.717838     -35.275713       6.277907       9.266357      34.185406      -7.136048
       4.727010     -35.276036       6.271504       9.261516      34.188451      -7.129698
       4.736183     -35.276354       6.265109       9.256672      34.191493      -7.123354
       4.745355     -35.276667       6.258719       9.251825      34.194533      -7.117015
       4.754527     -35.276976       6.252337       9.246975      34.197569      -7.110683
       4.763699     -35.277280       6.245961       9.242122      34.200604      -7.104357
       4.772871     -35.277580       6.239591       9.237267      34.203635      -7.098038
       4.782043     -35.277874       6.233228       9.232408      34.206664      -7.091724
       4.791215     -35.278164       6.226872       9.227547      34.209690      -7.085416
       4.800387     -35.278449       6.220522       9.222683      34.212714      -7.079114
       4.809559     -35.278730       6.214179       9.217817      34.215735      -7.072818
       4.818730     -35.279006       6.207842       9.212947      34.218753      -7.066529
       4.827902     -35.279277       6.201512       9.208075      34.221769      -7.060245
       4.837074     -35.279544       6.195188       9.203199      34.224782      -7.053967
       4.846245     -35.279806       6.188870       9.198321      34.227792      -7.047695
       4.855417     -35.280063       6.182560       9.193441      34.230800      -7.041429
       4.864589     -35.280316       6.176255       9.188557      34.233806      -7.035169
       4.873760     -35.280563       6.169957       9.183671      34.236808      -7.028915
       4.882931     -35.280807       6.163666       9.178782      34.239808      -7.022667
       4.892103     -35.281046       6.157380       9.173890      34.242806      -7.016425
       4.901274     -35.281280       6.151102       9.168995      34.245800      -7.010189
       4.910445     -35.281509       6.144829       9.164097      34.248793      -7.003958
       4.919616     -35.281734       6.138563       9.159197      34.251782      -6.997734
       4.928787     -35.281954       6.132304       9.154294      34.254769      -6.991515
       4.937958     -35.282170       6.126050       9.149388      34.257754      -6.985302
       4.947129     -35.282381       6.119804       9.144480      34.260736      -6.979095
       4.956300     -35.282587       6.113563       9.139568      34.263715      -6.972894
       4.965470     -35.282789       6.107329       9.134654      34.266692      -6.966699
       4.974641     -35.282986       6.101101       9.129737      34.269666      -6.960509
       4.983811     -35.283179       6.094879       9.124817      34.272638      -6.954325
       4.992982     -35.283367       6.088664       9.119895      34.275607      -6.948147
       5.002152     -35.283551       6.082455       9.114970      34.278574      -6.941975
       5.011322     -35.283730       6.076252       9.110042      34.281538      -6.935809
       5.020492     -35.283904       6.070056       9.105111      34.284499      -6.929648
       5.029662     -35.284074       6.063865       9.100178      34.287459      -6.923493
       5.038831     -35.284240       6.057681       9.095241      34.290415      -6.917344
       5.048001     -35.284401       6.051503       9.090302      34.293369      -6.911200
       5.057171     -35.284557       6.045332       9.085361      34.296320      -6.905062
       5.066340     -35.284709       6.039166       9.080416      34.299269      -6.898930
       5.075509     -35.284856       6.033007       9.075469      34.302216      -6.892804
       5.084678     -35.284999       6.026854       9.070519      34.305160      -6.886683
       5.093847     -35.285137       6.020707       9.065566      34.308101      -6.880568
       5.103016     -35.285271       6.014567       9.060611      34.311040      -6.874458
       5.112185     -35.285400       6.008432       9.055653      34.313976      -6.868354
       5.121353     -35.285525       6.002304       9.050692      34.316910      -6.862256
       5.130522     -35.285645       5.996181       9.045728      34.319842      -6.856164
       5.139690     -35.285761       5.990065       9.040762      34.322771      -6.850076
       5.148858     -35.285873       5.983955       9.035793      34.325697      -6.843995
       5.158026     -35.285980       5.977851       9.030821      34.328621      -6.837919
       5.167194     -35.286082       5.971753       9.025846      34.331543      -6.831849
       5.176361     -35.286180       5.965662       9.020869      34.334462      -6.825784
       5.185529     -35.286274       5.959576       9.015889      34.337378      -6.819725
       5.194696     -35.286363       5.953496       9.010907      34.340292      -6.813671
       5.203863     -35.286448       5.947422       9.005921      34.343204      -6.807623
       5.213030     -35.286528       5.941355       9.000933      34.346113      -6.801580
       5.222197     -35.286604       5.935293       8.995942      34.349020      -6.795543
       5.231364     -35.286675       5.929238       8.990949      34.351924      -6.789512
       5.240530     -35.286742       5.923188       8.985953      34.354826      -6.783486
       5.249696     -35.286805       5.917144       8.980954      34.357726      -6.777465
       5.258862     -35.286863       5.911107       8.975952      34.360623      -6.771450
       5.268028     -35.286917       5.905075       8.970948      34.363517      -6.765440
       5.277194     -35.286966       5.899049       8.965941      34.366410      -6.759436
       5.286359     -35.287011       5.893030       8.960931      34.369299      -6.753437
       5.295524     -35.287052       5.887016       8.955919      34.372187      -6.747443
       5.304690     -35.287088       5.881008       8.950903      34.375072      -6.741455
       5.313854     -35.287120       5.875006       8.945886      34.377954      -6.735472
       5.323019     -35.287147       5.869010       8.940865      34.380834      -6.729495
       5.332184     -35.287171       5.863020       8.935842      34.383712      -6.723523
       5.341348     -35.287189       5.857035       8.930816      34.386587      -6.717557
       5.350512     -35.287204       5.851057       8.925788      34.389460      -6.711595
       5.359676     -35.287214       5.845084       8.920757      34.392331      -6.705640
       5.368839     -35.287220       5.839117       8.915723      34.395199      -6.699689
       5.378003     -35.287221       5.833157       8.910686      34.398065      -6.693744
       5.387166     -35.287218       5.827202       8.905647      34.400928      -6.687804
       5.396329     -35.287211       5.821252       8.900605      34.403789      -6.681869
       5.405491     -35.287199       5.815309       8.895560      34.406648      -6.675940
       5.414654     -35.287184       5.809371       8.890513      34.409504      -6.670016
       5.423816     -35.287163       5.803440       8.885463      34.412358      -6.664097
       5.432978     -35.287139       5.797514       8.880411      34.415209      -6.658184
       5.442140     -35.287110       5.791593       8.875356      34.418059      -6.652276
       5.451301     -35.287077       5.785679       8.870298      34.420905      -6.646373
       5.460463     -35.287040       5.779770       8.865237      34.423750      -6.640475
       5.469624     -35.286998       5.773867       8.860174      34.426592      -6.634583
       5.478784     -35.286952       5.767970       8.855108      34.429432      -6.628695
       5.487945     -35.286902       5.762078       8.850040      34.432269      -6.622813
       5.497105     -35.286847       5.756192       8.844969      34.435104      -6.616936
       5.506265     -35.286789       5.750312       8.839895      34.437937      -6.611065
       5.515425     -35.286726       5.744438       8.834818      34.440768      -6.605198
       5.524584     -35.286658       5.738569       8.829739      34.443596      -6.599337
       5.533744     -35.286587       5.732706       8.824658      34.446422      -6.593481
       5.542903     -35.286511       5.726849       8.819573      34.449245      -6.587629
       5.552061     -35.286431       5.720997       8.814486      34.452066      -6.581784
       5.561220     -35.286347       5.715151       8.809397      34.454885      -6.575943
       5.570378     -35.286259       5.709310       8.804304      34.457702      -6.570107
       5.579536     -35.286166       5.703476       8.799209      34.460516      -6.564276
       5.588693     -35.286069       5.697646       8.794112      34.463328      -6.558451
       5.597851     -35.285968       5.691823       8.789012      34.466137      -6.552630
       5.607008     -35.285863       5.686005       8.783909      34.468945      -6.546815
       5.616164     -35.285753       5.680192       8.778804      34.471750      -6.541005
       5.625321     -35.285639       5.674386       8.773696      34.474553      -6.535200
       5.634477     -35.285521       5.668584       8.768585      34.477353      -6.529399
       5.643633     -35.285399       5.662789       8.763472      34.480151      -6.523604
       5.652788     -35.285273       5.656998       8.758356      34.482947      -6.517814
       5.661944     -35.285143       5.651214       8.753237      34.485741      -6.512029
       5.671099     -35.285008       5.645435       8.748116      34.488532      -6.506249
       5.680253     -35.284869       5.639661       8.742992      34.491321      -6.500474
       5.689408     -35.284726       5.633893       8.737866      34.494108      -6.494704
       5.698562     -35.284579       5.628131       8.732737      34.496893      -6.488939
       5.707715     -35.284428       5.622373       8.727605      34.499675      -6.483179
       5.716869     -35.284272       5.616622       8.722471      34.502455      -6.477423
       5.726022     -35.284113       5.610876       8.717335      34.505233      -6.471673
       5.735175     -35.283949       5.605135       8.712195      34.508008      -6.465928
       5.744327     -35.283781       5.599400       8.707053      34.510782      -6.460187
       5.753479     -35.283609       5.593670       8.701909      34.513553      -6.454452
       5.762631     -35.283433       5.587946       8.696761      34.516322      -6.448721
       5.771783     -35.283252       5.582227       8.691612      34.519088      -6.442996
       5.780934     -35.283068       5.576514       8.686459      34.521853      -6.437275
       5.790085     -35.282879       5.570806       8.681304      34.524615      -6.431559
       5.799235     -35.282687       5.565103       8.676147      34.527374      -6.425848
       5.808385     -35.282490       5.559406       8.670987      34.530132      -6.420142
       5.817535     -35.282289       5.553714       8.665824      34.532888      -6.414441
       5.826685     -35.282084       5.548028       8.660659      34.535641      -6.408744
       5.835834     -35.281875       5.542346       8.655491      34.538392      -6.403053
       5.844982     -35.281662       5.536671       8.650320      34.541141      -6.397366
       5.854131     -35.281445       5.531000       8.645147      34.543887      -6.391684
       5.863279     -35.281224       5.525335       8.639971      34.546631      -6.386007
       5.872427     -35.280998       5.519676       8.634793      34.549374      -6.380335
       5.881574     -35.280769       5.514021       8.629612      34.552114      -6.374667
       5.890721     -35.280535       5.508372       8.624429      34.554851      -6.369005
       5.899868     -35.280298       5.502728       8.619243      34.557587      -6.363347
       5.909014     -35.280056       5.497090       8.614055      34.560320      -6.357694
       5.918160     -35.279811       5.491457       8.608863      34.563051      -6.352045
       5.927306     -35.279561       5.485829       8.603670      34.565780      -6.346401
       5.936451     -35.279307       5.480206       8.598474      34.568507      -6.340762
       5.945596     -35.279049       5.474589       8.593275      34.571232      -6.335128
       5.954740     -35.278787       5.468976       8.588073      34.573954      -6.329499
       5.963884     -35.278522       5.463370       8.582870      34.576675      -6.323874
       5.973028     -35.278252       5.457768       8.577663      34.579393      -6.318254
       5.982171     -35.277978       5.452171       8.572454      34.582109      -6.312639
       5.991314     -35.277700       5.446580       8.567242      34.584822      -6.307028
       6.000457     -35.277418       5.440994       8.562028      34.587534      -6.301422
       6.009599     -35.277132       5.435413       8.556812      34.590243      -6.295821
       6.018741     -35.276842       5.429838       8.551592      34.592951      -6.290224
       6.027882     -35.276548       5.424267       8.546370      34.595656      -6.284632
       6.037023     -35.276250       5.418702       8.541146      34.598359      -6.279045
       6.046164     -35.275948       5.413142       8.535919      34.601060      -6.273462
       6.055304     -35.275642       5.407587       8.530690      34.603758      -6.267884
       6.064444     -35.275332       5.402037       8.525458      34.606455      -6.262310
       6.073583     -35.275018       5.396492       8.520223      34.609149      -6.256741
       6.082722     -35.274701       5.390953       8.514986      34.611841      -6.251177
       6.091861     -35.274379       5.385418       8.509747      34.614532      -6.245617
       6.100999     -35.274053       5.379889       8.504504      34.617220      -6.240062
       6.110137     -35.273723       5.374365       8.499260      34.619905      -6.234512
       6.119274     -35.273390       5.368846       8.494012      34.622589      -6.228966
       6.128411     -35.273052       5.363332       8.488763      34.625271      -6.223424
       6.137548     -35.272710       5.357823       8.483510      34.627950      -6.217887
       6.146684     -35.272365       5.352319       8.478256      34.630628      -6.212355
       6.155820     -35.272015       5.346820       8.472998      34.633303      -6.206827
       6.164955     -35.271662       5.341327       8.467738      34.635976      -6.201304
       6.174090     -35.271304       5.335838       8.462476      34.638647      -6.195785
       6.183224     -35.270943       5.330354       8.457211      34.641316      -6.190271
       6.192358     -35.270578       5.324876       8.451943      34.643983      -6.184761
       6.201492     -35.270209       5.319402       8.446673      34.646647      -6.179256
       6.210625     -35.269836       5.313933       8.441401      34.649310      -6.173755
       6.219758     -35.269459       5.308470       8.436126      34.651970      -6.168259
       6.228890     -35.269078       5.303011       8.430848      34.654629      -6.162767
       6.238022     -35.268693       5.297558       8.425568      34.657285      -6.157280
       6.247153     -35.268304       5.292109       8.420286      34.659939      -6.151797
       6.256284     -35.267912       5.286665       8.415001      34.662591      -6.146318
       6.265415     -35.267515       5.281227       8.409713      34.665241      -6.140844
       6.274545     -35.267115       5.275793       8.404423      34.667889      -6.135374
       6.283675     -35.266711       5.270364       8.399130      34.670535      -6.129909
       6.292804     -35.266303       5.264940       8.393835      34.673179      -6.124448
       6.301932     -35.265891       5.259521       8.388537      34.675821      -6.118992
       6.311061     -35.265475       5.254108       8.383237      34.678460      -6.113540
       6.320188     -35.265055       5.248698       8.377935      34.681098      -6.108092
       6.329316     -35.264632       5.243294       8.372629      34.683733      -6.102649
       6.338443     -35.264204       5.237895       8.367322      34.686367      -6.097210
       6.347569     -35.263773       5.232501       8.362012      34.688998      -6.091775
       6.356695     -35.263338       5.227111       8.356699      34.691627      -6.086345
       6.365820     -35.262899       5.221727       8.351384      34.694255      -6.080919
       6.374945     -35.262456       5.216347       8.346066      34.696880      -6.075498
       6.384070     -35.262009       5.210972       8.340746      34.699503      -6.070081
       6.393194     -35.261559       5.205602       8.335423      34.702124      -6.064668
       6.402318     -35.261105       5.200237       8.330098      34.704743      -6.059259
       6.411441     -35.260646       5.194877       8.324771      34.707360      -6.053855
       6.420563     -35.260184       5.189521       8.319440      34.709975      -6.048455
       6.429685     -35.259719       5.184171       8.314108      34.712588      -6.043059
       6.438807     -35.259249       5.178825       8.308773      34.715199      -6.037668
       6.447928     -35.258776       5.173484       8.303435      34.717807      -6.032281
       6.457049     -35.258298       5.168147       8.298095      34.720414      -6.026898
       6.466169     -35.257817       5.162816       8.292753      34.723019      -6.021519
       6.475289     -35.257332       5.157489       8.287407      34.725622      -6.016145
       6.484408     -35.256844       5.152168       8.282060      34.728222      -6.010774
       6.493527     -35.256351       5.146850       8.276710      34.730821      -6.005409
       6.502645     -35.255855       5.141538       8.271357      34.733418      -6.000047
       6.511763     -35.255355       5.136230       8.266003      34.736012      -5.994689
       6.520880     -35.254851       5.130928       8.260645      34.738605      -5.989336
       6.529997     -35.254344       5.125630       8.255285      34.741195      -5.983987
       6.539113     -35.253832       5.120336       8.249923      34.743784      -5.978642
       6.548229     -35.253317       5.115047       8.244558      34.746370      -5.973301
       6.557344     -35.252798       5.109764       8.239191      34.748955      -5.967965
       6.566459     -35.252276       5.104484       8.233821      34.751537      -5.962633
       6.575573     -35.251749       5.099210       8.228449      34.754118      -5.957304
       6.584686     -35.251219       5.093940       8.223074      34.756696      -5.951980
       6.593799     -35.250685       5.088675       8.217697      34.759273      -5.946660
       6.602912     -35.250148       5.083414       8.212317      34.761847      -5.941345
       6.612024     -35.249606       5.078159       8.206935      34.764420      -5.936033
       6.621136     -35.249061       5.072907       8.201550      34.766990      -5.930726
       6.630247     -35.248512       5.067661       8.196163      34.769559      -5.925422
       6.639357     -35.247960       5.062419       8.190774      34.772125      -5.920123
       6.648467     -35.247404       5.057182       8.185382      34.774690      -5.914828
       6.657577     -35.246844       5.051949       8.179988      34.777253      -5.909537
       6.666686     -35.246280       5.046722       8.174591      34.779813      -5.904250
       6.675794     -35.245712       5.041498       8.169191      34.782372      -5.898967
       6.684902     -35.245141       5.036280       8.163790      34.784928      -5.893688
       6.694009     -35.244566       5.031065       8.158385      34.787483      -5.888413
       6.703116     -35.243988       5.025856       8.152979      34.790036      -5.883143
       6.712223     -35.243405       5.020651       8.147570      34.792586      -5.877876
       6.721328     -35.242819       5.015451       8.142158      34.795135      -5.872613
       6.730433     -35.242230       5.010255       8.136744      34.797682      -5.867355
       6.739538     -35.241636       5.005064       8.131328      34.800226      -5.862100
       6.748642     -35.241039       4.999877       8.125909      34.802769      -5.856850
       6.757746     -35.240438       4.994695       8.120487      34.805310      -5.851603
       6.766849     -35.239834       4.989518       8.115063      34.807849      -5.846361
       6.775951     -35.239226       4.984345       8.109637      34.810386      -5.841122
       6.785053     -35.238614       4.979176       8.104209      34.812921      -5.835887
       6.794154     -35.237998       4.974013       8.098777      34.815454      -5.830657
       6.803255     -35.237379       4.968853       8.093344      34.817985      -5.825430
       6.812355     -35.236757       4.963698       8.087908      34.820514      -5.820208
       6.821455     -35.236130       4.958548       8.082469      34.823041      -5.814989
       6.830554     -35.235500       4.953402       8.077029      34.825566      -5.809774
       6.839652     -35.234866       4.948261       8.071585      34.828090      -5.804564
       6.848750     -35.234229       4.943124       8.066140      34.830611      -5.799357
       6.857848     -35.233588       4.937991       8.060691      34.833130      -5.794154
       6.866945     -35.232943       4.932864       8.055241      34.835648      -5.788955
       6.876041     -35.232295       4.927740       8.049788      34.838163      -5.783760
       6.885136     -35.231643       4.922621       8.044332      34.840677      -5.778569
       6.894231     -35.230987       4.917507       8.038875      34.843188      -5.773382
       6.903326     -35.230328       4.912396       8.033414      34.845698      -5.768199
       6.912420     -35.229665       4.907291       8.027952      34.848206      -5.763019
       6.921513     -35.228998       4.902189       8.022486      34.850712      -5.757844
       6.930606     -35.228328       4.897093       8.017019      34.853215      -5.752672
       6.939698     -35.227655       4.892000       8.011549      34.855717      -5.747504
       6.948790     -35.226977       4.886912       8.006076      34.858217      -5.742340
       6.957881     -35.226296       4.881829       8.000602      34.860716      -5.737180
       6.966971     -35.225612       4.876749       7.995124      34.863212      -5.732024
       6.976061     -35.224924       4.871675       7.989645      34.865706      -5.726872
       6.985150     -35.224232       4.866604       7.984163      34.868198      -5.721723
       6.994239     -35.223537       4.861538       7.978678      34.870689      -5.716578
       7.003327     -35.222838       4.856476       7.973191      34.873177      -5.711437
       7.012414     -35.222135       4.851419       7.967702      34.875664      -5.706300
       7.021501     -35.221429       4.846366       7.962210      34.878149      -5.701167
       7.030587     -35.220719       4.841317       7.956716      34.880632      -5.696038
       7.039673     -35.220006       4.836273       7.951219      34.883113      -5.690912
       7.048758     -35.219289       4.831233       7.945720      34.885592      -5.685790
       7.057842     -35.218569       4.826198       7.940219      34.888069      -5.680672
       7.066926     -35.217845       4.821166       7.934715      34.890544      -5.675558
       7.076009     -35.217117       4.816139       7.929209      34.893017      -5.670447
       7.085092     -35.216386       4.811117       7.923701      34.895489      -5.665340
       7.094174     -35.215652       4.806098       7.918190      34.897958      -5.660237
       7.103255     -35.214913       4.801084       7.912676      34.900426      -5.655138
       7.112336     -35.214172       4.796074       7.907160      34.902892      -5.650042
       7.121416     -35.213426       4.791069       7.901642      34.905355      -5.644951
       7.130495     -35.212678       4.786068       7.896122      34.907817      -5.639863
       7.139574     -35.211925       4.781071       7.890599      34.910278      -5.634778
       7.148653     -35.211169       4.776078       7.885073      34.912736      -5.629697
       7.157730     -35.210410       4.771089       7.879545      34.915192      -5.624621
       7.166807     -35.209647       4.766105       7.874015      34.917646      -5.619547
       7.175884     -35.208880       4.761125       7.868483      34.920099      -5.614478
       7.184959     -35.208110       4.756149       7.862948      34.922550      -5.609412
       7.194034     -35.207337       4.751178       7.857410      34.924999      -5.604350
       7.203109     -35.206560       4.746211       7.851871      34.927445      -5.599291
       7.212183     -35.205779       4.741248       7.846328      34.929891      -5.594236
       7.221256     -35.204995       4.736289       7.840784      34.932334      -5.589185
       7.230328     -35.204207       4.731334       7.835237      34.934775      -5.584137
       7.239400     -35.203416       4.726384       7.829688      34.937215      -5.579094
       7.248472     -35.202622       4.721437       7.824136      34.939652      -5.574053
       7.257542     -35.201823       4.716495       7.818582      34.942088      -5.569017
       7.266612     -35.201022       4.711557       7.813025      34.944522      -5.563984
       7.275682     -35.200217       4.706624       7.807467      34.946954      -5.558954
       7.284750     -35.199408       4.701694       7.801905      34.949384      -5.553929
       7.293818     -35.198596       4.696769       7.796342      34.951812      -5.548906
       7.302886     -35.197780       4.691848       7.790776      34.954239      -5.543888
       7.311952     -35.196961       4.686930       7.785207      34.956663      -5.538873
       7.321019     -35.196139       4.682018       7.779637      34.959086      -5.533862
       7.330084     -35.195313       4.677109       7.774064      34.961507      -5.528854
       7.339149     -35.194483       4.672204       7.768488      34.963926      -5.523850
       7.348213     -35.193650       4.667303       7.762910      34.966343      -5.518849
       7.357276     -35.192814       4.662407       7.757330      34.968758      -5.513852
       7.366339     -35.191974       4.657515       7.751747      34.971172      -5.508858
       7.375401     -35.191131       4.652626       7.746162      34.973583      -5.503868
       7.384463     -35.190284       4.647742       7.740575      34.975993      -5.498882
       7.393524     -35.189434       4.642862       7.734985      34.978401      -5.493899
       7.402584     -35.188580       4.637986       7.729393      34.980807      -5.488920
       7.411643     -35.187723       4.633114       7.723799      34.983212      -5.483944
       7.420702     -35.186862       4.628247       7.718202      34.985614      -5.478972
       7.429760     -35.185998       4.623383       7.712602      34.988015      -5.474003
       7.438817     -35.185131       4.618523       7.707001      34.990414      -5.469038
       7.447874     -35.184260       4.613668       7.701397      34.992810      -5.464076
       7.456930     -35.183386       4.608816       7.695791      34.995206      -5.459118
       7.465986     -35.182508       4.603968       7.690182      34.997599      -5.454163
       7.475040     -35.181627       4.599125       7.684571      34.999990      -5.449211
       7.484094     -35.180742       4.594285       7.678957      35.002380      -5.444264
       7.493148     -35.179854       4.589450       7.673342      35.004768      -5.439319
       7.502200     -35.178963       4.584619       7.667724      35.007154      -5.434378
       7.511252     -35.178068       4.579791       7.662103      35.009538      -5.429441
       7.520304     -35.177170       4.574968       7.656480      35.011920      -5.424507
       7.529354     -35.176268       4.570148       7.650855      35.014301      -5.419576
       7.538404     -35.175363       4.565333       7.645227      35.016680      -5.414649
       7.547453     -35.174455       4.560522       7.639598      35.019057      -5.409726
       7.556502     -35.173543       4.555714       7.633965      35.021432      -5.404805
       7.565550     -35.172628       4.550911       7.628331      35.023805      -5.399889
       7.574597     -35.171709       4.546111       7.622694      35.026176      -5.394975
       7.583643     -35.170787       4.541316       7.617054      35.028546      -5.390065
       7.592689     -35.169862       4.536524       7.611413      35.030914      -5.385159
       7.601734     -35.168933       4.531736       7.605769      35.033280      -5.380255
       7.610779     -35.168001       4.526953       7.600122      35.035644      -5.375356
       7.619822     -35.167065       4.522173       7.594473      35.038007      -5.370459
       7.628865     -35.166126       4.517397       7.588822      35.040367      -5.365566
       7.637907     -35.165184       4.512625       7.583169      35.042726      -5.360676
       7.646949     -35.164238       4.507858       7.577513      35.045083      -5.355790
       7.655990     -35.163289       4.503094       7.571855      35.047438      -5.350907
       7.665030     -35.162337       4.498333       7.566194      35.049792      -5.346028
       7.674069     -35.161381       4.493577       7.560532      35.052144      -5.341151
       7.683108     -35.160422       4.488825       7.554866      35.054493      -5.336279
       7.692146     -35.159460       4.484077       7.549199      35.056841      -5.331409
       7.701183     -35.158494       4.479332       7.543529      35.059188      -5.326543
       7.710219     -35.157525       4.474591       7.537857      35.061532      -5.321680
       7.719255     -35.156552       4.469855       7.532182      35.063875      -5.316820
       7.728290     -35.155576       4.465122       7.526505      35.066216      -5.311964
       7.737324     -35.154597       4.460393       7.520826      35.068555      -5.307111
       7.746358     -35.153615       4.455668       7.515145      35.070892      -5.302262
       7.755391     -35.152629       4.450946       7.509461      35.073228      -5.297415
       7.764423     -35.151639       4.446229       7.503775      35.075562      -5.292572
       7.773455     -35.150647       4.441515       7.498086      35.077894      -5.287732
       7.782485     -35.149651       4.436806       7.492395      35.080224      -5.282896
       7.791515     -35.148652       4.432100       7.486702      35.082552      -5.278063
       7.800544     -35.147650       4.427398       7.481006      35.084879      -5.273233
       7.809573     -35.146644       4.422700       7.475308      35.087204      -5.268406
       7.818601     -35.145635       4.418005       7.469608      35.089527      -5.263583
       7.827628     -35.144622       4.413314       7.463906      35.091848      -5.258763
       7.836654     -35.143606       4.408628       7.458201      35.094168      -5.253946
       7.845680     -35.142587       4.403945       7.452493      35.096485      -5.249132
       7.854704     -35.141565       4.399265       7.446784      35.098801      -5.244322
       7.863728     -35.140539       4.394590       7.441072      35.101116      -5.239514
       7.872752     -35.139511       4.389918       7.435358      35.103428      -5.234710
       7.881774     -35.138478       4.385250       7.429641      35.105739      -5.229910
       7.890796     -35.137443       4.380586       7.423922      35.108048      -5.225112
       7.899817     -35.136404       4.375926       7.418201      35.110355      -5.220318
       7.908837     -35.135362       4.371269       7.412478      35.112660      -5.215527
       7.917857     -35.134317       4.366617       7.406752      35.114964      -5.210739
       7.926876     -35.133268       4.361968       7.401024      35.117266      -5.205954
       7.935894     -35.132216       4.357322       7.395293      35.119566      -5.201172
       7.944911     -35.131161       4.352681       7.389560      35.121864      -5.196394
       7.953928     -35.130102       4.348043       7.383825      35.124161      -5.191619
       7.962944     -35.129040       4.343409       7.378088      35.126456      -5.186847
       7.971959     -35.127975       4.338778       7.372348      35.128749      -5.182078
       7.980973     -35.126907       4.334152       7.366606      35.131040      -5.177312
       7.989986     -35.125836       4.329529       7.360862      35.133330      -5.172549
       7.998999     -35.124761       4.324910       7.355115      35.135618      -5.167790
       8.008011     -35.123683       4.320294       7.349366      35.137904      -5.163034
       8.017022     -35.122601       4.315682       7.343614      35.140188      -5.158281
       8.026033     -35.121517       4.311074       7.337861      35.142471      -5.153531
       8.035042     -35.120429       4.306470       7.332105      35.144751      -5.148784
       8.044051     -35.119338       4.301869       7.326347      35.147031      -5.144040
       8.053059     -35.118244       4.297272       7.320586      35.149308      -5.139299
       8.062067     -35.117146       4.292678       7.314823      35.151584      -5.134562
       8.071073     -35.116045       4.288088       7.309058      35.153857      -5.129827
       8.080079     -35.114941       4.283502       7.303290      35.156130      -5.125096
       8.089084     -35.113834       4.278920       7.297520      35.158400      -5.120368
       8.098088     -35.112724       4.274341       7.291748      35.160669      -5.115642
       8.107092     -35.111610       4.269766       7.285974      35.162935      -5.110920
       8.116095     -35.110493       4.265194       7.280197      35.165201      -5.106201
       8.125097     -35.109373       4.260627       7.274418      35.167464      -5.101485
       8.134098     -35.108250       4.256062       7.268636      35.169726      -5.096772
       8.143098     -35.107123       4.251502       7.262853      35.171986      -5.092063
       8.152098     -35.105993       4.246945       7.257067      35.174244      -5.087356
       8.161096     -35.104860       4.242391       7.251278      35.176500      -5.082652
       8.170094     -35.103724       4.237842       7.245488      35.178755      -5.077951
       8.179091     -35.102585       4.233295       7.239695      35.181008      -5.073254
       8.188088     -35.101442       4.228753       7.233900      35.183259      -5.068559
       8.197083     -35.100296       4.224214       7.228102      35.185509      -5.063868
       8.206078     -35.099147       4.219678       7.222302      35.187757      -5.059179
       8.215072     -35.097995       4.215147       7.216500      35.190003      -5.054493
       8.224065     -35.096839       4.210618       7.210696      35.192247      -5.049811
       8.233058     -35.095681       4.206094       7.204889      35.194490      -5.045131
       8.242050     -35.094519       4.201573       7.199080      35.196731      -5.040455
       8.251040     -35.093354       4.197055       7.193269      35.198970      -5.035781
       8.260030     -35.092186       4.192541       7.187455      35.201208      -5.031111
       8.269020     -35.091015       4.188031       7.181639      35.203444      -5.026443
       8.278008     -35.089840       4.183524       7.175821      35.205678      -5.021779
       8.286996     -35.088662       4.179021       7.170000      35.207910      -5.017117
       8.295982     -35.087481       4.174521       7.164178      35.210141      -5.012459
       8.304968     -35.086297       4.170025       7.158352      35.212369      -5.007803
       8.313954     -35.085110       4.165532       7.152525      35.214597      -5.003150
       8.322938     -35.083920       4.161043       7.146695      35.216822      -4.998501
       8.331921     -35.082726       4.156557       7.140863      35.219046      -4.993854
       8.340904     -35.081530       4.152075       7.135029      35.221268      -4.989210
       8.349886     -35.080330       4.147596       7.129193      35.223488      -4.984569
       8.358867     -35.079127       4.143121       7.123354      35.225707      -4.979931
       8.367848     -35.077921       4.138649       7.117513      35.227924      -4.975296
       8.376827     -35.076711       4.134181       7.111669      35.230139      -4.970664
       8.385806     -35.075499       4.129717       7.105823      35.232353      -4.966035
       8.394784     -35.074283       4.125255       7.099975      35.234564      -4.961409
       8.403761     -35.073065       4.120798       7.094125      35.236774      -4.956785
       8.412737     -35.071843       4.116344       7.088273      35.238983      -4.952165
       8.421712     -35.070618       4.111893       7.082418      35.241190      -4.947547
       8.430687     -35.069389       4.107445       7.076560      35.243395      -4.942933
       8.439660     -35.068158       4.103002       7.070701      35.245598      -4.938321
       8.448633     -35.066924       4.098561       7.064839      35.247799      -4.933712
       8.457605     -35.065686       4.094124       7.058975      35.249999      -4.929106
       8.466577     -35.064446       4.089691       7.053109      35.252197      -4.924503
       8.475547     -35.063202       4.085261       7.047240      35.254394      -4.919903
       8.484516     -35.061955       4.080834       7.041370      35.256589      -4.915305
       8.493485     -35.060705       4.076411       7.035496      35.258782      -4.910711
       8.502453     -35.059452       4.071991       7.029621      35.260973      -4.906119
       8.511420     -35.058195       4.067575       7.023743      35.263163      -4.901530
       8.520386     -35.056936       4.063162       7.017863      35.265351      -4.896945
       8.529352     -35.055674       4.058753       7.011981      35.267537      -4.892361
       8.538316     -35.054408       4.054347       7.006096      35.269722      -4.887781
       8.547280     -35.053139       4.049944       7.000210      35.271905      -4.883204
       8.556243     -35.051867       4.045545       6.994321      35.274086      -4.878629
       8.565205     -35.050593       4.041149       6.988429      35.276265      -4.874057
       8.574166     -35.049315       4.036756       6.982536      35.278443      -4.869488
       8.583126     -35.048034       4.032367       6.976640      35.280619      -4.864922
       8.592086     -35.046749       4.027981       6.970741      35.282794      -4.860359
       8.601044     -35.045462       4.023599       6.964841      35.284966      -4.855798
       8.610002     -35.044172       4.019220       6.958938      35.287138      -4.851241
       8.618959     -35.042878       4.014845       6.953033      35.289307      -4.846686
       8.627915     -35.041582       4.010472       6.947126      35.291475      -4.842134
       8.636870     -35.040282       4.006103       6.941216      35.293641      -4.837584
       8.645825     -35.038980       4.001738       6.935304      35.295805      -4.833038
       8.654778     -35.037674       3.997376       6.929390      35.297968      -4.828494
       8.663731     -35.036365       3.993017       6.923474      35.300129      -4.823953
       8.672683     -35.035053       3.988661       6.917555      35.302288      -4.819414
       8.681634     -35.033738       3.984309       6.911634      35.304446      -4.814879
       8.690584     -35.032420       3.979960       6.905711      35.306601      -4.810346
       8.699533     -35.031099       3.975615       6.899786      35.308756      -4.805816
       8.708481     -35.029775       3.971273       6.893858      35.310908      -4.801289
       8.717429     -35.028448       3.966934       6.887928      35.313059      -4.796764
       8.726376     -35.027117       3.962598       6.881996      35.315208      -4.792243
       8.735321     -35.025784       3.958266       6.876061      35.317356      -4.787724
       8.744266     -35.024448       3.953937       6.870124      35.319502      -4.783207
       8.753210     -35.023108       3.949611       6.864185      35.321646      -4.778694
       8.762153     -35.021766       3.945289       6.858244      35.323789      -4.774183
       8.771096     -35.020420       3.940970       6.852300      35.325929      -4.769675
       8.780037     -35.019072       3.936654       6.846354      35.328069      -4.765169
       8.788978     -35.017720       3.932341       6.840406      35.330206      -4.760667
       8.797917     -35.016366       3.928032       6.834456      35.332342      -4.756167
       8.806856     -35.015008       3.923726       6.828503      35.334476      -4.751669
       8.815794     -35.013647       3.919423       6.822548      35.336609      -4.747175
       8.824731     -35.012284       3.915124       6.816591      35.338739      -4.742683
       8.833667     -35.010917       3.910828       6.810631      35.340868      -4.738193
       8.842602     -35.009547       3.906535       6.804670      35.342996      -4.733707
       8.851537     -35.008174       3.902245       6.798706      35.345122      -4.729223
       8.860470     -35.006798       3.897959       6.792740      35.347246      -4.724741
       8.869403     -35.005420       3.893676       6.786771      35.349368      -4.720263
       8.878335     -35.004038       3.889396       6.780800      35.351489      -4.715787
       8.887266     -35.002653       3.885119       6.774827      35.353608      -4.711314
       8.896196     -35.001265       3.880845       6.768852      35.355726      -4.706843
       8.905125     -34.999874       3.876575       6.762875      35.357842      -4.702375
       8.914053     -34.998480       3.872308       6.756895      35.359956      -4.697910
       8.922980     -34.997083       3.868044       6.750913      35.362068      -4.693447
       8.931907     -34.995683       3.863784       6.744928      35.364179      -4.688987
       8.940832     -34.994280       3.859526       6.738942      35.366288      -4.684530
       8.949757     -34.992874       3.855272       6.732953      35.368396      -4.680075
       8.958681     -34.991466       3.851021       6.726962      35.370502      -4.675623
       8.967603     -34.990054       3.846773       6.720969      35.372606      -4.671173
       8.976525     -34.988639       3.842528       6.714973      35.374708      -4.666726
       8.985446     -34.987221       3.838287       6.708975      35.376809      -4.662282
       8.994367     -34.985800       3.834049       6.702975      35.378909      -4.657840
       9.003286     -34.984376       3.829813       6.696973      35.381006      -4.653401
       9.012204     -34.982949       3.825581       6.690968      35.383102      -4.648964
       9.021122     -34.981519       3.821353       6.684961      35.385196      -4.644530
       9.030038     -34.980087       3.817127       6.678952      35.387289      -4.640099
       9.038954     -34.978651       3.812905       6.672941      35.389380      -4.635670
       9.047869     -34.977212       3.808685       6.666927      35.391469      -4.631244
       9.056783     -34.975770       3.804469       6.660912      35.393557      -4.626820
       9.065695     -34.974326       3.800256       6.654894      35.395643      -4.622399
       9.074608     -34.972878       3.796046       6.648873      35.397727      -4.617981
       9.083519     -34.971427       3.791840       6.642851      35.399810      -4.613565
       9.092429     -34.969974       3.787636       6.636826      35.401891      -4.609151
       9.101338     -34.968517       3.783436       6.630799      35.403970      -4.604740
       9.110247     -34.967058       3.779238       6.624769      35.406048      -4.600332
       9.119154     -34.965595       3.775044       6.618738      35.408124      -4.595926
       9.128061     -34.964130       3.770853       6.612704      35.410199      -4.591523
       9.136966     -34.962661       3.766665       6.606668      35.412271      -4.587122
       9.145871     -34.961190       3.762480       6.600630      35.414343      -4.582724
       9.154775     -34.959716       3.758298       6.594589      35.416412      -4.578329
       9.163678     -34.958238       3.754120       6.588546      35.418480      -4.573935
       9.172580     -34.956758       3.749944       6.582501      35.420546      -4.569545
       9.181481     -34.955275       3.745772       6.576454      35.422611      -4.565157
       9.190381     -34.953789       3.741602       6.570404      35.424674      -4.560771
       9.199280     -34.952300       3.737436       6.564353      35.426735      -4.556388
       9.208178     -34.950808       3.733273       6.558299      35.428794      -4.552008
       9.217076     -34.949313       3.729113       6.552242      35.430852      -4.547629
       9.225972     -34.947815       3.724955       6.546184      35.432909      -4.543254
       9.234868     -34.946315       3.720801       6.540123      35.434963      -4.538881
       9.243762     -34.944811       3.716651       6.534060      35.437017      -4.534510
       9.252656     -34.943304       3.712503       6.527995      35.439068      -4.530142
       9.261549     -34.941795       3.708358       6.521928      35.441118      -4.525776
       9.270440     -34.940282       3.704216       6.515858      35.443166      -4.521413
       9.279331     -34.938767       3.700077       6.509786      35.445212      -4.517052
       9.288221     -34.937249       3.695942       6.503712      35.447257      -4.512694
       9.297110     -34.935727       3.691809       6.497635      35.449300      -4.508338
       9.305998     -34.934203       3.687679       6.491557      35.451342      -4.503985
       9.314885     -34.932676       3.683553       6.485476      35.453382      -4.499634
       9.323772     -34.931146       3.679429       6.479393      35.455420      -4.495286
       9.332657     -34.929614       3.675309       6.473307      35.457457      -4.490940
       9.341541     -34.928078       3.671191       6.467220      35.459492      -4.486596
       9.350424     -34.926539       3.667077       6.461130      35.461525      -4.482255
       9.359307     -34.924998       3.662965       6.455038      35.463557      -4.477916
       9.368188     -34.923453       3.658857       6.448943      35.465587      -4.473580
       9.377069     -34.921906       3.654751       6.442847      35.467616      -4.469246
       9.385949     -34.920356       3.650649       6.436748      35.469643      -4.464915
       9.394827     -34.918803       3.646550       6.430647      35.471668      -4.460586
       9.403705     -34.917246       3.642453       6.424544      35.473692      -4.456259
       9.412582     -34.915688       3.638360       6.418438      35.475714      -4.451935
       9.421457     -34.914126       3.634269       6.412331      35.477734      -4.447613
       9.430332     -34.912561       3.630182       6.406221      35.479753      -4.443294
       9.439206     -34.910994       3.626097       6.400109      35.481770      -4.438976
       9.448079     -34.909423       3.622016       6.393994      35.483785      -4.434662
       9.456951     -34.907850       3.617937       6.387878      35.485799      -4.430350
       9.465822     -34.906274       3.613861       6.381759      35.487811      -4.426040
       9.474692     -34.904695       3.609789       6.375638      35.489822      -4.421732
       9.483562     -34.903113       3.605719       6.369514      35.491831      -4.417427
       9.492430     -34.901528       3.601652       6.363389      35.493838      -4.413124
       9.501297     -34.899940       3.597588       6.357261      35.495843      -4.408824
       9.510163     -34.898350       3.593528       6.351131      35.497848      -4.404526
       9.519029     -34.896756       3.589470       6.344999      35.499850      -4.400230
       9.527893     -34.895160       3.585415       6.338864      35.501851      -4.395937
       9.536756     -34.893561       3.581363       6.332727      35.503850      -4.391646
       9.545619     -34.891959       3.577314       6.326589      35.505847      -4.387358
       9.554480     -34.890354       3.573267       6.320447      35.507843      -4.383071
       9.563341     -34.888746       3.569224       6.314304      35.509838      -4.378787
       9.572200     -34.887136       3.565184       6.308158      35.511830      -4.374506
       9.581059     -34.885522       3.561146       6.302010      35.513821      -4.370227
       9.589916     -34.883906       3.557112       6.295860      35.515811      -4.365950
       9.598773     -34.882287       3.553080       6.289708      35.517798      -4.361675
       9.607629     -34.880665       3.549052       6.283554      35.519785      -4.357403
       9.616483     -34.879040       3.545026       6.277397      35.521769      -4.353133
       9.625337     -34.877413       3.541003       6.271238      35.523752      -4.348865
       9.634190     -34.875782       3.536983       6.265077      35.525733      -4.344600
       9.643042     -34.874149       3.532966       6.258913      35.527713      -4.340337
       9.651893     -34.872513       3.528952       6.252748      35.529691      -4.336076
       9.660742     -34.870874       3.524941       6.246580      35.531667      -4.331818
       9.669591     -34.869232       3.520932       6.240410      35.533642      -4.327561
       9.678439     -34.867587       3.516927       6.234237      35.535615      -4.323308
       9.687286     -34.865940       3.512924       6.228063      35.537587      -4.319056
       9.696132     -34.864290       3.508924       6.221886      35.539557      -4.314807
       9.704977     -34.862637       3.504927       6.215707      35.541525      -4.310560
       9.713821     -34.860981       3.500933       6.209526      35.543492      -4.306315
       9.722664     -34.859322       3.496942       6.203343      35.545457      -4.302072
       9.731506     -34.857660       3.492953       6.197157      35.547420      -4.297832
       9.740347     -34.855996       3.488968       6.190969      35.549382      -4.293594
       9.749187     -34.854329       3.484985       6.184779      35.551342      -4.289359
       9.758026     -34.852659       3.481005       6.178587      35.553301      -4.285125
       9.766864     -34.850986       3.477028       6.172392      35.555258      -4.280894
       9.775701     -34.849310       3.473054       6.166195      35.557213      -4.276665
       9.784538     -34.847632       3.469083       6.159996      35.559167      -4.272438
       9.793373     -34.845951       3.465114       6.153795      35.561119      -4.268214
       9.802207     -34.844267       3.461149       6.147592      35.563070      -4.263992
       9.811040     -34.842580       3.457186       6.141386      35.565019      -4.259772
       9.819872     -34.840890       3.453226       6.135178      35.566966      -4.255554
       9.828703     -34.839198       3.449269       6.128968      35.568912      -4.251339
       9.837533     -34.837503       3.445314       6.122756      35.570856      -4.247125
       9.846363     -34.835805       3.441363       6.116542      35.572798      -4.242914
       9.855191     -34.834104       3.437414       6.110325      35.574739      -4.238705
       9.864018     -34.832400       3.433468       6.104106      35.576678      -4.234499
       9.872844     -34.830694       3.429525       6.097885      35.578616      -4.230294
       9.881669     -34.828985       3.425584       6.091661      35.580552      -4.226092
       9.890494     -34.827273       3.421647       6.085436      35.582486      -4.221892
       9.899317     -34.825558       3.417712       6.079208      35.584419      -4.217694
       9.908139     -34.823841       3.413780       6.072978      35.586350      -4.213498
       9.916960     -34.822121       3.409850       6.066746      35.588279      -4.209305
       9.925780     -34.820398       3.405924       6.060511      35.590207      -4.205114
       9.934600     -34.818672       3.402000       6.054275      35.592134      -4.200925
       9.943418     -34.816943       3.398079       6.048036      35.594058      -4.196738
       9.952235     -34.815212       3.394161       6.041795      35.595981      -4.192553
       9.961051     -34.813478       3.390246       6.035552      35.597903      -4.188370
       9.969866     -34.811741       3.386333       6.029306      35.599823      -4.184190
       9.978680     -34.810001       3.382423       6.023058      35.601741      -4.180012
       9.987494     -34.808259       3.378516       6.016809      35.603658      -4.175836
       9.996306     -34.806514       3.374612       6.010556      35.605573      -4.171662
      10.005117     -34.804766       3.370710       6.004302      35.607486      -4.167490
      10.013927     -34.803015       3.366811       5.998046      35.609398      -4.163321
      10.022736     -34.801261       3.362915       5.991787      35.611308      -4.159153
      10.031544     -34.799505       3.359022       5.985526      35.613216      -4.154988
      10.040351     -34.797746       3.355131       5.979263      35.615123      -4.150825
      10.049157     -34.795985       3.351243       5.972997      35.617029      -4.146664
      10.057962     -34.794220       3.347358       5.966730      35.618932      -4.142505
      10.066766     -34.792453       3.343475       5.960460      35.620835      -4.138348
      10.075569     -34.790683       3.339595       5.954188      35.622735      -4.134193
      10.084371     -34.788910       3.335718       5.947913      35.624634      -4.130041
      10.093172     -34.787135       3.331844       5.941637      35.626531      -4.125890
      10.101972     -34.785357       3.327972       5.935358      35.628427      -4.121742
      10.110771     -34.783576       3.324103       5.929078      35.630321      -4.117596
      10.119569     -34.781792       3.320237       5.922794      35.632214      -4.113452
      10.128366     -34.780006       3.316373       5.916509      35.634104      -4.109310
      10.137162     -34.778217       3.312513       5.910222      35.635994      -4.105170
      10.145957     -34.776425       3.308654       5.903932      35.637881      -4.101032
      10.154751     -34.774631       3.304799       5.897640      35.639767      -4.096896
      10.163544     -34.772833       3.300946       5.891346      35.641652      -4.092763
      10.172335     -34.771033       3.297096       5.885050      35.643535      -4.088631
      10.181126     -34.769231       3.293248       5.878751      35.645416      -4.084502
      10.189916     -34.767425       3.289404       5.872450      35.647295      -4.080375
      10.198705     -34.765617       3.285562       5.866147      35.649173      -4.076249
      10.207492     -34.763806       3.281722       5.859842      35.651050      -4.072126
      10.216279     -34.761993       3.277885       5.853535      35.652925      -4.068005
      10.225065     -34.760176       3.274051       5.847225      35.654798      -4.063886
      10.233849     -34.758357       3.270220       5.840914      35.656669      -4.059769
      10.242633     -34.756536       3.266391       5.834600      35.658539      -4.055654
      10.251415     -34.754711       3.262565       5.828284      35.660408      -4.051541
      10.260197     -34.752884       3.258742       5.821965      35.662274      -4.047431
      10.268977     -34.751054       3.254921       5.815645      35.664140      -4.043322
      10.277757     -34.749222       3.251103       5.809322      35.666003      -4.039215
      10.286535     -34.747386       3.247287       5.802997      35.667865      -4.035110
      10.295312     -34.745548       3.243474       5.796670      35.669725      -4.031008
      10.304089     -34.743708       3.239664       5.790340      35.671584      -4.026907
      10.312864     -34.741865       3.235856       5.784009      35.673441      -4.022809
      10.321638     -34.740018       3.232051       5.777675      35.675297      -4.018712
      10.330411     -34.738170       3.228249       5.771339      35.677151      -4.014618
      10.339183     -34.736318       3.224449       5.765001      35.679003      -4.010525
      10.347954     -34.734464       3.220652       5.758660      35.680854      -4.006435
      10.356724     -34.732608       3.216857       5.752318      35.682703      -4.002346
      10.365493     -34.730748       3.213065       5.745973      35.684550      -3.998260
      10.374261     -34.728886       3.209276       5.739626      35.686396      -3.994176
      10.383028     -34.727021       3.205489       5.733277      35.688240      -3.990093
      10.391794     -34.725154       3.201705       5.726925      35.690083      -3.986013
      10.400559     -34.723283       3.197924       5.720572      35.691924      -3.981935
      10.409323     -34.721411       3.194145       5.714216      35.693764      -3.977858
      10.418085     -34.719535       3.190368       5.707858      35.695602      -3.973784
      10.426847     -34.717657       3.186595       5.701498      35.697438      -3.969711
      10.435608     -34.715776       3.182823       5.695135      35.699272      -3.965641
      10.444367     -34.713892       3.179055       5.688770      35.701105      -3.961573
      10.453126     -34.712006       3.175289       5.682404      35.702937      -3.957506
      10.461883     -34.710117       3.171525       5.676035      35.704767      -3.953442
      10.470640     -34.708226       3.167765       5.669663      35.706595      -3.949379
      10.479395     -34.706331       3.164006       5.663290      35.708422      -3.945319
      10.488149     -34.704435       3.160251       5.656914      35.710247      -3.941260
      10.496902     -34.702535       3.156497       5.650537      35.712070      -3.937204
      10.505655     -34.700633       3.152747       5.644157      35.713892      -3.933149
      10.514406     -34.698728       3.148999       5.637774      35.715712      -3.929096
      10.523156     -34.696821       3.145253       5.631390      35.717531      -3.925046
      10.531905     -34.694910       3.141510       5.625003      35.719348      -3.920997
      10.540653     -34.692998       3.137770       5.618615      35.721163      -3.916950
      10.549400     -34.691082       3.134032       5.612224      35.722977      -3.912905
      10.558145     -34.689164       3.130297       5.605830      35.724789      -3.908862
      10.566890     -34.687243       3.126564       5.599435      35.726600      -3.904821
      10.575634     -34.685320       3.122834       5.593037      35.728409      -3.900782
      10.584377     -34.683394       3.119106       5.586638      35.730216      -3.896745
      10.593118     -34.681465       3.115381       5.580236      35.732022      -3.892710
      10.601859     -34.679534       3.111659       5.573831      35.733826      -3.888677
      10.610598     -34.677600       3.107939       5.567425      35.735629      -3.884646
      10.619336     -34.675663       3.104221       5.561016      35.737430      -3.880616
      10.628074     -34.673724       3.100506       5.554606      35.739229      -3.876589
      10.636810     -34.671782       3.096793       5.548193      35.741027      -3.872563
      10.645545     -34.669838       3.093083       5.541777      35.742823      -3.868540
      10.654279     -34.667891       3.089376       5.535360      35.744618      -3.864518
      10.663012     -34.665941       3.085671       5.528941      35.746411      -3.860498
      10.671744     -34.663989       3.081968       5.522519      35.748202      -3.856480
      10.680475     -34.662034       3.078268       5.516095      35.749992      -3.852464
      10.689205     -34.660076       3.074571       5.509669      35.751780      -3.848450
      10.697933     -34.658116       3.070876       5.503240      35.753566      -3.844438
      10.706661     -34.656153       3.067183       5.496810      35.755351      -3.840427
      10.715388     -34.654188       3.063493       5.490377      35.757135      -3.836419
      10.724113     -34.652220       3.059806       5.483942      35.758916      -3.832412
      10.732837     -34.650249       3.056121       5.477505      35.760697      -3.828408
      10.741561     -34.648276       3.052438       5.471066      35.762475      -3.824405
      10.750283     -34.646300       3.048758       5.464624      35.764252      -3.820404
      10.759004     -34.644321       3.045081       5.458181      35.766027      -3.816405
      10.767724     -34.642340       3.041405       5.451735      35.767801      -3.812408
      10.776443     -34.640356       3.037733       5.445287      35.769573      -3.808413
      10.785161     -34.638370       3.034063       5.438836      35.771344      -3.804419
      10.793878     -34.636381       3.030395       5.432384      35.773113      -3.800428
      10.802594     -34.634390       3.026730       5.425929      35.774880      -3.796438
      10.811308     -34.632395       3.023067       5.419472      35.776646      -3.792450
      10.820022     -34.630399       3.019406       5.413013      35.778410      -3.788464
      10.828734     -34.628399       3.015748       5.406552      35.780172      -3.784480
      10.837446     -34.626397       3.012093       5.400089      35.781933      -3.780497
      10.846156     -34.624393       3.008440       5.393623      35.783693      -3.776517
      10.854865     -34.622386       3.004789       5.387155      35.785450      -3.772538
      10.863574     -34.620376       3.001141       5.380685      35.787206      -3.768561
      10.872281     -34.618364       2.997495       5.374213      35.788961      -3.764587
      10.880987     -34.616349       2.993852       5.367739      35.790714      -3.760613
      10.889691     -34.614331       2.990211       5.361262      35.792465      -3.756642
      10.898395     -34.612311       2.986573       5.354783      35.794215      -3.752673
      10.907098     -34.610289       2.982937       5.348302      35.795963      -3.748705
      10.915800     -34.608264       2.979303       5.341819      35.797709      -3.744739
      10.924500     -34.606236       2.975672       5.335334      35.799454      -3.740775
      10.933199     -34.604205       2.972044       5.328846      35.801197      -3.736813
      10.941898     -34.602173       2.968417       5.322357      35.802939      -3.732852
      10.950595     -34.600137       2.964793       5.315865      35.804679      -3.728894
      10.959291     -34.598099       2.961172       5.309371      35.806418      -3.724937
      10.967986     -34.596058       2.957553       5.302874      35.808154      -3.720982
      10.976680     -34.594015       2.953936       5.296376      35.809890      -3.717029
      10.985373     -34.591969       2.950322       5.289875      35.811623      -3.713077
      10.994065     -34.589921       2.946710       5.283372      35.813355      -3.709128
      11.002755     -34.587870       2.943100       5.276867      35.815086      -3.705180
      11.011445     -34.585817       2.939493       5.270360      35.816815      -3.701234
      11.020133     -34.583761       2.935889       5.263851      35.818542      -3.697290
      11.028820     -34.581702       2.932286       5.257339      35.820267      -3.693347
      11.037507     -34.579641       2.928686       5.250825      35.821991      -3.689407
      11.046192     -34.577577       2.925089       5.244309      35.823714      -3.685468
      11.054876     -34.575511       2.921494       5.237791      35.825435      -3.681531
      11.063559     -34.573442       2.917901       5.231271      35.827154      -3.677595
      11.072240     -34.571371       2.914310       5.224748      35.828871      -3.673662
      11.080921     -34.569297       2.910722       5.218223      35.830587      -3.669730
      11.089601     -34.567220       2.907137       5.211696      35.832302      -3.665800
      11.098279     -34.565141       2.903553       5.205167      35.834014      -3.661872
      11.106956     -34.563060       2.899972       5.198636      35.835726      -3.657945
      11.115633     -34.560976       2.896394       5.192102      35.837435      -3.654020
      11.124308     -34.558889       2.892818       5.185567      35.839143      -3.650097
      11.132982     -34.556800       2.889244       5.179029      35.840849      -3.646176
      11.141655     -34.554708       2.885672       5.172489      35.842554      -3.642256
      11.150327     -34.552614       2.882103       5.165946      35.844257      -3.638338
      11.158997     -34.550517       2.878536       5.159402      35.845959      -3.634422
      11.167667     -34.548418       2.874972       5.152855      35.847659      -3.630508
      11.176335     -34.546316       2.871410       5.146307      35.849357      -3.626595
      11.185003     -34.544211       2.867850       5.139756      35.851054      -3.622685
      11.193669     -34.542105       2.864292       5.133202      35.852749      -3.618775
      11.202334     -34.539995       2.860737       5.126647      35.854442      -3.614868
      11.210998     -34.537883       2.857184       5.120089      35.856134      -3.610962
      11.219661     -34.535769       2.853634       5.113530      35.857824      -3.607058
      11.228322     -34.533652       2.850086       5.106968      35.859513      -3.603156
      11.236983     -34.531532       2.846540       5.100404      35.861200      -3.599256
      11.245643     -34.529410       2.842996       5.093837      35.862886      -3.595357
      11.254301     -34.527285       2.839455       5.087269      35.864569      -3.591460
      11.262958     -34.525158       2.835916       5.080698      35.866252      -3.587564
      11.271614     -34.523029       2.832380       5.074125      35.867932      -3.583671
      11.280269     -34.520896       2.828845       5.067550      35.869611      -3.579779
      11.288923     -34.518762       2.825313       5.060973      35.871289      -3.575888
      11.297576     -34.516625       2.821784       5.054394      35.872964      -3.572000
      11.306228     -34.514485       2.818256       5.047812      35.874639      -3.568113
      11.314878     -34.512343       2.814731       5.041228      35.876311      -3.564227
      11.323528     -34.510198       2.811209       5.034642      35.877982      -3.560344
      11.332176     -34.508051       2.807688       5.028054      35.879652      -3.556462
      11.340823     -34.505901       2.804170       5.021464      35.881319      -3.552582
      11.349469     -34.503749       2.800654       5.014871      35.882985      -3.548703
      11.358114     -34.501594       2.797140       5.008276      35.884650      -3.544827
      11.366758     -34.499437       2.793629       5.001679      35.886313      -3.540951
      11.375400     -34.497277       2.790120       4.995080      35.887974      -3.537078
      11.384042     -34.495115       2.786613       4.988479      35.889634      -3.533206
      11.392682     -34.492951       2.783109       4.981876      35.891292      -3.529336
      11.401321     -34.490783       2.779607       4.975270      35.892948      -3.525468
      11.409959     -34.488614       2.776107       4.968662      35.894603      -3.521601
      11.418596     -34.486442       2.772609       4.962052      35.896256      -3.517736
      11.427232     -34.484267       2.769114       4.955440      35.897908      -3.513872
      11.435867     -34.482090       2.765620       4.948826      35.899558      -3.510010
      11.444500     -34.479910       2.762130       4.942209      35.901207      -3.506150
      11.453133     -34.477728       2.758641       4.935590      35.902853      -3.502291
      11.461764     -34.475544       2.755155       4.928969      35.904498      -3.498435
      11.470394     -34.473356       2.751670       4.922346      35.906142      -3.494579
      11.479023     -34.471167       2.748189       4.915721      35.907784      -3.490726
      11.487651     -34.468975       2.744709       4.909093      35.909424      -3.486874
      11.496278     -34.466780       2.741232       4.902464      35.911063      -3.483023
      11.504903     -34.464583       2.737756       4.895832      35.912700      -3.479175
      11.513528     -34.462384       2.734284       4.889198      35.914336      -3.475327
      11.522151     -34.460182       2.730813       4.882562      35.915970      -3.471482
      11.530773     -34.457978       2.727344       4.875923      35.917602      -3.467638
      11.539394     -34.455771       2.723878       4.869283      35.919232      -3.463796
      11.548014     -34.453561       2.720414       4.862640      35.920862      -3.459955
      11.556633     -34.451350       2.716953       4.855995      35.922489      -3.456116
      11.565250     -34.449135       2.713493       4.849348      35.924115      -3.452279
      11.573867     -34.446919       2.710036       4.842699      35.925739      -3.448443
      11.582482     -34.444699       2.706581       4.836047      35.927362      -3.444609
      11.591096     -34.442478       2.703128       4.829393      35.928982      -3.440777
      11.599709     -34.440254       2.699677       4.822737      35.930602      -3.436946
      11.608321     -34.438027       2.696229       4.816079      35.932220      -3.433116
      11.616931     -34.435798       2.692783       4.809419      35.933836      -3.429288
      11.625541     -34.433566       2.689339       4.802757      35.935450      -3.425462
      11.634149     -34.431333       2.685897       4.796092      35.937063      -3.421638
      11.642756     -34.429096       2.682457       4.789425      35.938674      -3.417815
      11.651363     -34.426857       2.679020       4.782756      35.940284      -3.413993
      11.659967     -34.424616       2.675585       4.776085      35.941892      -3.410174
      11.668571     -34.422372       2.672152       4.769412      35.943498      -3.406355
      11.677174     -34.420126       2.668721       4.762736      35.945103      -3.402539
      11.685775     -34.417877       2.665292       4.756059      35.946706      -3.398724
      11.694376     -34.415626       2.661866       4.749379      35.948308      -3.394910
      11.702975     -34.413373       2.658442       4.742697      35.949908      -3.391098
      11.711573     -34.411117       2.655020       4.736013      35.951506      -3.387288
      11.720170     -34.408859       2.651600       4.729326      35.953103      -3.383479
      11.728765     -34.406598       2.648182       4.722638      35.954698      -3.379672
      11.737360     -34.404334       2.644767       4.715947      35.956291      -3.375866
      11.745953     -34.402069       2.641353       4.709254      35.957883      -3.372062
      11.754545     -34.399801       2.637942       4.702559      35.959473      -3.368260
      11.763136     -34.397530       2.634533       4.695861      35.961062      -3.364459
      11.771726     -34.395257       2.631126       4.689162      35.962649      -3.360659
      11.780315     -34.392982       2.627722       4.682460      35.964234      -3.356862
      11.788902     -34.390704       2.624319       4.675756      35.965818      -3.353065
      11.797489     -34.388423       2.620919       4.669050      35.967400      -3.349271
      11.806074     -34.386141       2.617521       4.662342      35.968980      -3.345477
      11.814658     -34.383856       2.614125       4.655632      35.970559      -3.341686
      11.823241     -34.381568       2.610731       4.648919      35.972137      -3.337896
      11.831823     -34.379278       2.607339       4.642204      35.973712      -3.334107
      11.840403     -34.376986       2.603950       4.635487      35.975286      -3.330320
      11.848983     -34.374691       2.600562       4.628768      35.976858      -3.326534
      11.857561     -34.372394       2.597177       4.622047      35.978429      -3.322750
      11.866138     -34.370094       2.593794       4.615323      35.979998      -3.318968
      11.874714     -34.367792       2.590413       4.608598      35.981566      -3.315187
      11.883289     -34.365487       2.587034       4.601870      35.983132      -3.311407
      11.891862     -34.363180       2.583657       4.595140      35.984696      -3.307629
      11.900435     -34.360871       2.580283       4.588407      35.986258      -3.303853
      11.909006     -34.358559       2.576910       4.581673      35.987819      -3.300078
      11.917576     -34.356245       2.573540       4.574936      35.989379      -3.296305
      11.926145     -34.353929       2.570172       4.568198      35.990936      -3.292533
      11.934712     -34.351610       2.566805       4.561457      35.992493      -3.288763
      11.943279     -34.349289       2.563441       4.554714      35.994047      -3.284994
      11.951844     -34.346965       2.560080       4.547968      35.995600      -3.281226
      11.960408     -34.344639       2.556720       4.541221      35.997151      -3.277460
      11.968971     -34.342310       2.553362       4.534471      35.998701      -3.273696
      11.977533     -34.339979       2.550007       4.527719      36.000249      -3.269933
      11.986094     -34.337646       2.546653       4.520965      36.001795      -3.266172
      11.994653     -34.335310       2.543302       4.514209      36.003340      -3.262412
      12.003212     -34.332972       2.539953       4.507451      36.004883      -3.258654
      12.011769     -34.330632       2.536606       4.500690      36.006424      -3.254897
      12.020325     -34.328289       2.533261       4.493927      36.007964      -3.251141
      12.028880     -34.325943       2.529918       4.487162      36.009502      -3.247387
      12.037433     -34.323596       2.526577       4.480395      36.011038      -3.243635
      12.045986     -34.321246       2.523239       4.473626      36.012573      -3.239884
      12.054537     -34.318893       2.519902       4.466854      36.014107      -3.236134
      12.063087     -34.316538       2.516567       4.460081      36.015638      -3.232386
      12.071636     -34.314181       2.513235       4.453305      36.017168      -3.228640
      12.080183     -34.311822       2.509905       4.446527      36.018697      -3.224895
      12.088730     -34.309460       2.506576       4.439747      36.020223      -3.221151
      12.097275     -34.307095       2.503250       4.432964      36.021748      -3.217409
      12.105819     -34.304729       2.499926       4.426180      36.023272      -3.213668
      12.114362     -34.302359       2.496604       4.419393      36.024794      -3.209929
      12.122904     -34.299988       2.493284       4.412604      36.026314      -3.206191
      12.131444     -34.297614       2.489966       4.405813      36.027833      -3.202455
      12.139984     -34.295238       2.486651       4.399019      36.029349      -3.198720
      12.148522     -34.292859       2.483337       4.392224      36.030865      -3.194986
      12.157059     -34.290478       2.480025       4.385426      36.032378      -3.191254
      12.165595     -34.288095       2.476716       4.378627      36.033890      -3.187524
      12.174129     -34.285709       2.473408       4.371825      36.035401      -3.183795
      12.182663     -34.283321       2.470103       4.365020      36.036909      -3.180067
      12.191195     -34.280931       2.466799       4.358214      36.038417      -3.176341
      12.199726     -34.278538       2.463498       4.351405      36.039922      -3.172616
      12.208256     -34.276143       2.460198       4.344595      36.041426      -3.168893
      12.216785     -34.273746       2.456901       4.337782      36.042928      -3.165171
      12.225312     -34.271346       2.453606       4.330967      36.044429      -3.161450
      12.233839     -34.268943       2.450313       4.324149      36.045927      -3.157731
      12.242364     -34.266539       2.447022       4.317330      36.047425      -3.154013
      12.250887     -34.264132       2.443732       4.310508      36.048920      -3.150297
      12.259410     -34.261723       2.440445       4.303684      36.050414      -3.146582
      12.267932     -34.259311       2.437160       4.296858      36.051907      -3.142869
      12.276452     -34.256897       2.433877       4.290030      36.053397      -3.139157
      12.284971     -34.254481       2.430596       4.283200      36.054886      -3.135446
      12.293489     -34.252062       2.427318       4.276367      36.056374      -3.131737
      12.302006     -34.249641       2.424041       4.269533      36.057860      -3.128029
      12.310521     -34.247218       2.420766       4.262696      36.059344      -3.124323
      12.319036     -34.244792       2.417493       4.255857      36.060826      -3.120618
      12.327549     -34.242364       2.414222       4.249015      36.062307      -3.116914
      12.336061     -34.239934       2.410953       4.242172      36.063786      -3.113212
      12.344571     -34.237501       2.407687       4.235326      36.065264      -3.109511
      12.353081     -34.235066       2.404422       4.228479      36.066740      -3.105812
      12.361589     -34.232628       2.401159       4.221629      36.068214      -3.102114
      12.370096     -34.230189       2.397898       4.214776      36.069686      -3.098418
      12.378602     -34.227747       2.394640       4.207922      36.071157      -3.094722
      12.387107     -34.225302       2.391383       4.201066      36.072627      -3.091029
      12.395610     -34.222856       2.388128       4.194207      36.074094      -3.087336
      12.404113     -34.220406       2.384875       4.187346      36.075560      -3.083645
      12.412614     -34.217955       2.381625       4.180483      36.077025      -3.079955
      12.421114     -34.215501       2.378376       4.173618      36.078487      -3.076267
      12.429612     -34.213045       2.375129       4.166750      36.079949      -3.072580
      12.438110     -34.210587       2.371884       4.159881      36.081408      -3.068895
      12.446606     -34.208126       2.368642       4.153009      36.082866      -3.065210
      12.455101     -34.205663       2.365401       4.146135      36.084322      -3.061528
      12.463595     -34.203198       2.362162       4.139259      36.085776      -3.057846
      12.472088     -34.200730       2.358925       4.132380      36.087229      -3.054166
      12.480579     -34.198260       2.355691       4.125500      36.088680      -3.050487
      12.489069     -34.195788       2.352458       4.118617      36.090130      -3.046810
      12.497558     -34.193313       2.349227       4.111732      36.091578      -3.043134
      12.506046     -34.190836       2.345998       4.104845      36.093024      -3.039459
      12.514533     -34.188357       2.342771       4.097956      36.094468      -3.035786
      12.523018     -34.185876       2.339546       4.091065      36.095911      -3.032114
      12.531502     -34.183392       2.336324       4.084171      36.097352      -3.028444
      12.539985     -34.180906       2.333103       4.077275      36.098792      -3.024774
      12.548467     -34.178417       2.329884       4.070377      36.100230      -3.021107
      12.556948     -34.175926       2.326667       4.063477      36.101666      -3.017440
      12.565427     -34.173433       2.323452       4.056575      36.103101      -3.013775
      12.573905     -34.170938       2.320238       4.049670      36.104534      -3.010111
      12.582382     -34.168440       2.317027       4.042764      36.105965      -3.006448
      12.590857     -34.165940       2.313818       4.035855      36.107395      -3.002787
      12.599332     -34.163438       2.310611       4.028944      36.108823      -2.999127
      12.607805     -34.160933       2.307406       4.022030      36.110249      -2.995469
      12.616277     -34.158426       2.304202       4.015115      36.111674      -2.991812
      12.624748     -34.155917       2.301001       4.008198      36.113097      -2.988156
      12.633217     -34.153406       2.297802       4.001278      36.114518      -2.984501
      12.641686     -34.150892       2.294604       3.994356      36.115938      -2.980848
      12.650153     -34.148376       2.291409       3.987432      36.117356      -2.977196
      12.658619     -34.145857       2.288215       3.980505      36.118772      -2.973545
      12.667084     -34.143337       2.285023       3.973577      36.120187      -2.969896
      12.675547     -34.140814       2.281834       3.966646      36.121600      -2.966248
      12.684009     -34.138289       2.278646       3.959713      36.123011      -2.962601
      12.692470     -34.135761       2.275460       3.952778      36.124421      -2.958956
      12.700930     -34.133231       2.272276       3.945841      36.125829      -2.955312
      12.709389     -34.130699       2.269094       3.938902      36.127235      -2.951669
      12.717846     -34.128165       2.265914       3.931960      36.128640      -2.948028
      12.726302     -34.125628       2.262736       3.925016      36.130043      -2.944388
      12.734757     -34.123089       2.259560       3.918070      36.131444      -2.940749
      12.743211     -34.120548       2.256386       3.911122      36.132844      -2.937111
      12.751663     -34.118005       2.253213       3.904172      36.134242      -2.933475
      12.760114     -34.115459       2.250043       3.897220      36.135638      -2.929840
      12.768564     -34.112911       2.246874       3.890265      36.137033      -2.926206
      12.777013     -34.110360       2.243708       3.883308      36.138426      -2.922574
      12.785461     -34.107808       2.240543       3.876349      36.139817      -2.918943
      12.793907     -34.105253       2.237380       3.869388      36.141207      -2.915313
      12.802352     -34.102696       2.234219       3.862424      36.142595      -2.911685
      12.810796     -34.100136       2.231060       3.855459      36.143981      -2.908057
      12.819238     -34.097575       2.227903       3.848491      36.145366      -2.904431
      12.827680     -34.095011       2.224748       3.841521      36.146749      -2.900807
      12.836120     -34.092445       2.221595       3.834549      36.148130      -2.897183
      12.844559     -34.089876       2.218444       3.827575      36.149510      -2.893561
      12.852997     -34.087305       2.215294       3.820598      36.150888      -2.889940
      12.861433     -34.084732       2.212147       3.813620      36.152264      -2.886321
      12.869868     -34.082157       2.209001       3.806639      36.153639      -2.882702
      12.878302     -34.079580       2.205857       3.799656      36.155012      -2.879085
      12.886735     -34.077000       2.202715       3.792671      36.156383      -2.875470
      12.895167     -34.074418       2.199575       3.785683      36.157753      -2.871855
      12.903597     -34.071834       2.196437       3.778694      36.159121      -2.868242
      12.912026     -34.069247       2.193301       3.771702      36.160487      -2.864630
      12.920454     -34.066658       2.190167       3.764708      36.161852      -2.861019
      12.928880     -34.064067       2.187034       3.757712      36.163215      -2.857409
      12.937306     -34.061474       2.183903       3.750714      36.164576      -2.853801
      12.945730     -34.058878       2.180775       3.743713      36.165935      -2.850194
      12.954152     -34.056281       2.177648       3.736710      36.167293      -2.846588
      12.962574     -34.053681       2.174523       3.729706      36.168649      -2.842984
      12.970994     -34.051078       2.171400       3.722699      36.170004      -2.839380
      12.979414     -34.048474       2.168279       3.715689      36.171357      -2.835778
      12.987831     -34.045867       2.165159       3.708678      36.172708      -2.832178
      12.996248     -34.043258       2.162042       3.701664      36.174057      -2.828578
      13.004664     -34.040647       2.158926       3.694649      36.175405      -2.824980
      13.013078     -34.038033       2.155812       3.687631      36.176751      -2.821383
      13.021491     -34.035418       2.152701       3.680611      36.178095      -2.817787
      13.029902     -34.032800       2.149590       3.673588      36.179438      -2.814192
      13.038313     -34.030179       2.146482       3.666564      36.180779      -2.810599
      13.046722     -34.027557       2.143376       3.659537      36.182119      -2.807007
      13.055130     -34.024932       2.140271       3.652508      36.183456      -2.803416
      13.063537     -34.022305       2.137169       3.645477      36.184792      -2.799826
      13.071942     -34.019676       2.134068       3.638444      36.186126      -2.796237
      13.080346     -34.017045       2.130969       3.631409      36.187459      -2.792650
      13.088749     -34.014411       2.127872       3.624371      36.188790      -2.789064
      13.097151     -34.011776       2.124777       3.617331      36.190119      -2.785479
      13.105551     -34.009138       2.121683       3.610289      36.191447      -2.781895
      13.113951     -34.006497       2.118592       3.603245      36.192773      -2.778313
      13.122349     -34.003855       2.115502       3.596199      36.194097      -2.774732
      13.130745     -34.001210       2.112414       3.589150      36.195419      -2.771152
      13.139141     -33.998563       2.109328       3.582100      36.196740      -2.767573
      13.147535     -33.995914       2.106244       3.575047      36.198059      -2.763995
      13.155928     -33.993263       2.103161       3.567992      36.199376      -2.760419
      13.164320     -33.990609       2.100081       3.560934      36.200692      -2.756844
      13.172710     -33.987953       2.097002       3.553875      36.202006      -2.753269
      13.181099     -33.985295       2.093925       3.546813      36.203318      -2.749697
      13.189487     -33.982635       2.090850       3.539750      36.204629      -2.746125
      13.197874     -33.979973       2.087777       3.532684      36.205938      -2.742555
      13.206259     -33.977308       2.084705       3.525615      36.207245      -2.738985
      13.214644     -33.974641       2.081636       3.518545      36.208550      -2.735417
      13.223027     -33.971972       2.078568       3.511473      36.209854      -2.731850
      13.231408     -33.969301       2.075502       3.504398      36.211156      -2.728285
      13.239789     -33.966627       2.072438       3.497321      36.212457      -2.724720
      13.248168     -33.963951       2.069375       3.490242      36.213755      -2.721157
      13.256546     -33.961274       2.066315       3.483161      36.215052      -2.717595
      13.264923     -33.958593       2.063256       3.476077      36.216348      -2.714034
      13.273298     -33.955911       2.060199       3.468992      36.217641      -2.710474
      13.281672     -33.953227       2.057144       3.461904      36.218933      -2.706915
      13.290045     -33.950540       2.054090       3.454814      36.220223      -2.703358
      13.298417     -33.947851       2.051039       3.447721      36.221512      -2.699801
      13.306787     -33.945160       2.047989       3.440627      36.222799      -2.696246
      13.315156     -33.942467       2.044941       3.433531      36.224084      -2.692692
      13.323524     -33.939771       2.041895       3.426432      36.225367      -2.689139
      13.331891     -33.937073       2.038851       3.419331      36.226649      -2.685588
      13.340256     -33.934373       2.035808       3.412228      36.227929      -2.682037
      13.348620     -33.931671       2.032767       3.405122      36.229207      -2.678488
      13.356983     -33.928967       2.029728       3.398015      36.230484      -2.674940
      13.365344     -33.926261       2.026691       3.390905      36.231758      -2.671393
      13.373705     -33.923552       2.023656       3.383793      36.233032      -2.667847
      13.382064     -33.920841       2.020622       3.376679      36.234303      -2.664302
      13.390421     -33.918128       2.017590       3.369563      36.235573      -2.660759
      13.398778     -33.915413       2.014560       3.362445      36.236841      -2.657216
      13.407133     -33.912696       2.011532       3.355324      36.238107      -2.653675
      13.415487     -33.909976       2.008505       3.348201      36.239372      -2.650135
      13.423840     -33.907254       2.005480       3.341076      36.240634      -2.646596
      13.432191     -33.904530       2.002457       3.333949      36.241896      -2.643058
      13.440541     -33.901804       1.999436       3.326820      36.243155      -2.639521
      13.448890     -33.899076       1.996417       3.319688      36.244413      -2.635986
      13.457238     -33.896345       1.993399       3.312555      36.245669      -2.632451
      13.465584     -33.893613       1.990383       3.305419      36.246923      -2.628918
      13.473929     -33.890878       1.987369       3.298281      36.248176      -2.625386
      13.482273     -33.888141       1.984357       3.291140      36.249426      -2.621855
      13.490616     -33.885402       1.981346       3.283998      36.250676      -2.618325
      13.498957     -33.882661       1.978337       3.276853      36.251923      -2.614796
      13.507297     -33.879917       1.975330       3.269706      36.253169      -2.611268
      13.515636     -33.877171       1.972325       3.262557      36.254413      -2.607742
      13.523973     -33.874424       1.969321       3.255406      36.255655      -2.604216
      13.532309     -33.871674       1.966319       3.248253      36.256895      -2.600692
      13.540644     -33.868921       1.963319       3.241097      36.258134      -2.597169
      13.548978     -33.866167       1.960321       3.233939      36.259371      -2.593647
      13.557310     -33.863411       1.957324       3.226780      36.260607      -2.590126
      13.565641     -33.860652       1.954329       3.219617      36.261840      -2.586606
      13.573971     -33.857891       1.951336       3.212453      36.263072      -2.583087
      13.582300     -33.855128       1.948345       3.205287      36.264302      -2.579570
      13.590627     -33.852363       1.945355       3.198118      36.265531      -2.576053
      13.598953     -33.849596       1.942367       3.190947      36.266758      -2.572538
      13.607278     -33.846826       1.939381       3.183774      36.267983      -2.569023
      13.615601     -33.844055       1.936397       3.176599      36.269206      -2.565510
      13.623923     -33.841281       1.933414       3.169421      36.270428      -2.561998
      13.632244     -33.838505       1.930433       3.162241      36.271647      -2.558487
      13.640564     -33.835727       1.927454       3.155060      36.272865      -2.554977
      13.648882     -33.832947       1.924476       3.147876      36.274082      -2.551468
      13.657199     -33.830164       1.921501       3.140689      36.275296      -2.547960
      13.665515     -33.827380       1.918527       3.133501      36.276509      -2.544454
      13.673830     -33.824593       1.915554       3.126310      36.277721      -2.540948
      13.682143     -33.821804       1.912584       3.119118      36.278930      -2.537444
      13.690455     -33.819013       1.909615       3.111923      36.280138      -2.533940
      13.698766     -33.816220       1.906648       3.104726      36.281344      -2.530438
      13.707075     -33.813425       1.903682       3.097526      36.282548      -2.526937
      13.715383     -33.810628       1.900718       3.090325      36.283750      -2.523437
      13.723690     -33.807828       1.897756       3.083121      36.284951      -2.519938
      13.731995     -33.805027       1.894796       3.075915      36.286150      -2.516440
      13.740300     -33.802223       1.891838       3.068707      36.287347      -2.512943
      13.748603     -33.799417       1.888881       3.061497      36.288543      -2.509447
      13.756904     -33.796609       1.885925       3.054284      36.289737      -2.505952
      13.765205     -33.793799       1.882972       3.047069      36.290929      -2.502458
      13.773504     -33.790986       1.880020       3.039853      36.292119      -2.498966
      13.781802     -33.788172       1.877070       3.032634      36.293308      -2.495474
      13.790098     -33.785355       1.874122       3.025412      36.294495      -2.491984
      13.798394     -33.782536       1.871175       3.018189      36.295680      -2.488494
      13.806688     -33.779716       1.868230       3.010963      36.296863      -2.485006
      13.814980     -33.776893       1.865287       3.003735      36.298045      -2.481519
      13.823272     -33.774068       1.862345       2.996505      36.299225      -2.478032
      13.831562     -33.771240       1.859406       2.989273      36.300403      -2.474547
      13.839851     -33.768411       1.856467       2.982039      36.301579      -2.471063
      13.848138     -33.765580       1.853531       2.974802      36.302754      -2.467580
      13.856424     -33.762746       1.850596       2.967564      36.303927      -2.464098
      13.864709     -33.759910       1.847663       2.960323      36.305098      -2.460617
      13.872993     -33.757072       1.844732       2.953079      36.306267      -2.457137
      13.881275     -33.754232       1.841802       2.945834      36.307435      -2.453658
      13.889557     -33.751390       1.838874       2.938587      36.308601      -2.450180
      13.897836     -33.748546       1.835947       2.931337      36.309765      -2.446704
      13.906115     -33.745700       1.833023       2.924085      36.310927      -2.443228
      13.914392     -33.742851       1.830100       2.916831      36.312088      -2.439753
      13.922668     -33.740001       1.827178       2.909575      36.313247      -2.436280
      13.930943     -33.737148       1.824259       2.902316      36.314404      -2.432807
      13.939216     -33.734293       1.821341       2.895055      36.315559      -2.429335
      13.947488     -33.731437       1.818424       2.887793      36.316713      -2.425865
      13.955759     -33.728578       1.815510       2.880528      36.317865      -2.422395
      13.964028     -33.725716       1.812597       2.873260      36.319015      -2.418927
      13.972296     -33.722853       1.809685       2.865991      36.320163      -2.415459
      13.980563     -33.719988       1.806776       2.858719      36.321310      -2.411993
      13.988829     -33.717121       1.803868       2.851445      36.322454      -2.408527
      13.997093     -33.714251       1.800961       2.844169      36.323597      -2.405063
      14.005356     -33.711379       1.798057       2.836891      36.324739      -2.401600
      14.013618     -33.708506       1.795154       2.829611      36.325878      -2.398137
      14.021878     -33.705630       1.792252       2.822328      36.327016      -2.394676
      14.030137     -33.702752       1.789353       2.815043      36.328152      -2.391216
      14.038395     -33.699872       1.786455       2.807756      36.329286      -2.387756
      14.046652     -33.696990       1.783558       2.800467      36.330419      -2.384298
      14.054907     -33.694106       1.780664       2.793176      36.331549      -2.380841
      14.063161     -33.691219       1.777771       2.785882      36.332678      -2.377385
      14.071413     -33.688331       1.774879       2.778587      36.333806      -2.373929
      14.079665     -33.685440       1.771989       2.771289      36.334931      -2.370475
      14.087915     -33.682548       1.769101       2.763989      36.336055      -2.367022
      14.096163     -33.679653       1.766215       2.756686      36.337176      -2.363570
      14.104411     -33.676756       1.763330       2.749382      36.338297      -2.360118
      14.112657     -33.673858       1.760447       2.742075      36.339415      -2.356668
      14.120902     -33.670957       1.757565       2.734766      36.340531      -2.353219
      14.129145     -33.668054       1.754685       2.727455      36.341646      -2.349771
      14.137387     -33.665149       1.751807       2.720142      36.342759      -2.346324
      14.145628     -33.662241       1.748930       2.712826      36.343871      -2.342877
      14.153868     -33.659332       1.746055       2.705508      36.344980      -2.339432
      14.162106     -33.656421       1.743182       2.698189      36.346088      -2.335988
      14.170343     -33.653507       1.740310       2.690866      36.347194      -2.332545
      14.178579     -33.650592       1.737440       2.683542      36.348298      -2.329102
      14.186813     -33.647674       1.734571       2.676216      36.349400      -2.325661
      14.195046     -33.644755       1.731704       2.668887      36.350501      -2.322221
      14.203278     -33.641833       1.728839       2.661556      36.351600      -2.318781
      14.211508     -33.638909       1.725976       2.654223      36.352697      -2.315343
      14.219738     -33.635983       1.723113       2.646888      36.353792      -2.311906
      14.227965     -33.633055       1.720253       2.639550      36.354885      -2.308469
      14.236192     -33.630125       1.717394       2.632211      36.355977      -2.305034
      14.244417     -33.627193       1.714537       2.624869      36.357067      -2.301600
      14.252641     -33.624259       1.711682       2.617525      36.358155      -2.298166
      14.260864     -33.621323       1.708828       2.610179      36.359241      -2.294734
      14.269085     -33.618384       1.705975       2.602830      36.360326      -2.291302
      14.277305     -33.615444       1.703125       2.595480      36.361409      -2.287872
      14.285524     -33.612501       1.700276       2.588127      36.362490      -2.284442
      14.293741     -33.609557       1.697428       2.580772      36.363569      -2.281014
      14.301957     -33.606610       1.694582       2.573415      36.364646      -2.277586
      14.310172     -33.603662       1.691738       2.566055      36.365722      -2.274160
      14.318385     -33.600711       1.688895       2.558694      36.366796      -2.270734
      14.326597     -33.597758       1.686054       2.551330      36.367868      -2.267309
      14.334808     -33.594803       1.683215       2.543964      36.368938      -2.263885
      14.343018     -33.591846       1.680377       2.536596      36.370006      -2.260463
      14.351226     -33.588888       1.677541       2.529225      36.371073      -2.257041
      14.359433     -33.585927       1.674706       2.521853      36.372138      -2.253620
      14.367638     -33.582963       1.671873       2.514478      36.373201      -2.250200
      14.375842     -33.579998       1.669041       2.507101      36.374262      -2.246781
      14.384045     -33.577031       1.666211       2.499722      36.375322      -2.243363
      14.392247     -33.574062       1.663383       2.492340      36.376379      -2.239946
      14.400447     -33.571091       1.660556       2.484957      36.377435      -2.236530
      14.408646     -33.568117       1.657731       2.477571      36.378489      -2.233115
      14.416844     -33.565142       1.654908       2.470183      36.379541      -2.229700
      14.425040     -33.562165       1.652086       2.462793      36.380592      -2.226287
      14.433235     -33.559185       1.649266       2.455400      36.381641      -2.222875
      14.441429     -33.556204       1.646447       2.448006      36.382687      -2.219463
      14.449621     -33.553220       1.643630       2.440609      36.383733      -2.216053
      14.457812     -33.550235       1.640814       2.433210      36.384776      -2.212643
      14.466002     -33.547247       1.638000       2.425809      36.385817      -2.209235
      14.474191     -33.544257       1.635187       2.418406      36.386857      -2.205827
      14.482378     -33.541266       1.632377       2.411000      36.387895      -2.202420
      14.490564     -33.538272       1.629567       2.403592      36.388931      -2.199015
      14.498748     -33.535276       1.626760       2.396182      36.389965      -2.195610
      14.506931     -33.532278       1.623953       2.388770      36.390997      -2.192206
      14.515113     -33.529278       1.621149       2.381356      36.392028      -2.188803
      14.523294     -33.526276       1.618346       2.373939      36.393057      -2.185401
      14.531473     -33.523272       1.615544       2.366520      36.394084      -2.182000
      14.539651     -33.520266       1.612744       2.359099      36.395109      -2.178599
      14.547827     -33.517258       1.609946       2.351676      36.396132      -2.175200
      14.556002     -33.514248       1.607149       2.344251      36.397154      -2.171802
      14.564176     -33.511236       1.604354       2.336823      36.398174      -2.168404
      14.572349     -33.508222       1.601560       2.329394      36.399192      -2.165008
      14.580520     -33.505206       1.598768       2.321962      36.400208      -2.161612
      14.588690     -33.502188       1.595978       2.314527      36.401222      -2.158217
      14.596859     -33.499168       1.593189       2.307091      36.402234      -2.154824
      14.605026     -33.496146       1.590401       2.299653      36.403245      -2.151431
      14.613192     -33.493121       1.587616       2.292212      36.404254      -2.148039
      14.621357     -33.490095       1.584831       2.284769      36.405261      -2.144648
      14.629520     -33.487067       1.582048       2.277324      36.406266      -2.141257
      14.637682     -33.484037       1.579267       2.269876      36.407270      -2.137868
      14.645843     -33.481004       1.576488       2.262427      36.408271      -2.134480
      14.654002     -33.477970       1.573710       2.254975      36.409271      -2.131092
      14.662160     -33.474934       1.570933       2.247521      36.410269      -2.127706
      14.670317     -33.471895       1.568158       2.240065      36.411265      -2.124320
      14.678472     -33.468855       1.565384       2.232606      36.412259      -2.120935
      14.686626     -33.465812       1.562612       2.225146      36.413251      -2.117552
      14.694779     -33.462768       1.559842       2.217683      36.414242      -2.114169
      14.702930     -33.459722       1.557073       2.210218      36.415231      -2.110787
      14.711080     -33.456673       1.554306       2.202751      36.416218      -2.107405
      14.719229     -33.453623       1.551540       2.195281      36.417203      -2.104025
      14.727376     -33.450570       1.548776       2.187810      36.418186      -2.100646
      14.735522     -33.447516       1.546013       2.180336      36.419168      -2.097267
      14.743667     -33.444459       1.543252       2.172860      36.420147      -2.093890
      14.751810     -33.441401       1.540492       2.165382      36.421125      -2.090513
      14.759952     -33.438340       1.537734       2.157901      36.422101      -2.087137
      14.768093     -33.435278       1.534978       2.150419      36.423075      -2.083762
      14.776232     -33.432213       1.532222       2.142934      36.424047      -2.080388
      14.784370     -33.429147       1.529469       2.135447      36.425018      -2.077015
      14.792507     -33.426078       1.526717       2.127958      36.425986      -2.073643
      14.800642     -33.423008       1.523966       2.120466      36.426953      -2.070271
      14.808777     -33.419935       1.521217       2.112972      36.427918      -2.066901
      14.816909     -33.416861       1.518470       2.105477      36.428881      -2.063531
      14.825041     -33.413784       1.515724       2.097979      36.429842      -2.060162
      14.833171     -33.410706       1.512980       2.090478      36.430802      -2.056794
      14.841299     -33.407625       1.510237       2.082976      36.431759      -2.053427
      14.849427     -33.404543       1.507495       2.075471      36.432715      -2.050061
      14.857553     -33.401459       1.504755       2.067964      36.433669      -2.046695
      14.865678     -33.398372       1.502017       2.060455      36.434621      -2.043331
      14.873801     -33.395284       1.499280       2.052944      36.435571      -2.039967
      14.881923     -33.392193       1.496545       2.045430      36.436519      -2.036605
      14.890044     -33.389101       1.493811       2.037915      36.437466      -2.033243
      14.898163     -33.386006       1.491079       2.030397      36.438410      -2.029882
      14.906281     -33.382910       1.488348       2.022877      36.439353      -2.026522
      14.914398     -33.379811       1.485618       2.015354      36.440294      -2.023162
      14.922513     -33.376711       1.482891       2.007830      36.441233      -2.019804
      14.930627     -33.373609       1.480164       2.000303      36.442170      -2.016446
      14.938740     -33.370504       1.477439       1.992774      36.443105      -2.013090
      14.946851     -33.367398       1.474716       1.985243      36.444039      -2.009734
      14.954961     -33.364290       1.471994       1.977710      36.444971      -2.006379
      14.963070     -33.361179       1.469274       1.970174      36.445900      -2.003025
      14.971177     -33.358067       1.466555       1.962636      36.446828      -1.999671
      14.979283     -33.354953       1.463838       1.955097      36.447754      -1.996319
      14.987387     -33.351837       1.461122       1.947554      36.448679      -1.992967
      14.995491     -33.348718       1.458408       1.940010      36.449601      -1.989616
      15.003593     -33.345598       1.455695       1.932463      36.450521      -1.986266
      15.011693     -33.342476       1.452983       1.924915      36.451440      -1.982917
      15.019793     -33.339352       1.450273       1.917364      36.452357      -1.979569
      15.027890     -33.336226       1.447565       1.909810      36.453272      -1.976222
      15.035987     -33.333098       1.444858       1.902255      36.454185      -1.972875
      15.044082     -33.329968       1.442153       1.894697      36.455096      -1.969529
      15.052176     -33.326836       1.439449       1.887137      36.456005      -1.966184
      15.060269     -33.323702       1.436746       1.879575      36.456913      -1.962840
      15.068360     -33.320566       1.434045       1.872011      36.457818      -1.959497
      15.076450     -33.317428       1.431346       1.864445      36.458722      -1.956155
      15.084538     -33.314288       1.428648       1.856876      36.459624      -1.952813
      15.092625     -33.311146       1.425951       1.849305      36.460524      -1.949472
      15.100711     -33.308002       1.423256       1.841732      36.461422      -1.946132
      15.108796     -33.304856       1.420563       1.834157      36.462318      -1.942793
      15.116879     -33.301709       1.417870       1.826579      36.463212      -1.939455
      15.124960     -33.298559       1.415180       1.818999      36.464105      -1.936118
      15.133041     -33.295407       1.412491       1.811418      36.464995      -1.932781
      15.141120     -33.292254       1.409803       1.803833      36.465884      -1.929445
      15.149198     -33.289098       1.407117       1.796247      36.466771      -1.926110
      15.157274     -33.285941       1.404432       1.788658      36.467656      -1.922776
      15.165349     -33.282781       1.401748       1.781068      36.468539      -1.919443
      15.173423     -33.279620       1.399067       1.773475      36.469420      -1.916110
      15.181495     -33.276456       1.396386       1.765879      36.470299      -1.912779
      15.189566     -33.273291       1.393707       1.758282      36.471176      -1.909448
      15.197636     -33.270124       1.391030       1.750682      36.472052      -1.906118
      15.205704     -33.266954       1.388354       1.743081      36.472926      -1.902788
      15.213771     -33.263783       1.385679       1.735477      36.473797      -1.899460
      15.221836     -33.260610       1.383006       1.727870      36.474667      -1.896132
      15.229901     -33.257435       1.380334       1.720262      36.475535      -1.892805
      15.237964     -33.254258       1.377664       1.712651      36.476401      -1.889479
      15.246025     -33.251079       1.374995       1.705038      36.477266      -1.886154
      15.254085     -33.247898       1.372328       1.697423      36.478128      -1.882830
      15.262144     -33.244715       1.369662       1.689806      36.478988      -1.879506
      15.270201     -33.241530       1.366998       1.682186      36.479847      -1.876183
      15.278258     -33.238343       1.364335       1.674565      36.480703      -1.872861
      15.286312     -33.235155       1.361673       1.666941      36.481558      -1.869540
      15.294366     -33.231964       1.359013       1.659314      36.482411      -1.866219
      15.302418     -33.228771       1.356355       1.651686      36.483262      -1.862900
      15.310468     -33.225577       1.353698       1.644055      36.484111      -1.859581
      15.318518     -33.222380       1.351042       1.636423      36.484958      -1.856263
      15.326566     -33.219182       1.348388       1.628788      36.485803      -1.852946
      15.334612     -33.215982       1.345735       1.621150      36.486647      -1.849629
      15.342658     -33.212779       1.343083       1.613511      36.487488      -1.846314
      15.350702     -33.209575       1.340433       1.605869      36.488328      -1.842999
      15.358744     -33.206369       1.337785       1.598225      36.489165      -1.839685
      15.366785     -33.203161       1.335138       1.590579      36.490001      -1.836371
      15.374825     -33.199951       1.332492       1.582931      36.490835      -1.833059
      15.382864     -33.196739       1.329848       1.575280      36.491667      -1.829747
      15.390901     -33.193525       1.327205       1.567628      36.492497      -1.826436
      15.398937     -33.190309       1.324564       1.559973      36.493325      -1.823126
      15.406971     -33.187092       1.321924       1.552316      36.494151      -1.819816
      15.415004     -33.183872       1.319285       1.544656      36.494976      -1.816508
      15.423036     -33.180650       1.316648       1.536995      36.495798      -1.813200
      15.431066     -33.177427       1.314012       1.529331      36.496618      -1.809893
      15.439095     -33.174202       1.311378       1.521665      36.497437      -1.806586
      15.447123     -33.170974       1.308745       1.513997      36.498254      -1.803281
      15.455149     -33.167745       1.306114       1.506326      36.499068      -1.799976
      15.463174     -33.164514       1.303484       1.498653      36.499881      -1.796672
      15.471197     -33.161281       1.300855       1.490979      36.500692      -1.793369
      15.479219     -33.158046       1.298228       1.483301      36.501501      -1.790067
      15.487240     -33.154809       1.295603       1.475622      36.502308      -1.786765
      15.495260     -33.151570       1.292978       1.467941      36.503113      -1.783464
      15.503278     -33.148329       1.290355       1.460257      36.503917      -1.780164
      15.511295     -33.145086       1.287734       1.452571      36.504718      -1.776864
      15.519310     -33.141842       1.285114       1.444883      36.505517      -1.773566
      15.527324     -33.138595       1.282495       1.437192      36.506315      -1.770268
      15.535337     -33.135347       1.279878       1.429500      36.507110      -1.766971
      15.543348     -33.132097       1.277262       1.421805      36.507904      -1.763674
      15.551358     -33.128844       1.274648       1.414108      36.508696      -1.760379
      15.559366     -33.125590       1.272035       1.406408      36.509485      -1.757084
      15.567373     -33.122334       1.269423       1.398707      36.510273      -1.753790
      15.575379     -33.119076       1.266813       1.391003      36.511059      -1.750497
      15.583384     -33.115816       1.264204       1.383297      36.511843      -1.747204
      15.591387     -33.112554       1.261597       1.375589      36.512625      -1.743912
      15.599388     -33.109291       1.258991       1.367879      36.513405      -1.740621
      15.607389     -33.106025       1.256386       1.360166      36.514183      -1.737331
      15.615388     -33.102758       1.253783       1.352451      36.514960      -1.734041
      15.623385     -33.099488       1.251181       1.344734      36.515734      -1.730752
      15.631382     -33.096217       1.248580       1.337015      36.516506      -1.727464
      15.639377     -33.092944       1.245981       1.329294      36.517277      -1.724177
      15.647370     -33.089669       1.243384       1.321570      36.518045      -1.720890
      15.655362     -33.086392       1.240788       1.313844      36.518812      -1.717605
      15.663353     -33.083113       1.238193       1.306116      36.519576      -1.714319
      15.671342     -33.079832       1.235599       1.298385      36.520339      -1.711035
      15.679330     -33.076549       1.233007       1.290653      36.521100      -1.707751
      15.687317     -33.073265       1.230417       1.282918      36.521859      -1.704469
      15.695302     -33.069978       1.227827       1.275181      36.522615      -1.701186
      15.703286     -33.066690       1.225239       1.267442      36.523370      -1.697905
      15.711269     -33.063400       1.222653       1.259700      36.524123      -1.694624
      15.719250     -33.060108       1.220068       1.251957      36.524874      -1.691344
      15.727230     -33.056814       1.217484       1.244211      36.525623      -1.688065
      15.735208     -33.053518       1.214902       1.236463      36.526370      -1.684787
      15.743185     -33.050220       1.212321       1.228712      36.527116      -1.681509
      15.751161     -33.046920       1.209741       1.220960      36.527859      -1.678232
      15.759135     -33.043619       1.207163       1.213205      36.528600      -1.674955
      15.767108     -33.040315       1.204586       1.205448      36.529339      -1.671680
      15.775080     -33.037010       1.202010       1.197689      36.530077      -1.668405
      15.783050     -33.033703       1.199436       1.189927      36.530812      -1.665131
      15.791019     -33.030394       1.196864       1.182164      36.531545      -1.661857
      15.798987     -33.027083       1.194292       1.174398      36.532277      -1.658585
      15.806953     -33.023770       1.191722       1.166630      36.533006      -1.655313
      15.814917     -33.020455       1.189154       1.158859      36.533734      -1.652042
      15.822881     -33.017138       1.186586       1.151087      36.534459      -1.648771
      15.830843     -33.013820       1.184020       1.143312      36.535183      -1.645501
      15.838803     -33.010499       1.181456       1.135535      36.535905      -1.642232
      15.846762     -33.007177       1.178893       1.127756      36.536624      -1.638964
      15.854720     -33.003853       1.176331       1.119974      36.537342      -1.635696
      15.862677     -33.000527       1.173771       1.112191      36.538058      -1.632429
      15.870632     -32.997199       1.171212       1.104405      36.538772      -1.629163
      15.878586     -32.993869       1.168654       1.096617      36.539484      -1.625897
      15.886538     -32.990538       1.166098       1.088826      36.540193      -1.622632
      15.894489     -32.987204       1.163543       1.081034      36.540901      -1.619368
      15.902439     -32.983869       1.160989       1.073239      36.541607      -1.616105
      15.910387     -32.980532       1.158437       1.065442      36.542311      -1.612842
      15.918334     -32.977193       1.155886       1.057643      36.543013      -1.609580
      15.926279     -32.973852       1.153336       1.049841      36.543713      -1.606319
      15.934223     -32.970509       1.150788       1.042037      36.544411      -1.603058
      15.942166     -32.967164       1.148241       1.034232      36.545107      -1.599798
      15.950107     -32.963818       1.145696       1.026423      36.545801      -1.596539
      15.958047     -32.960469       1.143152       1.018613      36.546493      -1.593280
      15.965986     -32.957119       1.140609       1.010800      36.547183      -1.590023
      15.973923     -32.953767       1.138067       1.002986      36.547871      -1.586765
      15.981859     -32.950413       1.135527       0.995169      36.548558      -1.583509
      15.989793     -32.947057       1.132989       0.987349      36.549242      -1.580253
      15.997726     -32.943699       1.130451       0.979528      36.549924      -1.576998
      16.005658     -32.940340       1.127915       0.971704      36.550604      -1.573744
      16.013588     -32.936978       1.125380       0.963878      36.551282      -1.570490
      16.021517     -32.933615       1.122847       0.956050      36.551959      -1.567237
      16.029444     -32.930250       1.120315       0.948219      36.552633      -1.563985
      16.037371     -32.926883       1.117784       0.940387      36.553305      -1.560733
      16.045295     -32.923514       1.115255       0.932552      36.553975      -1.557483
      16.053219     -32.920143       1.112727       0.924715      36.554643      -1.554232
      16.061141     -32.916771       1.110200       0.916876      36.555310      -1.550983
      16.069061     -32.913396       1.107675       0.909034      36.555974      -1.547734
      16.076981     -32.910020       1.105151       0.901190      36.556636      -1.544486
      16.084898     -32.906642       1.102628       0.893344      36.557297      -1.541238
      16.092815     -32.903262       1.100107       0.885496      36.557955      -1.537991
      16.100730     -32.899880       1.097587       0.877646      36.558611      -1.534745
      16.108644     -32.896497       1.095068       0.869793      36.559265      -1.531500
      16.116556     -32.893111       1.092551       0.861938      36.559918      -1.528255
      16.124467     -32.889724       1.090035       0.854081      36.560568      -1.525011
      16.132376     -32.886335       1.087520       0.846221      36.561216      -1.521767
      16.140285     -32.882944       1.085007       0.838360      36.561862      -1.518525
      16.148191     -32.879551       1.082495       0.830496      36.562507      -1.515283
      16.156097     -32.876156       1.079984       0.822630      36.563149      -1.512041
      16.164001     -32.872760       1.077475       0.814762      36.563789      -1.508800
      16.171903     -32.869361       1.074967       0.806891      36.564427      -1.505560
      16.179805     -32.865961       1.072460       0.799018      36.565064      -1.502321
      16.187704     -32.862559       1.069954       0.791143      36.565698      -1.499082
      16.195603     -32.859155       1.067450       0.783266      36.566330      -1.495844
      16.203500     -32.855749       1.064948       0.775387      36.566960      -1.492607
      16.211396     -32.852342       1.062446       0.767505      36.567588      -1.489370
      16.219290     -32.848933       1.059946       0.759621      36.568215      -1.486134
      16.227183     -32.845521       1.057447       0.751735      36.568839      -1.482898
      16.235074     -32.842108       1.054950       0.743847      36.569461      -1.479664
      16.242964     -32.838693       1.052453       0.735956      36.570081      -1.476430
      16.250853     -32.835277       1.049958       0.728063      36.570699      -1.473196
      16.258740     -32.831858       1.047465       0.720168      36.571315      -1.469963
      16.266626     -32.828438       1.044973       0.712271      36.571929      -1.466731
      16.274511     -32.825016       1.042482       0.704371      36.572541      -1.463500
      16.282394     -32.821592       1.039992       0.696469      36.573151      -1.460269
      16.290276     -32.818166       1.037504       0.688565      36.573759      -1.457039
      16.298156     -32.814738       1.035017       0.680659      36.574365      -1.453809
      16.306035     -32.811309       1.032531       0.672751      36.574969      -1.450580
      16.313913     -32.807877       1.030046       0.664840      36.575571      -1.447352
      16.321789     -32.804444       1.027563       0.656927      36.576171      -1.444124
      16.329664     -32.801009       1.025081       0.649012      36.576769      -1.440897
      16.337537     -32.797573       1.022601       0.641095      36.577364      -1.437671
      16.345409     -32.794134       1.020122       0.633175      36.577958      -1.434446
      16.353280     -32.790694       1.017644       0.625253      36.578550      -1.431221
      16.361149     -32.787251       1.015167       0.617329      36.579140      -1.427996
      16.369017     -32.783807       1.012692       0.609403      36.579727      -1.424772
      16.376884     -32.780362       1.010218       0.601474      36.580313      -1.421549
      16.384749     -32.776914       1.007745       0.593543      36.580897      -1.418327
      16.392612     -32.773464       1.005273       0.585610      36.581478      -1.415105
      16.400475     -32.770013       1.002803       0.577675      36.582058      -1.411884
      16.408335     -32.766560       1.000334       0.569738      36.582635      -1.408664
      16.416195     -32.763105       0.997867       0.561798      36.583211      -1.405444
      16.424053     -32.759648       0.995401       0.553856      36.583784      -1.402224
      16.431910     -32.756190       0.992936       0.545912      36.584355      -1.399006
      16.439765     -32.752730       0.990472       0.537965      36.584925      -1.395788
      16.447619     -32.749267       0.988009       0.530017      36.585492      -1.392570
      16.455472     -32.745803       0.985548       0.522066      36.586057      -1.389354
      16.463323     -32.742338       0.983088       0.514113      36.586620      -1.386138
      16.471172     -32.738870       0.980630       0.506157      36.587181      -1.382922
      16.479021     -32.735401       0.978173       0.498200      36.587740      -1.379707
      16.486868     -32.731930       0.975717       0.490240      36.588297      -1.376493
      16.494713     -32.728457       0.973262       0.482278      36.588852      -1.373280
      16.502557     -32.724982       0.970808       0.474313      36.589405      -1.370067
      16.510400     -32.721505       0.968356       0.466347      36.589956      -1.366854
      16.518241     -32.718027       0.965905       0.458378      36.590505      -1.363643
      16.526081     -32.714547       0.963456       0.450407      36.591051      -1.360432
      16.533920     -32.711065       0.961007       0.442434      36.591596      -1.357221
      16.541757     -32.707581       0.958560       0.434458      36.592139      -1.354011
      16.549593     -32.704096       0.956115       0.426480      36.592679      -1.350802
      16.557427     -32.700608       0.953670       0.418500      36.593218      -1.347593
      16.565260     -32.697119       0.951227       0.410518      36.593754      -1.344385
      16.573092     -32.693628       0.948785       0.402534      36.594288      -1.341178
      16.580922     -32.690135       0.946344       0.394547      36.594821      -1.337971
      16.588751     -32.686641       0.943905       0.386558      36.595351      -1.334765
      16.596578     -32.683144       0.941467       0.378567      36.595879      -1.331560
      16.604404     -32.679646       0.939030       0.370574      36.596405      -1.328355
      16.612228     -32.676146       0.936594       0.362578      36.596929      -1.325150
      16.620052     -32.672645       0.934160       0.354580      36.597451      -1.321947
      16.627873     -32.669141       0.931727       0.346580      36.597971      -1.318744
      16.635694     -32.665636       0.929295       0.338578      36.598488      -1.315541
      16.643513     -32.662129       0.926864       0.330573      36.599004      -1.312339
      16.651330     -32.658620       0.924435       0.322566      36.599518      -1.309138
      16.659146     -32.655110       0.922007       0.314557      36.600029      -1.305937
      16.666961     -32.651597       0.919580       0.306546      36.600539      -1.302737
      16.674774     -32.648083       0.917155       0.298532      36.601046      -1.299538
      16.682586     -32.644567       0.914730       0.290516      36.601551      -1.296339
      16.690397     -32.641049       0.912307       0.282498      36.602054      -1.293141
      16.698206     -32.637530       0.909886       0.274478      36.602556      -1.289943
      16.706014     -32.634009       0.907465       0.266455      36.603055      -1.286746
      16.713820     -32.630485       0.905046       0.258431      36.603552      -1.283550
      16.721625     -32.626961       0.902628       0.250404      36.604046      -1.280354
      16.729428     -32.623434       0.900211       0.242374      36.604539      -1.277159
      16.737230     -32.619906       0.897796       0.234343      36.605030      -1.273964
      16.745031     -32.616375       0.895381       0.226309      36.605518      -1.270770
      16.752830     -32.612843       0.892968       0.218273      36.606005      -1.267576
      16.760628     -32.609310       0.890557       0.210235      36.606489      -1.264383
      16.768425     -32.605774       0.888146       0.202195      36.606972      -1.261191
      16.776220     -32.602237       0.885737       0.194152      36.607452      -1.257999
      16.784014     -32.598698       0.883329       0.186107      36.607930      -1.254808
      16.791806     -32.595157       0.880922       0.178060      36.608406      -1.251618
      16.799597     -32.591615       0.878517       0.170010      36.608880      -1.248428
      16.807386     -32.588070       0.876113       0.161959      36.609352      -1.245239
      16.815174     -32.584524       0.873710       0.153905      36.609821      -1.242050
      16.822961     -32.580976       0.871308       0.145849      36.610289      -1.238862
      16.830746     -32.577427       0.868907       0.137790      36.610754      -1.235674
      16.838530     -32.573875       0.866508       0.129730      36.611218      -1.232487
      16.846312     -32.570322       0.864110       0.121667      36.611679      -1.229301
      16.854093     -32.566767       0.861713       0.113602      36.612138      -1.226115
      16.861873     -32.563210       0.859317       0.105534      36.612595      -1.222929
      16.869651     -32.559652       0.856923       0.097465      36.613050      -1.219745
      16.877428     -32.556092       0.854530       0.089393      36.613503      -1.216561
      16.885203     -32.552530       0.852138       0.081319      36.613954      -1.213377
      16.892977     -32.548966       0.849747       0.073242      36.614402      -1.210194
      16.900750     -32.545401       0.847358       0.065164      36.614849      -1.207012
      16.908521     -32.541833       0.844970       0.057083      36.615293      -1.203830
      16.916291     -32.538264       0.842583       0.049000      36.615735      -1.200649
      16.924059     -32.534694       0.840197       0.040915      36.616175      -1.197468
      16.931826     -32.531121       0.837813       0.032827      36.616613      -1.194288
      16.939591     -32.527547       0.835429       0.024737      36.617049      -1.191109
      16.947355     -32.523971       0.833047       0.016645      36.617483      -1.187930
      16.955118     -32.520393       0.830667       0.008551      36.617915      -1.184751
      16.962879     -32.516813       0.828287       0.000454      36.618344      -1.181573
      16.970639     -32.513232       0.825909      -0.007645      36.618772      -1.178396
      16.978398     -32.509649       0.823531      -0.015746      36.619197      -1.175219
      16.986155     -32.506064       0.821156      -0.023849      36.619620      -1.172043
      16.993910     -32.502478       0.818781      -0.031954      36.620041      -1.168868
      17.001664     -32.498890       0.816407      -0.040062      36.620460      -1.165693
      17.009417     -32.495300       0.814035      -0.048172      36.620877      -1.162518
      17.017169     -32.491708       0.811664      -0.056284      36.621291      -1.159345
      17.024919     -32.488114       0.809294      -0.064399      36.621704      -1.156171
      17.032667     -32.484519       0.806926      -0.072516      36.622114      -1.152999
      17.040414     -32.480922       0.804558      -0.080635      36.622522      -1.149826
      17.048160     -32.477323       0.802192      -0.088756      36.622928      -1.146655
      17.055904     -32.473723       0.799827      -0.096879      36.623332      -1.143484
      17.063647     -32.470121       0.797463      -0.105005      36.623734      -1.140313
      17.071389     -32.466517       0.795101      -0.113133      36.624134      -1.137143
      17.079129     -32.462911       0.792740      -0.121263      36.624531      -1.133974
      17.086867     -32.459304       0.790379      -0.129396      36.624926      -1.130805
      17.094605     -32.455695       0.788021      -0.137531      36.625320      -1.127637
      17.102340     -32.452084       0.785663      -0.145668      36.625711      -1.124469
      17.110075     -32.448471       0.783306      -0.153807      36.626100      -1.121302
      17.117808     -32.444857       0.780951      -0.161948      36.626486      -1.118135
      17.125539     -32.441241       0.778597      -0.170092      36.626871      -1.114969
      17.133269     -32.437623       0.776244      -0.178238      36.627253      -1.111803
      17.140998     -32.434003       0.773892      -0.186386      36.627634      -1.108638
      17.148726     -32.430382       0.771542      -0.194537      36.628012      -1.105474
      17.156451     -32.426759       0.769193      -0.202690      36.628388      -1.102310
      17.164176     -32.423134       0.766845      -0.210845      36.628761      -1.099147
      17.171899     -32.419508       0.764498      -0.219002      36.629133      -1.095984
      17.179621     -32.415880       0.762152      -0.227161      36.629503      -1.092822
      17.187341     -32.412250       0.759808      -0.235323      36.629870      -1.089660
      17.195060     -32.408618       0.757465      -0.243487      36.630235      -1.086499
      17.202777     -32.404985       0.755122      -0.251653      36.630598      -1.083338
      17.210493     -32.401349       0.752782      -0.259822      36.630959      -1.080178
      17.218208     -32.397713       0.750442      -0.267992      36.631318      -1.077018
      17.225921     -32.394074       0.748103      -0.276165      36.631674      -1.073859
      17.233632     -32.390434       0.745766      -0.284341      36.632028      -1.070701
      17.241343     -32.386792       0.743430      -0.292518      36.632381      -1.067543
      17.249052     -32.383148       0.741095      -0.300698      36.632731      -1.064385
      17.256759     -32.379503       0.738762      -0.308880      36.633078      -1.061228
      17.264465     -32.375856       0.736429      -0.317064      36.633424      -1.058072
      17.272170     -32.372207       0.734098      -0.325251      36.633767      -1.054916
      17.279873     -32.368556       0.731768      -0.333439      36.634109      -1.051761
      17.287575     -32.364904       0.729439      -0.341630      36.634448      -1.048606
      17.295275     -32.361250       0.727111      -0.349824      36.634785      -1.045452
      17.302974     -32.357594       0.724784      -0.358019      36.635120      -1.042298
      17.310672     -32.353937       0.722459      -0.366217      36.635452      -1.039145
      17.318368     -32.350277       0.720135      -0.374417      36.635782      -1.035992
      17.326062     -32.346617       0.717812      -0.382619      36.636111      -1.032840
      17.333756     -32.342954       0.715490      -0.390824      36.636437      -1.029689
      17.341447     -32.339290       0.713169      -0.399030      36.636761      -1.026538
      17.349138     -32.335624       0.710850      -0.407239      36.637082      -1.023387
      17.356827     -32.331956       0.708532      -0.415451      36.637402      -1.020237
      17.364514     -32.328287       0.706214      -0.423664      36.637719      -1.017087
      17.372201     -32.324615       0.703899      -0.431880      36.638034      -1.013938
      17.379885     -32.320943       0.701584      -0.440098      36.638347      -1.010790
      17.387569     -32.317268       0.699270      -0.448318      36.638657      -1.007642
      17.395250     -32.313592       0.696958      -0.456541      36.638966      -1.004495
      17.402931     -32.309914       0.694647      -0.464765      36.639272      -1.001348
      17.410610     -32.306234       0.692337      -0.472993      36.639576      -0.998201
      17.418287     -32.302553       0.690028      -0.481222      36.639878      -0.995055
      17.425964     -32.298870       0.687720      -0.489453      36.640178      -0.991910
      17.433638     -32.295185       0.685413      -0.497687      36.640475      -0.988765
      17.441312     -32.291499       0.683108      -0.505923      36.640771      -0.985621
      17.448984     -32.287811       0.680804      -0.514162      36.641064      -0.982477
      17.456654     -32.284121       0.678501      -0.522402      36.641355      -0.979334
      17.464323     -32.280429       0.676199      -0.530645      36.641643      -0.976191
      17.471991     -32.276736       0.673898      -0.538890      36.641930      -0.973049
      17.479657     -32.273041       0.671599      -0.547137      36.642214      -0.969907
      17.487322     -32.269344       0.669301      -0.555387      36.642496      -0.966766
      17.494985     -32.265646       0.667003      -0.563639      36.642776      -0.963625
      17.502647     -32.261946       0.664707      -0.571893      36.643053      -0.960484
      17.510307     -32.258244       0.662413      -0.580149      36.643329      -0.957345
      17.517967     -32.254541       0.660119      -0.588408      36.643602      -0.954205
      17.525624     -32.250836       0.657826      -0.596669      36.643873      -0.951067
      17.533280     -32.247129       0.655535      -0.604932      36.644141      -0.947928
      17.540935     -32.243421       0.653245      -0.613197      36.644408      -0.944791
      17.548588     -32.239710       0.650956      -0.621465      36.644672      -0.941653
      17.556240     -32.235999       0.648668      -0.629735      36.644934      -0.938517
      17.563891     -32.232285       0.646381      -0.638007      36.645194      -0.935380
      17.571540     -32.228570       0.644096      -0.646281      36.645452      -0.932245
      17.579188     -32.224853       0.641811      -0.654558      36.645707      -0.929109
      17.586834     -32.221134       0.639528      -0.662837      36.645960      -0.925975
      17.594479     -32.217414       0.637246      -0.671118      36.646211      -0.922840
      17.602122     -32.213692       0.634965      -0.679401      36.646460      -0.919707
      17.609764     -32.209969       0.632685      -0.687687      36.646706      -0.916573
      17.617404     -32.206243       0.630407      -0.695975      36.646950      -0.913441
      17.625043     -32.202516       0.628129      -0.704265      36.647192      -0.910308
      17.632681     -32.198788       0.625853      -0.712558      36.647432      -0.907177
      17.640317     -32.195057       0.623578      -0.720853      36.647670      -0.904045
      17.647952     -32.191325       0.621303      -0.729150      36.647905      -0.900915
      17.655585     -32.187591       0.619031      -0.737449      36.648138      -0.897784
      17.663217     -32.183856       0.616759      -0.745750      36.648369      -0.894654
      17.670848     -32.180119       0.614488      -0.754054      36.648597      -0.891525
      17.678477     -32.176380       0.612219      -0.762360      36.648824      -0.888396
      17.686104     -32.172640       0.609951      -0.770668      36.649048      -0.885268
      17.693731     -32.168898       0.607683      -0.778979      36.649269      -0.882140
      17.701355     -32.165154       0.605417      -0.787292      36.649489      -0.879013
      17.708979     -32.161409       0.603153      -0.795607      36.649706      -0.875886
      17.716601     -32.157661       0.600889      -0.803924      36.649921      -0.872759
      17.724221     -32.153913       0.598626      -0.812244      36.650134      -0.869633
      17.731840     -32.150162       0.596365      -0.820565      36.650345      -0.866508
      17.739458     -32.146410       0.594104      -0.828890      36.650553      -0.863383
      17.747074     -32.142656       0.591845      -0.837216      36.650759      -0.860258
      17.754689     -32.138901       0.589587      -0.845545      36.650963      -0.857134
      17.762302     -32.135144       0.587330      -0.853875      36.651164      -0.854011
      17.769914     -32.131385       0.585075      -0.862209      36.651363      -0.850888
      17.777524     -32.127625       0.582820      -0.870544      36.651560      -0.847765
      17.785133     -32.123862       0.580567      -0.878882      36.651755      -0.844643
      17.792741     -32.120099       0.578314      -0.887221      36.651948      -0.841522
      17.800347     -32.116333       0.576063      -0.895564      36.652138      -0.838400
      17.807952     -32.112566       0.573813      -0.903908      36.652326      -0.835280
      17.815555     -32.108797       0.571564      -0.912255      36.652511      -0.832160
      17.823157     -32.105027       0.569316      -0.920604      36.652695      -0.829040
      17.830757     -32.101255       0.567070      -0.928955      36.652876      -0.825921
      17.838356     -32.097481       0.564824      -0.937308      36.653055      -0.822802
      17.845954     -32.093706       0.562580      -0.945664      36.653231      -0.819683
      17.853550     -32.089929       0.560336      -0.954022      36.653405      -0.816566
      17.861144     -32.086150       0.558094      -0.962383      36.653577      -0.813448
      17.868738     -32.082370       0.555853      -0.970745      36.653747      -0.810331
      17.876329     -32.078588       0.553613      -0.979110      36.653915      -0.807215
      17.883920     -32.074804       0.551374      -0.987477      36.654080      -0.804099
      17.891509     -32.071019       0.549137      -0.995846      36.654243      -0.800983
      17.899096     -32.067232       0.546900      -1.004218      36.654403      -0.797868
      17.906682     -32.063443       0.544665      -1.012592      36.654562      -0.794754
      17.914267     -32.059653       0.542430      -1.020968      36.654718      -0.791640
      17.921850     -32.055861       0.540197      -1.029346      36.654871      -0.788526
      17.929432     -32.052067       0.537965      -1.037727      36.655023      -0.785413
      17.937012     -32.048272       0.535734      -1.046110      36.655172      -0.782300
      17.944591     -32.044475       0.533504      -1.054495      36.655319      -0.779188
      17.952168     -32.040677       0.531276      -1.062882      36.655463      -0.776076
      17.959744     -32.036877       0.529048      -1.071272      36.655606      -0.772965
      17.967319     -32.033075       0.526822      -1.079664      36.655746      -0.769854
      17.974892     -32.029272       0.524596      -1.088058      36.655883      -0.766743
      17.982463     -32.025466       0.522372      -1.096455      36.656019      -0.763633
      17.990034     -32.021660       0.520149      -1.104853      36.656152      -0.760524
      17.997602     -32.017851       0.517927      -1.113254      36.656282      -0.757415
      18.005170     -32.014041       0.515706      -1.121658      36.656411      -0.754306
      18.012736     -32.010230       0.513486      -1.130063      36.656537      -0.751198
      18.020300     -32.006416       0.511268      -1.138471      36.656661      -0.748090
      18.027863     -32.002601       0.509050      -1.146881      36.656782      -0.744983
      18.035425     -31.998785       0.506834      -1.155293      36.656902      -0.741876
      18.042985     -31.994967       0.504618      -1.163708      36.657019      -0.738770
      18.050543     -31.991147       0.502404      -1.172125      36.657133      -0.735664
      18.058101     -31.987325       0.500191      -1.180544      36.657246      -0.732559
      18.065657     -31.983502       0.497979      -1.188965      36.657356      -0.729454
      18.073211     -31.979678       0.495768      -1.197389      36.657463      -0.726349
      18.080764     -31.975851       0.493558      -1.205815      36.657569      -0.723245
      18.088315     -31.972023       0.491350      -1.214243      36.657672      -0.720141
      18.095865     -31.968193       0.489142      -1.222674      36.657772      -0.717038
      18.103414     -31.964362       0.486935      -1.231106      36.657871      -0.713935
      18.110961     -31.960529       0.484730      -1.239541      36.657967      -0.710833
      18.118507     -31.956695       0.482526      -1.247979      36.658060      -0.707731
      18.126051     -31.952859       0.480323      -1.256418      36.658152      -0.704630
      18.133594     -31.949021       0.478121      -1.264860      36.658241      -0.701529
      18.141135     -31.945181       0.475920      -1.273304      36.658328      -0.698428
      18.148675     -31.941340       0.473720      -1.281750      36.658412      -0.695328
      18.156214     -31.937498       0.471521      -1.290199      36.658494      -0.692228
      18.163751     -31.933653       0.469323      -1.298650      36.658574      -0.689129
      18.171287     -31.929807       0.467127      -1.307103      36.658651      -0.686030
      18.178821     -31.925960       0.464931      -1.315558      36.658727      -0.682932
      18.186354     -31.922111       0.462737      -1.324016      36.658799      -0.679834
      18.193885     -31.918260       0.460543      -1.332476      36.658870      -0.676736
      18.201415     -31.914408       0.458351      -1.340938      36.658938      -0.673639
      18.208943     -31.910554       0.456160      -1.349403      36.659004      -0.670543
      18.216470     -31.906698       0.453970      -1.357869      36.659067      -0.667447
      18.223996     -31.902841       0.451781      -1.366338      36.659128      -0.664351
      18.231520     -31.898982       0.449593      -1.374810      36.659187      -0.661256
      18.239042     -31.895121       0.447406      -1.383283      36.659243      -0.658161
      18.246564     -31.891259       0.445221      -1.391759      36.659297      -0.655066
      18.254083     -31.887395       0.443036      -1.400237      36.659349      -0.651972
      18.261602     -31.883530       0.440853      -1.408717      36.659398      -0.648879
      18.269119     -31.879663       0.438670      -1.417200      36.659445      -0.645785
      18.276634     -31.875795       0.436489      -1.425685      36.659489      -0.642693
      18.284148     -31.871924       0.434309      -1.434172      36.659532      -0.639600
      18.291661     -31.868053       0.432130      -1.442661      36.659572      -0.636508
      18.299172     -31.864179       0.429952      -1.451153      36.659609      -0.633417
      18.306681     -31.860304       0.427775      -1.459647      36.659644      -0.630326
      18.314189     -31.856427       0.425599      -1.468143      36.659677      -0.627235
      18.321696     -31.852549       0.423424      -1.476642      36.659707      -0.624145
      18.329201     -31.848669       0.421250      -1.485143      36.659735      -0.621055
      18.336705     -31.844788       0.419078      -1.493646      36.659761      -0.617966
      18.344208     -31.840905       0.416906      -1.502151      36.659785      -0.614877
      18.351709     -31.837020       0.414735      -1.510659      36.659805      -0.611789
      18.359208     -31.833134       0.412566      -1.519168      36.659824      -0.608700
      18.366706     -31.829246       0.410398      -1.527680      36.659840      -0.605613
      18.374203     -31.825357       0.408230      -1.536195      36.659854      -0.602526
      18.381698     -31.821465       0.406064      -1.544712      36.659866      -0.599439
      18.389192     -31.817573       0.403899      -1.553230      36.659875      -0.596352
      18.396684     -31.813679       0.401735      -1.561752      36.659881      -0.593266
      18.404175     -31.809783       0.399572      -1.570275      36.659886      -0.590181
      18.411664     -31.805885       0.397410      -1.578801      36.659888      -0.587096
      18.419152     -31.801986       0.395249      -1.587329      36.659887      -0.584011
      18.426639     -31.798085       0.393090      -1.595859      36.659884      -0.580927
      18.434124     -31.794183       0.390931      -1.604392      36.659879      -0.577843
      18.441607     -31.790279       0.388773      -1.612926      36.659872      -0.574759
      18.449089     -31.786374       0.386617      -1.621464      36.659862      -0.571676
      18.456570     -31.782467       0.384462      -1.630003      36.659849      -0.568593
      18.464049     -31.778558       0.382307      -1.638545      36.659835      -0.565511
      18.471527     -31.774648       0.380154      -1.647088      36.659817      -0.562429
      18.479003     -31.770736       0.378002      -1.655635      36.659798      -0.559348
      18.486478     -31.766822       0.375850      -1.664183      36.659776      -0.556267
      18.493952     -31.762907       0.373700      -1.672734      36.659752      -0.553186
      18.501424     -31.758991       0.371551      -1.681287      36.659725      -0.550106
      18.508894     -31.755073       0.369403      -1.689842      36.659696      -0.547026
      18.516363     -31.751153       0.367256      -1.698400      36.659664      -0.543947
      18.523831     -31.747231       0.365110      -1.706959      36.659630      -0.540868
      18.531297     -31.743308       0.362966      -1.715522      36.659594      -0.537789
      18.538762     -31.739384       0.360822      -1.724086      36.659555      -0.534711
      18.546225     -31.735458       0.358679      -1.732653      36.659514      -0.531633
      18.553687     -31.731530       0.356538      -1.741221      36.659470      -0.528556
      18.561147     -31.727601       0.354397      -1.749793      36.659424      -0.525479
      18.568606     -31.723670       0.352258      -1.758366      36.659376      -0.522402
      18.576064     -31.719737       0.350119      -1.766942      36.659325      -0.519326
      18.583520     -31.715803       0.347982      -1.775520      36.659272      -0.516250
      18.590974     -31.711867       0.345845      -1.784100      36.659216      -0.513175
      18.598428     -31.707930       0.343710      -1.792683      36.659158      -0.510100
      18.605879     -31.703991       0.341576      -1.801267      36.659098      -0.507025
      18.613329     -31.700051       0.339443      -1.809854      36.659035      -0.503951
      18.620778     -31.696109       0.337311      -1.818444      36.658970      -0.500877
      18.628226     -31.692165       0.335180      -1.827035      36.658902      -0.497804
      18.635671     -31.688220       0.333050      -1.835629      36.658832      -0.494731
      18.643116     -31.684274       0.330921      -1.844226      36.658759      -0.491658
      18.650559     -31.680325       0.328793      -1.852824      36.658684      -0.488586
      18.658000     -31.676376       0.326666      -1.861425      36.658607      -0.485514
      18.665440     -31.672424       0.324540      -1.870028      36.658527      -0.482442
      18.672879     -31.668471       0.322416      -1.878633      36.658445      -0.479371
      18.680316     -31.664516       0.320292      -1.887241      36.658360      -0.476301
      18.687752     -31.660560       0.318169      -1.895850      36.658273      -0.473230
      18.695186     -31.656603       0.316048      -1.904462      36.658183      -0.470161
      18.702619     -31.652643       0.313927      -1.913077      36.658091      -0.467091
      18.710050     -31.648682       0.311808      -1.921694      36.657997      -0.464022
      18.717480     -31.644720       0.309689      -1.930312      36.657900      -0.460953
      18.724908     -31.640756       0.307572      -1.938934      36.657800      -0.457885
      18.732335     -31.636790       0.305455      -1.947557      36.657698      -0.454817
      18.739761     -31.632823       0.303340      -1.956183      36.657594      -0.451750
      18.747185     -31.628855       0.301226      -1.964811      36.657487      -0.448682
      18.754607     -31.624884       0.299112      -1.973441      36.657378      -0.445616
      18.762029     -31.620912       0.297000      -1.982074      36.657267      -0.442549
      18.769448     -31.616939       0.294889      -1.990709      36.657153      -0.439483
      18.776866     -31.612964       0.292779      -1.999346      36.657036      -0.436418
      18.784283     -31.608988       0.290670      -2.007985      36.656917      -0.433352
      18.791699     -31.605010       0.288562      -2.016627      36.656796      -0.430287
      18.799112     -31.601030       0.286455      -2.025271      36.656672      -0.427223
      18.806525     -31.597049       0.284349      -2.033917      36.656545      -0.424159
      18.813936     -31.593066       0.282244      -2.042566      36.656417      -0.421095
      18.821345     -31.589082       0.280140      -2.051216      36.656285      -0.418032
      18.828753     -31.585096       0.278037      -2.059869      36.656152      -0.414969
      18.836160     -31.581108       0.275936      -2.068525      36.656015      -0.411906
      18.843565     -31.577119       0.273835      -2.077182      36.655877      -0.408844
      18.850969     -31.573129       0.271735      -2.085842      36.655735      -0.405782
      18.858371     -31.569137       0.269636      -2.094504      36.655592      -0.402721
      18.865772     -31.565143       0.267539      -2.103169      36.655446      -0.399660
      18.873171     -31.561148       0.265442      -2.111836      36.655297      -0.396599
      18.880569     -31.557151       0.263346      -2.120505      36.655146      -0.393539
      18.887965     -31.553153       0.261252      -2.129176      36.654993      -0.390479
      18.895360     -31.549153       0.259158      -2.137849      36.654837      -0.387419
      18.902753     -31.545151       0.257066      -2.146525      36.654678      -0.384360
      18.910145     -31.541148       0.254974      -2.155203      36.654517      -0.381301
      18.917536     -31.537144       0.252884      -2.163884      36.654354      -0.378242
      18.924925     -31.533138       0.250794      -2.172566      36.654188      -0.375184
      18.932313     -31.529130       0.248706      -2.181251      36.654019      -0.372127
      18.939699     -31.525121       0.246618      -2.189938      36.653849      -0.369069
      18.947084     -31.521110       0.244532      -2.198628      36.653675      -0.366012
      18.954467     -31.517098       0.242447      -2.207320      36.653499      -0.362956
      18.961849     -31.513084       0.240362      -2.216014      36.653321      -0.359899
      18.969229     -31.509069       0.238279      -2.224710      36.653140      -0.356843
      18.976608     -31.505052       0.236197      -2.233409      36.652957      -0.353788
      18.983985     -31.501033       0.234116      -2.242109      36.652771      -0.350733
      18.991361     -31.497013       0.232035      -2.250813      36.652582      -0.347678
      18.998736     -31.492992       0.229956      -2.259518      36.652392      -0.344624
      19.006109     -31.488969       0.227878      -2.268226      36.652198      -0.341569
      19.013480     -31.484944       0.225801      -2.276936      36.652002      -0.338516
      19.020850     -31.480918       0.223725      -2.285648      36.651804      -0.335462
      19.028219     -31.476890       0.221650      -2.294363      36.651603      -0.332409
      19.035586     -31.472861       0.219575      -2.303079      36.651400      -0.329357
      19.042952     -31.468830       0.217502      -2.311798      36.651194      -0.326305
      19.050316     -31.464798       0.215430      -2.320520      36.650986      -0.323253
      19.057679     -31.460764       0.213359      -2.329244      36.650775      -0.320201
      19.065040     -31.456729       0.211289      -2.337969      36.650561      -0.317150
      19.072400     -31.452692       0.209220      -2.346698      36.650345      -0.314099
      19.079759     -31.448654       0.207152      -2.355428      36.650127      -0.311049
      19.087116     -31.444614       0.205085      -2.364161      36.649906      -0.307999
      19.094471     -31.440572       0.203019      -2.372896      36.649682      -0.304949
      19.101825     -31.436529       0.200954      -2.381633      36.649456      -0.301899
      19.109178     -31.432485       0.198890      -2.390373      36.649228      -0.298850
      19.116529     -31.428438       0.196827      -2.399115      36.648997      -0.295802
      19.123878     -31.424391       0.194765      -2.407859      36.648763      -0.292753
      19.131227     -31.420342       0.192704      -2.416605      36.648527      -0.289705
      19.138573     -31.416291       0.190644      -2.425354      36.648288      -0.286658
      19.145919     -31.412239       0.188586      -2.434105      36.648047      -0.283610
      19.153262     -31.408185       0.186528      -2.442858      36.647803      -0.280563
      19.160605     -31.404130       0.184471      -2.451614      36.647557      -0.277517
      19.167946     -31.400073       0.182415      -2.460372      36.647308      -0.274471
      19.175285     -31.396015       0.180360      -2.469132      36.647057      -0.271425
      19.182623     -31.391955       0.178306      -2.477894      36.646803      -0.268379
      19.189960     -31.387894       0.176253      -2.486659      36.646547      -0.265334
      19.197295     -31.383831       0.174201      -2.495426      36.646288      -0.262289
      19.204628     -31.379766       0.172150      -2.504195      36.646026      -0.259245
      19.211960     -31.375700       0.170100      -2.512967      36.645762      -0.256201
      19.219291     -31.371633       0.168052      -2.521741      36.645496      -0.253157
      19.226620     -31.367564       0.166004      -2.530517      36.645227      -0.250113
      19.233948     -31.363494       0.163957      -2.539295      36.644955      -0.247070
      19.241274     -31.359422       0.161911      -2.548076      36.644681      -0.244028
      19.248599     -31.355348       0.159866      -2.556859      36.644404      -0.240985
      19.255922     -31.351273       0.157822      -2.565644      36.644125      -0.237943
      19.263244     -31.347196       0.155779      -2.574431      36.643843      -0.234901
      19.270564     -31.343118       0.153738      -2.583221      36.643558      -0.231860
      19.277883     -31.339039       0.151697      -2.592013      36.643271      -0.228819
      19.285201     -31.334958       0.149657      -2.600807      36.642982      -0.225778
      19.292517     -31.330875       0.147618      -2.609604      36.642689      -0.222738
      19.299831     -31.326791       0.145580      -2.618403      36.642395      -0.219698
      19.307144     -31.322705       0.143543      -2.627204      36.642097      -0.216658
      19.314456     -31.318618       0.141507      -2.636007      36.641798      -0.213619
      19.321766     -31.314530       0.139472      -2.644813      36.641495      -0.210580
      19.329074     -31.310440       0.137438      -2.653621      36.641190      -0.207541
      19.336382     -31.306348       0.135405      -2.662431      36.640883      -0.204503
      19.343687     -31.302255       0.133374      -2.671244      36.640572      -0.201465
      19.350992     -31.298160       0.131343      -2.680059      36.640260      -0.198427
      19.358294     -31.294064       0.129313      -2.688876      36.639944      -0.195390
      19.365596     -31.289966       0.127284      -2.697695      36.639627      -0.192353
      19.372896     -31.285867       0.125256      -2.706517      36.639306      -0.189316
      19.380194     -31.281766       0.123229      -2.715341      36.638983      -0.186280
      19.387491     -31.277664       0.121203      -2.724167      36.638658      -0.183244
      19.394786     -31.273560       0.119178      -2.732996      36.638329      -0.180208
      19.402080     -31.269455       0.117154      -2.741827      36.637999      -0.177173
      19.409373     -31.265348       0.115131      -2.750660      36.637665      -0.174138
      19.416664     -31.261240       0.113109      -2.759495      36.637329      -0.171103
      19.423954     -31.257131       0.111088      -2.768333      36.636991      -0.168069
      19.431242     -31.253019       0.109068      -2.777173      36.636649      -0.165035
      19.438528     -31.248907       0.107048      -2.786015      36.636306      -0.162001
      19.445814     -31.244792       0.105030      -2.794859      36.635959      -0.158968
      19.453097     -31.240677       0.103013      -2.803706      36.635610      -0.155935
      19.460379     -31.236560       0.100997      -2.812555      36.635259      -0.152902
      19.467660     -31.232441       0.098982      -2.821407      36.634905      -0.149870
      19.474940     -31.228321       0.096968      -2.830260      36.634548      -0.146838
      19.482217     -31.224199       0.094955      -2.839116      36.634189      -0.143806
      19.489494     -31.220076       0.092942      -2.847974      36.633827      -0.140775
      19.496769     -31.215951       0.090931      -2.856835      36.633462      -0.137744
      19.504042     -31.211825       0.088921      -2.865698      36.633095      -0.134713
      19.511314     -31.207697       0.086912      -2.874563      36.632725      -0.131683
      19.518585     -31.203568       0.084903      -2.883430      36.632353      -0.128653
      19.525854     -31.199437       0.082896      -2.892299      36.631978      -0.125623
      19.533121     -31.195305       0.080890      -2.901171      36.631600      -0.122594
      19.540387     -31.191172       0.078884      -2.910046      36.631220      -0.119564
      19.547652     -31.187037       0.076880      -2.918922      36.630837      -0.116536
      19.554915     -31.182900       0.074876      -2.927801      36.630451      -0.113507
      19.562177     -31.178762       0.072874      -2.936682      36.630063      -0.110479
      19.569437     -31.174622       0.070872      -2.945565      36.629672      -0.107451
      19.576696     -31.170481       0.068872      -2.954451      36.629279      -0.104424
      19.583953     -31.166339       0.066872      -2.963338      36.628883      -0.101396
      19.591209     -31.162195       0.064874      -2.972229      36.628484      -0.098370
      19.598463     -31.158049       0.062876      -2.981121      36.628083      -0.095343
      19.605716     -31.153902       0.060880      -2.990016      36.627679      -0.092317
      19.612967     -31.149754       0.058884      -2.998913      36.627273      -0.089291
      19.620217     -31.145604       0.056889      -3.007812      36.626864      -0.086265
      19.627466     -31.141452       0.054896      -3.016713      36.626452      -0.083240
      19.634713     -31.137300       0.052903      -3.025617      36.626037      -0.080215
      19.641958     -31.133145       0.050911      -3.034523      36.625620      -0.077190
      19.649202     -31.128989       0.048920      -3.043432      36.625200      -0.074166
      19.656445     -31.124832       0.046930      -3.052342      36.624778      -0.071142
      19.663686     -31.120673       0.044941      -3.061255      36.624353      -0.068118
      19.670926     -31.116513       0.042954      -3.070171      36.623925      -0.065095
      19.678164     -31.112351       0.040967      -3.079088      36.623495      -0.062072
      19.685400     -31.108188       0.038981      -3.088008      36.623062      -0.059049
      19.692636     -31.104023       0.036996      -3.096930      36.622626      -0.056027
      19.699869     -31.099857       0.035012      -3.105854      36.622188      -0.053004
      19.707102     -31.095689       0.033028      -3.114781      36.621747      -0.049983
      19.714332     -31.091520       0.031046      -3.123710      36.621304      -0.046961
      19.721562     -31.087349       0.029065      -3.132641      36.620857      -0.043940
      19.728790     -31.083177       0.027085      -3.141575      36.620408      -0.040919
      19.736016     -31.079004       0.025106      -3.150511      36.619957      -0.037898
      19.743241     -31.074829       0.023127      -3.159449      36.619503      -0.034878
      19.750464     -31.070652       0.021150      -3.168389      36.619046      -0.031858
      19.757686     -31.066474       0.019174      -3.177332      36.618586      -0.028838
      19.764907     -31.062295       0.017198      -3.186276      36.618124      -0.025819
      19.772126     -31.058114       0.015224      -3.195224      36.617659      -0.022800
      19.779343     -31.053932       0.013250      -3.204173      36.617191      -0.019781
      19.786559     -31.049748       0.011278      -3.213125      36.616721      -0.016762
      19.793774     -31.045562       0.009306      -3.222079      36.616248      -0.013744
      19.800987     -31.041376       0.007336      -3.231035      36.615772      -0.010726
      19.808199     -31.037187       0.005366      -3.239994      36.615294      -0.007709
      19.815409     -31.032998       0.003397      -3.248955      36.614813      -0.004692
      19.822618     -31.028807       0.001429      -3.257918      36.614329      -0.001675
      19.829825     -31.024614      -0.000537      -3.266883      36.613843       0.001342
      19.837031     -31.020420      -0.002503      -3.275851      36.613354       0.004358
      19.844235     -31.016224      -0.004468      -3.284821      36.612862       0.007374
      19.851438     -31.012027      -0.006432      -3.293794      36.612368       0.010390
      19.858639     -31.007829      -0.008395      -3.302768      36.611871       0.013406
      19.865839     -31.003629      -0.010357      -3.311745      36.611371       0.016421
      19.873037     -30.999428      -0.012318      -3.320724      36.610868       0.019436
      19.880234     -30.995225      -0.014278      -3.329706      36.610363       0.022450
      19.887430     -30.991021      -0.016238      -3.338689      36.609855       0.025465
      19.894624     -30.986815      -0.018196      -3.347675      36.609345       0.028479
      19.901816     -30.982608      -0.020153      -3.356664      36.608831       0.031492
      19.909007     -30.978399      -0.022110      -3.365654      36.608315       0.034506
      19.916197     -30.974189      -0.024065      -3.374647      36.607797       0.037519
      19.923385     -30.969977      -0.026020      -3.383642      36.607275       0.040532
      19.930571     -30.965764      -0.027973      -3.392640      36.606751       0.043544
      19.937756     -30.961550      -0.029926      -3.401639      36.606224       0.046556
      19.944940     -30.957334      -0.031877      -3.410641      36.605695       0.049568
      19.952122     -30.953117      -0.033828      -3.419645      36.605162       0.052580
      19.959303     -30.948898      -0.035778      -3.428652      36.604627       0.055591
      19.966482     -30.944678      -0.037727      -3.437661      36.604090       0.058602
      19.973660     -30.940456      -0.039674      -3.446672      36.603549       0.061613
      19.980836     -30.936233      -0.041621      -3.455685      36.603006       0.064623
      19.988011     -30.932008      -0.043567      -3.464701      36.602460       0.067633
      19.995184     -30.927782      -0.045512      -3.473719      36.601911       0.070643
      20.002356     -30.923555      -0.047456      -3.482739      36.601360       0.073653
      20.009526     -30.919326      -0.049400      -3.491762      36.600806       0.076662
      20.016695     -30.915095      -0.051342      -3.500787      36.600249       0.079671
      20.023863     -30.910863      -0.053283      -3.509814      36.599690       0.082680
      20.031028     -30.906630      -0.055224      -3.518843      36.599127       0.085688
      20.038193     -30.902395      -0.057163      -3.527875      36.598562       0.088697
      20.045356     -30.898159      -0.059101      -3.536909      36.597995       0.091704
      20.052517     -30.893922      -0.061039      -3.545945      36.597424       0.094712
      20.059677     -30.889683      -0.062976      -3.554983      36.596851       0.097719
      20.066836     -30.885442      -0.064911      -3.564024      36.596275       0.100726
      20.073993     -30.881200      -0.066846      -3.573067      36.595696       0.103733
      20.081149     -30.876957      -0.068780      -3.582113      36.595115       0.106739
      20.088303     -30.872712      -0.070713      -3.591160      36.594531       0.109746
      20.095455     -30.868466      -0.072645      -3.600210      36.593944       0.112751
      20.102606     -30.864218      -0.074576      -3.609262      36.593354       0.115757
      20.109756     -30.859969      -0.076506      -3.618317      36.592762       0.118762
      20.116904     -30.855719      -0.078435      -3.627374      36.592167       0.121767
      20.124051     -30.851467      -0.080363      -3.636433      36.591569       0.124772
      20.131196     -30.847213      -0.082290      -3.645494      36.590968       0.127777
      20.138340     -30.842959      -0.084217      -3.654558      36.590364       0.130781
      20.145482     -30.838702      -0.086142      -3.663624      36.589758       0.133785
      20.152623     -30.834445      -0.088067      -3.672692      36.589149       0.136788
      20.159762     -30.830186      -0.089990      -3.681762      36.588538       0.139792
      20.166900     -30.825925      -0.091913      -3.690835      36.587923       0.142795
      20.174037     -30.821663      -0.093835      -3.699910      36.587306       0.145797
      20.181171     -30.817400      -0.095755      -3.708987      36.586686       0.148800
      20.188305     -30.813135      -0.097675      -3.718067      36.586063       0.151802
      20.195437     -30.808869      -0.099594      -3.727149      36.585437       0.154804
      20.202567     -30.804601      -0.101512      -3.736233      36.584809       0.157806
      20.209696     -30.800332      -0.103429      -3.745319      36.584178       0.160807
      20.216824     -30.796061      -0.105345      -3.754408      36.583544       0.163808
      20.223950     -30.791789      -0.107261      -3.763499      36.582907       0.166809
      20.231074     -30.787516      -0.109175      -3.772592      36.582268       0.169810
      20.238197     -30.783241      -0.111088      -3.781688      36.581625       0.172810
      20.245319     -30.778965      -0.113001      -3.790786      36.580980       0.175810
      20.252439     -30.774687      -0.114912      -3.799886      36.580332       0.178810
      20.259558     -30.770408      -0.116823      -3.808988      36.579682       0.181809
      20.266675     -30.766128      -0.118733      -3.818093      36.579028       0.184808
      20.273790     -30.761846      -0.120641      -3.827200      36.578372       0.187807
      20.280905     -30.757562      -0.122549      -3.836309      36.577713       0.190806
      20.288017     -30.753278      -0.124456      -3.845421      36.577051       0.193804
      20.295128     -30.748992      -0.126362      -3.854535      36.576387       0.196802
      20.302238     -30.744704      -0.128267      -3.863651      36.575719       0.199800
      20.309346     -30.740415      -0.130172      -3.872769      36.575049       0.202798
      20.316453     -30.736125      -0.132075      -3.881890      36.574376       0.205795
      20.323559     -30.731833      -0.133977      -3.891013      36.573700       0.208792
      20.330662     -30.727540      -0.135879      -3.900138      36.573021       0.211789
      20.337765     -30.723245      -0.137779      -3.909265      36.572340       0.214786
      20.344866     -30.718949      -0.139679      -3.918395      36.571656       0.217782
      20.351965     -30.714651      -0.141578      -3.927527      36.570969       0.220778
      20.359063     -30.710352      -0.143475      -3.936662      36.570279       0.223773
      20.366159     -30.706052      -0.145372      -3.945798      36.569586       0.226769
      20.373254     -30.701750      -0.147268      -3.954937      36.568891       0.229764
      20.380348     -30.697447      -0.149163      -3.964078      36.568192       0.232759
      20.387440     -30.693143      -0.151057      -3.973222      36.567491       0.235754
      20.394530     -30.688837      -0.152951      -3.982368      36.566787       0.238748
      20.401619     -30.684529      -0.154843      -3.991516      36.566080       0.241742
      20.408707     -30.680221      -0.156734      -4.000666      36.565371       0.244736
      20.415793     -30.675910      -0.158625      -4.009819      36.564658       0.247730
      20.422877     -30.671599      -0.160514      -4.018974      36.563943       0.250723
      20.429960     -30.667286      -0.162403      -4.028131      36.563225       0.253716
      20.437042     -30.662972      -0.164291      -4.037290      36.562504       0.256709
      20.444122     -30.658656      -0.166178      -4.046452      36.561780       0.259701
      20.451201     -30.654339      -0.168064      -4.055616      36.561053       0.262694
      20.458278     -30.650020      -0.169949      -4.064782      36.560324       0.265686
      20.465353     -30.645700      -0.171833      -4.073951      36.559592       0.268677
      20.472428     -30.641379      -0.173716      -4.083122      36.558857       0.271669
      20.479500     -30.637056      -0.175598      -4.092295      36.558119       0.274660
      20.486571     -30.632732      -0.177480      -4.101470      36.557378       0.277651
      20.493641     -30.628406      -0.179360      -4.110648      36.556634       0.280642
      20.500709     -30.624079      -0.181240      -4.119828      36.555887       0.283632
      20.507776     -30.619751      -0.183119      -4.129010      36.555138       0.286622
      20.514842     -30.615421      -0.184997      -4.138195      36.554386       0.289612
      20.521905     -30.611090      -0.186874      -4.147381      36.553631       0.292602
      20.528968     -30.606757      -0.188750      -4.156571      36.552873       0.295591
      20.536028     -30.602423      -0.190625      -4.165762      36.552112       0.298581
      20.543088     -30.598088      -0.192499      -4.174956      36.551348       0.301570
      20.550146     -30.593751      -0.194372      -4.184152      36.550582       0.304558
      20.557202     -30.589413      -0.196245      -4.193350      36.549812       0.307547
      20.564257     -30.585073      -0.198116      -4.202550      36.549040       0.310535
      20.571310     -30.580732      -0.199987      -4.211753      36.548265       0.313523
      20.578362     -30.576390      -0.201856      -4.220958      36.547487       0.316510
      20.585413     -30.572046      -0.203725      -4.230165      36.546706       0.319498
      20.592462     -30.567701      -0.205593      -4.239375      36.545922       0.322485
      20.599509     -30.563355      -0.207460      -4.248587      36.545136       0.325472
      20.606555     -30.559007      -0.209326      -4.257801      36.544346       0.328458
      20.613600     -30.554657      -0.211192      -4.267018      36.543554       0.331445
      20.620643     -30.550307      -0.213056      -4.276236      36.542758       0.334431
      20.627684     -30.545955      -0.214919      -4.285457      36.541960       0.337417
      20.634724     -30.541601      -0.216782      -4.294681      36.541159       0.340402
      20.641763     -30.537246      -0.218644      -4.303906      36.540355       0.343388
      20.648800     -30.532890      -0.220504      -4.313134      36.539548       0.346373
      20.655836     -30.528532      -0.222364      -4.322364      36.538739       0.349358
      20.662870     -30.524173      -0.224223      -4.331597      36.537926       0.352342
      20.669902     -30.519813      -0.226081      -4.340831      36.537111       0.355327
      20.676934     -30.515451      -0.227938      -4.350068      36.536292       0.358311
      20.683963     -30.511088      -0.229795      -4.359307      36.535471       0.361295
      20.690992     -30.506724      -0.231650      -4.368549      36.534647       0.364278
      20.698018     -30.502358      -0.233505      -4.377793      36.533820       0.367262
      20.705043     -30.497990      -0.235358      -4.387039      36.532990       0.370245
      20.712067     -30.493622      -0.237211      -4.396287      36.532157       0.373228
      20.719089     -30.489252      -0.239063      -4.405538      36.531321       0.376211
      20.726110     -30.484880      -0.240914      -4.414791      36.530482       0.379193
      20.733129     -30.480508      -0.242764      -4.424046      36.529641       0.382175
      20.740147     -30.476133      -0.244613      -4.433303      36.528796       0.385157
      20.747164     -30.471758      -0.246462      -4.442563      36.527949       0.388139
      20.754178     -30.467381      -0.248309      -4.451825      36.527098       0.391120
      20.761192     -30.463003      -0.250155      -4.461089      36.526245       0.394101
      20.768204     -30.458623      -0.252001      -4.470356      36.525389       0.397082
      20.775214     -30.454242      -0.253846      -4.479625      36.524530       0.400063
      20.782223     -30.449859      -0.255690      -4.488896      36.523668       0.403044
      20.789230     -30.445476      -0.257533      -4.498169      36.522803       0.406024
      20.796236     -30.441091      -0.259375      -4.507445      36.521935       0.409004
      20.803241     -30.436704      -0.261216      -4.516723      36.521064       0.411983
      20.810243     -30.432316      -0.263057      -4.526003      36.520190       0.414963
      20.817245     -30.427927      -0.264896      -4.535286      36.519313       0.417942
      20.824245     -30.423536      -0.266735      -4.544571      36.518434       0.420921
      20.831243     -30.419144      -0.268572      -4.553858      36.517551       0.423900
      20.838240     -30.414751      -0.270409      -4.563147      36.516666       0.426879
      20.845236     -30.410356      -0.272245      -4.572439      36.515777       0.429857
      20.852230     -30.405960      -0.274080      -4.581733      36.514886       0.432835
      20.859222     -30.401562      -0.275914      -4.591029      36.513992       0.435813
      20.866213     -30.397164      -0.277748      -4.600327      36.513094       0.438790
      20.873203     -30.392763      -0.279580      -4.609628      36.512194       0.441768
      20.880191     -30.388362      -0.281412      -4.618931      36.511291       0.444745
      20.887178     -30.383959      -0.283242      -4.628236      36.510385       0.447722
      20.894163     -30.379555      -0.285072      -4.637544      36.509476       0.450698
      20.901146     -30.375149      -0.286901      -4.646854      36.508564       0.453675
      20.908128     -30.370742      -0.288729      -4.656166      36.507649       0.456651
      20.915109     -30.366333      -0.290556      -4.665480      36.506731       0.459627
      20.922088     -30.361924      -0.292383      -4.674797      36.505810       0.462602
      20.929066     -30.357513      -0.294208      -4.684116      36.504886       0.465578
      20.936042     -30.353100      -0.296033      -4.693437      36.503959       0.468553
      20.943017     -30.348686      -0.297856      -4.702760      36.503029       0.471528
      20.949990     -30.344271      -0.299679      -4.712086      36.502096       0.474503
      20.956962     -30.339855      -0.301501      -4.721414      36.501161       0.477477
      20.963932     -30.335437      -0.303322      -4.730745      36.500222       0.480452
      20.970901     -30.331017      -0.305142      -4.740077      36.499280       0.483426
      20.977868     -30.326597      -0.306962      -4.749412      36.498336       0.486400
      20.984834     -30.322175      -0.308780      -4.758749      36.497388       0.489373
      20.991798     -30.317752      -0.310598      -4.768089      36.496437       0.492347
      20.998761     -30.313327      -0.312414      -4.777430      36.495484       0.495320
      21.005722     -30.308901      -0.314230      -4.786774      36.494527       0.498293
      21.012682     -30.304474      -0.316045      -4.796120      36.493568       0.501265
      21.019640     -30.300045      -0.317859      -4.805469      36.492605       0.504238
      21.026597     -30.295615      -0.319673      -4.814820      36.491639       0.507210
      21.033552     -30.291183      -0.321485      -4.824173      36.490671       0.510182
      21.040506     -30.286751      -0.323296      -4.833528      36.489699       0.513154
      21.047458     -30.282316      -0.325107      -4.842886      36.488725       0.516125
      21.054409     -30.277881      -0.326917      -4.852246      36.487747       0.519097
      21.061359     -30.273444      -0.328726      -4.861608      36.486767       0.522068
      21.068307     -30.269006      -0.330534      -4.870972      36.485783       0.525039
      21.075253     -30.264566      -0.332341      -4.880339      36.484797       0.528009
      21.082198     -30.260126      -0.334147      -4.889708      36.483807       0.530980
      21.089141     -30.255683      -0.335953      -4.899079      36.482815       0.533950
      21.096083     -30.251240      -0.337757      -4.908452      36.481819       0.536920
      21.103024     -30.246795      -0.339561      -4.917828      36.480820       0.539889
      21.109963     -30.242349      -0.341364      -4.927206      36.479819       0.542859
      21.116900     -30.237901      -0.343166      -4.936587      36.478814       0.545828
      21.123836     -30.233452      -0.344967      -4.945969      36.477807       0.548797
      21.130771     -30.229002      -0.346767      -4.955354      36.476796       0.551766
      21.137704     -30.224550      -0.348567      -4.964741      36.475782       0.554735
      21.144635     -30.220097      -0.350365      -4.974131      36.474766       0.557703
      21.151565     -30.215643      -0.352163      -4.983522      36.473746       0.560671
      21.158494     -30.211187      -0.353960      -4.992916      36.472723       0.563639
      21.165421     -30.206730      -0.355756      -5.002312      36.471697       0.566607
      21.172346     -30.202272      -0.357551      -5.011711      36.470669       0.569574
      21.179270     -30.197813      -0.359345      -5.021112      36.469637       0.572542
      21.186193     -30.193352      -0.361139      -5.030515      36.468602       0.575509
      21.193114     -30.188889      -0.362931      -5.039920      36.467564       0.578475
      21.200034     -30.184426      -0.364723      -5.049328      36.466523       0.581442
      21.206952     -30.179961      -0.366514      -5.058737      36.465479       0.584408
      21.213868     -30.175494      -0.368304      -5.068149      36.464432       0.587375
      21.220784     -30.171027      -0.370093      -5.077564      36.463382       0.590340
      21.227697     -30.166558      -0.371881      -5.086981      36.462329       0.593306
      21.234609     -30.162087      -0.373669      -5.096399      36.461273       0.596272
      21.241520     -30.157616      -0.375455      -5.105821      36.460214       0.599237
      21.248429     -30.153143      -0.377241      -5.115244      36.459152       0.602202
      21.255337     -30.148668      -0.379026      -5.124670      36.458086       0.605167
      21.262243     -30.144193      -0.380810      -5.134098      36.457018       0.608132
      21.269148     -30.139716      -0.382593      -5.143528      36.455947       0.611096
      21.276051     -30.135238      -0.384375      -5.152961      36.454872       0.614060
      21.282953     -30.130758      -0.386157      -5.162395      36.453795       0.617024
      21.289853     -30.126277      -0.387937      -5.171832      36.452714       0.619988
      21.296752     -30.121795      -0.389717      -5.181272      36.451630       0.622951
      21.303649     -30.117311      -0.391496      -5.190713      36.450544       0.625915
      21.310545     -30.112826      -0.393274      -5.200157      36.449454       0.628878
      21.317439     -30.108340      -0.395051      -5.209603      36.448361       0.631841
      21.324332     -30.103852      -0.396827      -5.219052      36.447265       0.634803
      21.331223     -30.099364      -0.398603      -5.228502      36.446166       0.637766
      21.338113     -30.094873      -0.400378      -5.237955      36.445064       0.640728
      21.345001     -30.090382      -0.402151      -5.247411      36.443959       0.643690
      21.351888     -30.085889      -0.403924      -5.256868      36.442851       0.646652
      21.358773     -30.081395      -0.405697      -5.266328      36.441739       0.649614
      21.365657     -30.076899      -0.407468      -5.275790      36.440625       0.652575
      21.372539     -30.072402      -0.409238      -5.285254      36.439507       0.655536
      21.379420     -30.067904      -0.411008      -5.294721      36.438387       0.658497
      21.386300     -30.063405      -0.412777      -5.304189      36.437263       0.661458
      21.393177     -30.058904      -0.414544      -5.313660      36.436136       0.664418
      21.400054     -30.054402      -0.416311      -5.323134      36.435007       0.667379
      21.406929     -30.049899      -0.418078      -5.332609      36.433874       0.670339
      21.413802     -30.045394      -0.419843      -5.342087      36.432738       0.673299
      21.420674     -30.040888      -0.421608      -5.351567      36.431598       0.676259
      21.427544     -30.036380      -0.423371      -5.361050      36.430456       0.679218
      21.434413     -30.031872      -0.425134      -5.370534      36.429311       0.682177
      21.441281     -30.027362      -0.426896      -5.380021      36.428162       0.685136
      21.448147     -30.022850      -0.428657      -5.389510      36.427011       0.688095
      21.455011     -30.018338      -0.430418      -5.399002      36.425856       0.691054
      21.461874     -30.013824      -0.432177      -5.408496      36.424698       0.694012
      21.468735     -30.009309      -0.433936      -5.417992      36.423537       0.696971
      21.475595     -30.004792      -0.435693      -5.427490      36.422373       0.699929
      21.482454     -30.000274      -0.437450      -5.436990      36.421206       0.702886
      21.489311     -29.995755      -0.439207      -5.446493      36.420036       0.705844
      21.496166     -29.991235      -0.440962      -5.455998      36.418863       0.708801
      21.503020     -29.986713      -0.442716      -5.465505      36.417686       0.711759
      21.509873     -29.982190      -0.444470      -5.475015      36.416507       0.714716
      21.516724     -29.977665      -0.446223      -5.484527      36.415324       0.717672
      21.523573     -29.973140      -0.447975      -5.494041      36.414138       0.720629
      21.530421     -29.968613      -0.449726      -5.503557      36.412949       0.723585
      21.537268     -29.964084      -0.451476      -5.513076      36.411757       0.726542
      21.544113     -29.959555      -0.453225      -5.522597      36.410562       0.729497
      21.550956     -29.955024      -0.454974      -5.532120      36.409363       0.732453
      21.557798     -29.950492      -0.456722      -5.541645      36.408162       0.735409
      21.564639     -29.945958      -0.458469      -5.551173      36.406957       0.738364
      21.571478     -29.941423      -0.460215      -5.560703      36.405749       0.741319
      21.578316     -29.936887      -0.461960      -5.570235      36.404538       0.744274
      21.585152     -29.932350      -0.463705      -5.579769      36.403324       0.747229
      21.591986     -29.927811      -0.465448      -5.589306      36.402107       0.750184
      21.598819     -29.923271      -0.467191      -5.598845      36.400886       0.753138
      21.605651     -29.918730      -0.468933      -5.608386      36.399663       0.756092
      21.612481     -29.914187      -0.470674      -5.617929      36.398436       0.759046
      21.619310     -29.909643      -0.472414      -5.627475      36.397206       0.762000
      21.626137     -29.905098      -0.474154      -5.637023      36.395973       0.764953
      21.632962     -29.900551      -0.475892      -5.646573      36.394737       0.767906
      21.639786     -29.896003      -0.477630      -5.656126      36.393497       0.770860
      21.646609     -29.891454      -0.479367      -5.665681      36.392255       0.773812
      21.653430     -29.886904      -0.481103      -5.675238      36.391009       0.776765
      21.660250     -29.882352      -0.482839      -5.684797      36.389760       0.779718
      21.667068     -29.877799      -0.484573      -5.694358      36.388508       0.782670
      21.673885     -29.873245      -0.486307      -5.703922      36.387253       0.785622
      21.680700     -29.868689      -0.488039      -5.713488      36.385994       0.788574
      21.687513     -29.864132      -0.489771      -5.723056      36.384733       0.791526
      21.694326     -29.859574      -0.491503      -5.732627      36.383468       0.794477
      21.701136     -29.855015      -0.493233      -5.742200      36.382200       0.797429
      21.707946     -29.850454      -0.494963      -5.751775      36.380929       0.800380
      21.714753     -29.845892      -0.496691      -5.761352      36.379655       0.803331
      21.721559     -29.841329      -0.498419      -5.770932      36.378377       0.806281
      21.728364     -29.836764      -0.500146      -5.780514      36.377097       0.809232
      21.735167     -29.832198      -0.501872      -5.790098      36.375813       0.812182
      21.741969     -29.827631      -0.503598      -5.799684      36.374526       0.815132
      21.748769     -29.823063      -0.505322      -5.809273      36.373235       0.818082
      21.755568     -29.818493      -0.507046      -5.818863      36.371942       0.821032
      21.762365     -29.813922      -0.508769      -5.828457      36.370645       0.823982
      21.769161     -29.809349      -0.510491      -5.838052      36.369345       0.826931
      21.775955     -29.804776      -0.512213      -5.847649      36.368042       0.829880
      21.782748     -29.800201      -0.513933      -5.857249      36.366736       0.832829
      21.789539     -29.795625      -0.515653      -5.866851      36.365426       0.835778
      21.796329     -29.791047      -0.517372      -5.876456      36.364114       0.838726
      21.803117     -29.786469      -0.519090      -5.886062      36.362798       0.841675
      21.809904     -29.781889      -0.520807      -5.895671      36.361479       0.844623
      21.816689     -29.777307      -0.522523      -5.905282      36.360156       0.847571
      21.823473     -29.772725      -0.524239      -5.914896      36.358831       0.850519
      21.830255     -29.768141      -0.525953      -5.924511      36.357502       0.853466
      21.837036     -29.763556      -0.527667      -5.934129      36.356170       0.856414
      21.843816     -29.758969      -0.529380      -5.943749      36.354835       0.859361
      21.850593     -29.754382      -0.531093      -5.953372      36.353496       0.862308
      21.857370     -29.749793      -0.532804      -5.962996      36.352155       0.865255
      21.864144     -29.745202      -0.534515      -5.972623      36.350810       0.868201
      21.870918     -29.740611      -0.536225      -5.982252      36.349461       0.871148
      21.877690     -29.736018      -0.537934      -5.991884      36.348110       0.874094
      21.884460     -29.731424      -0.539642      -6.001517      36.346755       0.877040
      21.891229     -29.726829      -0.541349      -6.011153      36.345398       0.879986
      21.897996     -29.722232      -0.543056      -6.020791      36.344037       0.882932
      21.904762     -29.717634      -0.544762      -6.030432      36.342672       0.885877
      21.911526     -29.713035      -0.546467      -6.040074      36.341305       0.888822
      21.918289     -29.708434      -0.548171      -6.049719      36.339934       0.891768
      21.925051     -29.703833      -0.549874      -6.059366      36.338560       0.894713
      21.931810     -29.699230      -0.551577      -6.069016      36.337182       0.897657
      21.938569     -29.694626      -0.553279      -6.078667      36.335802       0.900602
      21.945326     -29.690020      -0.554980      -6.088321      36.334418       0.903546
      21.952081     -29.685413      -0.556680      -6.097977      36.333031       0.906490
      21.958835     -29.680805      -0.558379      -6.107636      36.331640       0.909434
      21.965587     -29.676196      -0.560077      -6.117296      36.330247       0.912378
      21.972338     -29.671585      -0.561775      -6.126959      36.328850       0.915322
      21.979088     -29.666973      -0.563472      -6.136624      36.327450       0.918265
      21.985835     -29.662360      -0.565168      -6.146292      36.326046       0.921208
      21.992582     -29.657746      -0.566863      -6.155961      36.324640       0.924151
      21.999327     -29.653130      -0.568558      -6.165633      36.323230       0.927094
      22.006070     -29.648513      -0.570251      -6.175307      36.321817       0.930037
      22.012812     -29.643895      -0.571944      -6.184983      36.320400       0.932979
      22.019553     -29.639276      -0.573636      -6.194662      36.318980       0.935921
      22.026291     -29.634655      -0.575327      -6.204343      36.317557       0.938864
      22.033029     -29.630033      -0.577018      -6.214026      36.316131       0.941805
      22.039765     -29.625410      -0.578707      -6.223711      36.314701       0.944747
      22.046499     -29.620785      -0.580396      -6.233399      36.313268       0.947689
      22.053232     -29.616160      -0.582084      -6.243089      36.311832       0.950630
      22.059964     -29.611533      -0.583771      -6.252781      36.310393       0.953571
      22.066694     -29.606904      -0.585458      -6.262475      36.308950       0.956512
      22.073422     -29.602275      -0.587143      -6.272171      36.307504       0.959453
      22.080149     -29.597644      -0.588828      -6.281870      36.306054       0.962394
      22.086874     -29.593012      -0.590512      -6.291571      36.304602       0.965334
      22.093598     -29.588379      -0.592195      -6.301274      36.303146       0.968274
      22.100321     -29.583744      -0.593878      -6.310980      36.301686       0.971214
      22.107042     -29.579108      -0.595559      -6.320687      36.300224       0.974154
      22.113761     -29.574471      -0.597240      -6.330397      36.298758       0.977094
      22.120479     -29.569833      -0.598920      -6.340110      36.297289       0.980033
      22.127196     -29.565193      -0.600599      -6.349824      36.295816       0.982973
      22.133911     -29.560553      -0.602278      -6.359541      36.294340       0.985912
      22.140624     -29.555911      -0.603955      -6.369260      36.292861       0.988851
      22.147336     -29.551267      -0.605632      -6.378981      36.291379       0.991789
      22.154047     -29.546623      -0.607308      -6.388704      36.289893       0.994728
      22.160756     -29.541977      -0.608983      -6.398430      36.288404       0.997666
      22.167463     -29.537330      -0.610658      -6.408158      36.286911       1.000605
      22.174169     -29.532681      -0.612331      -6.417888      36.285416       1.003543
      22.180874     -29.528032      -0.614004      -6.427620      36.283917       1.006481
      22.187577     -29.523381      -0.615676      -6.437355      36.282414       1.009418
      22.194278     -29.518729      -0.617347      -6.447091      36.280908       1.012356
      22.200978     -29.514076      -0.619018      -6.456830      36.279399       1.015293
      22.207677     -29.509421      -0.620687      -6.466572      36.277887       1.018230
      22.214374     -29.504765      -0.622356      -6.476315      36.276371       1.021167
      22.221069     -29.500108      -0.624024      -6.486061      36.274852       1.024104
      22.227763     -29.495450      -0.625691      -6.495809      36.273330       1.027041
      22.234456     -29.490790      -0.627358      -6.505559      36.271804       1.029977
      22.241147     -29.486130      -0.629023      -6.515312      36.270275       1.032913
      22.247837     -29.481468      -0.630688      -6.525066      36.268742       1.035849
      22.254525     -29.476804      -0.632352      -6.534823      36.267207       1.038785
      22.261211     -29.472140      -0.634015      -6.544582      36.265667       1.041721
      22.267896     -29.467474      -0.635678      -6.554344      36.264125       1.044656
      22.274580     -29.462807      -0.637340      -6.564107      36.262579       1.047592
      22.281262     -29.458139      -0.639001      -6.573873      36.261030       1.050527
      22.287942     -29.453469      -0.640661      -6.583641      36.259477       1.053462
      22.294621     -29.448799      -0.642320      -6.593412      36.257921       1.056397
      22.301299     -29.444127      -0.643978      -6.603184      36.256362       1.059331
      22.307975     -29.439454      -0.645636      -6.612959      36.254799       1.062266
      22.314650     -29.434779      -0.647293      -6.622736      36.253233       1.065200
      22.321323     -29.430104      -0.648949      -6.632515      36.251663       1.068134
      22.327994     -29.425427      -0.650605      -6.642297      36.250091       1.071068
      22.334664     -29.420749      -0.652259      -6.652080      36.248514       1.074002
      22.341333     -29.416069      -0.653913      -6.661866      36.246935       1.076935
      22.348000     -29.411389      -0.655566      -6.671654      36.245352       1.079869
      22.354666     -29.406707      -0.657218      -6.681445      36.243766       1.082802
      22.361330     -29.402024      -0.658870      -6.691237      36.242176       1.085735
      22.367992     -29.397339      -0.660520      -6.701032      36.240583       1.088668
      22.374653     -29.392654      -0.662170      -6.710829      36.238986       1.091601
      22.381313     -29.387967      -0.663819      -6.720629      36.237386       1.094533
      22.387971     -29.383279      -0.665467      -6.730430      36.235783       1.097465
      22.394628     -29.378590      -0.667115      -6.740234      36.234176       1.100398
      22.401283     -29.373899      -0.668762      -6.750040      36.232566       1.103330
      22.407936     -29.369208      -0.670407      -6.759848      36.230953       1.106261
      22.414588     -29.364515      -0.672053      -6.769659      36.229336       1.109193
      22.421239     -29.359821      -0.673697      -6.779471      36.227716       1.112125
      22.427888     -29.355125      -0.675341      -6.789286      36.226092       1.115056
      22.434536     -29.350429      -0.676983      -6.799103      36.224465       1.117987
      22.441182     -29.345731      -0.678625      -6.808922      36.222834       1.120918
      22.447827     -29.341032      -0.680267      -6.818744      36.221200       1.123849
      22.454470     -29.336332      -0.681907      -6.828568      36.219563       1.126779
      22.461111     -29.331630      -0.683547      -6.838394      36.217922       1.129710
      22.467751     -29.326928      -0.685186      -6.848222      36.216278       1.132640
      22.474390     -29.322224      -0.686824      -6.858052      36.214630       1.135570
      22.481027     -29.317518      -0.688461      -6.867885      36.212979       1.138500
      22.487663     -29.312812      -0.690097      -6.877720      36.211325       1.141430
      22.494297     -29.308104      -0.691733      -6.887557      36.209667       1.144359
      22.500930     -29.303396      -0.693368      -6.897396      36.208006       1.147289
      22.507561     -29.298686      -0.695002      -6.907238      36.206341       1.150218
      22.514190     -29.293974      -0.696636      -6.917082      36.204673       1.153147
      22.520818     -29.289262      -0.698268      -6.926928      36.203001       1.156076
      22.527445     -29.284548      -0.699900      -6.936776      36.201326       1.159005
      22.534070     -29.279833      -0.701531      -6.946626      36.199648       1.161933
      22.540694     -29.275117      -0.703162      -6.956479      36.197966       1.164861
      22.547316     -29.270400      -0.704791      -6.966334      36.196280       1.167790
      22.553937     -29.265681      -0.706420      -6.976191      36.194591       1.170718
      22.560556     -29.260961      -0.708048      -6.986050      36.192899       1.173646
      22.567173     -29.256240      -0.709675      -6.995911      36.191203       1.176573
      22.573790     -29.251518      -0.711302      -7.005775      36.189504       1.179501
      22.580404     -29.246795      -0.712927      -7.015641      36.187802       1.182428
      22.587017     -29.242070      -0.714552      -7.025509      36.186095       1.185355
      22.593629     -29.237344      -0.716176      -7.035380      36.184386       1.188282
      22.600239     -29.232617      -0.717800      -7.045252      36.182673       1.191209
      22.606848     -29.227889      -0.719422      -7.055127      36.180956       1.194136
      22.613455     -29.223159      -0.721044      -7.065004      36.179236       1.197062
      22.620061     -29.218429      -0.722665      -7.074883      36.177513       1.199989
      22.626665     -29.213697      -0.724285      -7.084765      36.175786       1.202915
      22.633267     -29.208964      -0.725905      -7.094648      36.174056       1.205841
      22.639869     -29.204229      -0.727523      -7.104534      36.172322       1.208767
      22.646468     -29.199494      -0.729141      -7.114422      36.170584       1.211692
      22.653066     -29.194757      -0.730759      -7.124312      36.168844       1.214618
      22.659663     -29.190019      -0.732375      -7.134205      36.167099       1.217543
      22.666258     -29.185280      -0.733991      -7.144100      36.165352       1.220468
      22.672852     -29.180540      -0.735605      -7.153996      36.163600       1.223393
      22.679444     -29.175798      -0.737219      -7.163896      36.161846       1.226318
      22.686035     -29.171055      -0.738833      -7.173797      36.160087       1.229243
      22.692624     -29.166311      -0.740445      -7.183700      36.158326       1.232167
      22.699212     -29.161566      -0.742057      -7.193606      36.156560       1.235092
      22.705798     -29.156820      -0.743668      -7.203514      36.154792       1.238016
      22.712383     -29.152072      -0.745278      -7.213424      36.153019       1.240940
      22.718966     -29.147323      -0.746888      -7.223337      36.151244       1.243864
      22.725547     -29.142573      -0.748496      -7.233251      36.149464       1.246787
      22.732128     -29.137822      -0.750104      -7.243168      36.147682       1.249711
      22.738706     -29.133070      -0.751712      -7.253087      36.145895       1.252634
      22.745283     -29.128316      -0.753318      -7.263008      36.144106       1.255557
      22.751859     -29.123561      -0.754924      -7.272931      36.142312       1.258480
      22.758433     -29.118805      -0.756529      -7.282857      36.140516       1.261403
      22.765006     -29.114048      -0.758133      -7.292785      36.138715       1.264326
      22.771577     -29.109290      -0.759736      -7.302715      36.136911       1.267248
      22.778147     -29.104530      -0.761339      -7.312647      36.135104       1.270170
      22.784715     -29.099769      -0.762940      -7.322581      36.133293       1.273093
      22.791282     -29.095007      -0.764541      -7.332518      36.131479       1.276015
      22.797847     -29.090244      -0.766142      -7.342457      36.129661       1.278936
      22.804411     -29.085480      -0.767741      -7.352398      36.127839       1.281858
      22.810973     -29.080714      -0.769340      -7.362341      36.126014       1.284780
      22.817534     -29.075947      -0.770938      -7.372286      36.124186       1.287701
      22.824093     -29.071179      -0.772535      -7.382234      36.122354       1.290622
      22.830650     -29.066410      -0.774132      -7.392184      36.120518       1.293543
      22.837207     -29.061640      -0.775727      -7.402136      36.118679       1.296464
      22.843761     -29.056868      -0.777322      -7.412090      36.116836       1.299385
      22.850315     -29.052096      -0.778917      -7.422047      36.114990       1.302305
      22.856866     -29.047322      -0.780510      -7.432005      36.113140       1.305226
      22.863416     -29.042547      -0.782103      -7.441966      36.111287       1.308146
      22.869965     -29.037770      -0.783695      -7.451929      36.109430       1.311066
      22.876512     -29.032993      -0.785286      -7.461894      36.107570       1.313986
      22.883058     -29.028214      -0.786876      -7.471862      36.105706       1.316905
      22.889602     -29.023434      -0.788466      -7.481831      36.103838       1.319825
      22.896145     -29.018653      -0.790055      -7.491803      36.101967       1.322744
      22.902686     -29.013871      -0.791643      -7.501777      36.100092       1.325664
      22.909226     -29.009088      -0.793230      -7.511753      36.098214       1.328583
      22.915764     -29.004303      -0.794817      -7.521731      36.096332       1.331502
      22.922301     -28.999517      -0.796403      -7.531712      36.094447       1.334420
      22.928836     -28.994730      -0.797988      -7.541695      36.092558       1.337339
      22.935370     -28.989942      -0.799572      -7.551680      36.090665       1.340257
      22.941902     -28.985153      -0.801156      -7.561667      36.088769       1.343176
      22.948433     -28.980362      -0.802739      -7.571656      36.086870       1.346094
      22.954962     -28.975571      -0.804321      -7.581648      36.084966       1.349012
      22.961489     -28.970778      -0.805902      -7.591641      36.083059       1.351929
      22.968016     -28.965984      -0.807482      -7.601637      36.081149       1.354847
      22.974540     -28.961188      -0.809062      -7.611635      36.079235       1.357764
      22.981064     -28.956392      -0.810641      -7.621636      36.077317       1.360682
      22.987585     -28.951594      -0.812220      -7.631638      36.075396       1.363599
      22.994106     -28.946796      -0.813797      -7.641643      36.073471       1.366516
      23.000624     -28.941996      -0.815374      -7.651649      36.071543       1.369433
      23.007141     -28.937194      -0.816950      -7.661658      36.069611       1.372349
      23.013657     -28.932392      -0.818525      -7.671670      36.067675       1.375266
      23.020171     -28.927589      -0.820100      -7.681683      36.065736       1.378182
      23.026684     -28.922784      -0.821674      -7.691699      36.063793       1.381098
      23.033195     -28.917978      -0.823247      -7.701716      36.061847       1.384014
      23.039705     -28.913171      -0.824819      -7.711736      36.059897       1.386930
      23.046213     -28.908363      -0.826391      -7.721758      36.057943       1.389846
      23.052720     -28.903553      -0.827961      -7.731783      36.055986       1.392761
      23.059225     -28.898743      -0.829531      -7.741809      36.054025       1.395677
      23.065729     -28.893931      -0.831101      -7.751838      36.052060       1.398592
      23.072231     -28.889118      -0.832669      -7.761869      36.050092       1.401507
      23.078732     -28.884304      -0.834237      -7.771902      36.048120       1.404422
      23.085231     -28.879489      -0.835804      -7.781937      36.046145       1.407336
      23.091729     -28.874673      -0.837370      -7.791974      36.044166       1.410251
      23.098225     -28.869855      -0.838936      -7.802014      36.042183       1.413165
      23.104720     -28.865036      -0.840501      -7.812056      36.040197       1.416080
      23.111213     -28.860216      -0.842065      -7.822100      36.038207       1.418994
      23.117705     -28.855395      -0.843628      -7.832146      36.036214       1.421908
      23.124195     -28.850573      -0.845191      -7.842194      36.034216       1.424821
      23.130684     -28.845750      -0.846753      -7.852245      36.032216       1.427735
      23.137171     -28.840925      -0.848314      -7.862297      36.030211       1.430649
      23.143656     -28.836099      -0.849874      -7.872352      36.028203       1.433562
      23.150141     -28.831272      -0.851433      -7.882409      36.026191       1.436475
      23.156623     -28.826444      -0.852992      -7.892468      36.024176       1.439388
      23.163105     -28.821615      -0.854550      -7.902530      36.022157       1.442301
      23.169584     -28.816785      -0.856108      -7.912593      36.020134       1.445213
      23.176063     -28.811953      -0.857664      -7.922659      36.018108       1.448126
      23.182539     -28.807120      -0.859220      -7.932727      36.016078       1.451038
      23.189015     -28.802286      -0.860775      -7.942797      36.014044       1.453951
      23.195488     -28.797451      -0.862330      -7.952869      36.012006       1.456863
      23.201960     -28.792615      -0.863883      -7.962943      36.009965       1.459774
      23.208431     -28.787778      -0.865436      -7.973020      36.007921       1.462686
      23.214900     -28.782939      -0.866988      -7.983099      36.005872       1.465598
      23.221368     -28.778099      -0.868540      -7.993180      36.003820       1.468509
      23.227834     -28.773258      -0.870091      -8.003263      36.001764       1.471420
      23.234299     -28.768416      -0.871640      -8.013348      35.999705       1.474332
      23.240762     -28.763573      -0.873190      -8.023435      35.997642       1.477242
      23.247224     -28.758729      -0.874738      -8.033525      35.995575       1.480153
      23.253684     -28.753883      -0.876286      -8.043616      35.993505       1.483064
      23.260143     -28.749037      -0.877833      -8.053710      35.991431       1.485974
      23.266600     -28.744189      -0.879379      -8.063806      35.989353       1.488885
      23.273056     -28.739340      -0.880924      -8.073905      35.987271       1.491795
      23.279510     -28.734490      -0.882469      -8.084005      35.985186       1.494705
      23.285963     -28.729639      -0.884013      -8.094108      35.983097       1.497615
      23.292414     -28.724786      -0.885557      -8.104212      35.981004       1.500524
      23.298864     -28.719933      -0.887099      -8.114319      35.978908       1.503434
      23.305312     -28.715078      -0.888641      -8.124428      35.976808       1.506343
      23.311759     -28.710222      -0.890182      -8.134539      35.974704       1.509253
      23.318204     -28.705365      -0.891722      -8.144653      35.972597       1.512162
      23.324648     -28.700507      -0.893262      -8.154768      35.970486       1.515071
      23.331090     -28.695647      -0.894801      -8.164886      35.968371       1.517979
      23.337531     -28.690787      -0.896339      -8.175006      35.966252       1.520888
      23.343970     -28.685925      -0.897876      -8.185128      35.964130       1.523796
      23.350408     -28.681062      -0.899413      -8.195252      35.962004       1.526705
      23.356844     -28.676198      -0.900949      -8.205378      35.959874       1.529613
      23.363278     -28.671333      -0.902484      -8.215507      35.957740       1.532521
      23.369712     -28.666467      -0.904018      -8.225638      35.955603       1.535429
      23.376143     -28.661600      -0.905552      -8.235770      35.953462       1.538336
      23.382574     -28.656731      -0.907085      -8.245905      35.951318       1.541244
      23.389002     -28.651862      -0.908617      -8.256042      35.949169       1.544151
      23.395430     -28.646991      -0.910149      -8.266182      35.947017       1.547058
      23.401855     -28.642119      -0.911680      -8.276323      35.944861       1.549965
      23.408279     -28.637246      -0.913210      -8.286467      35.942702       1.552872
      23.414702     -28.632371      -0.914739      -8.296612      35.940538       1.555779
      23.421123     -28.627496      -0.916268      -8.306760      35.938371       1.558686
      23.427543     -28.622619      -0.917796      -8.316910      35.936200       1.561592
      23.433961     -28.617742      -0.919323      -8.327062      35.934026       1.564498
      23.440378     -28.612863      -0.920849      -8.337217      35.931847       1.567405
      23.446793     -28.607983      -0.922375      -8.347373      35.929665       1.570310
      23.453207     -28.603102      -0.923900      -8.357532      35.927479       1.573216
      23.459619     -28.598220      -0.925424      -8.367693      35.925290       1.576122
      23.466030     -28.593336      -0.926947      -8.377855      35.923096       1.579028
      23.472439     -28.588452      -0.928470      -8.388021      35.920899       1.581933
      23.478847     -28.583566      -0.929992      -8.398188      35.918698       1.584838
      23.485253     -28.578679      -0.931513      -8.408357      35.916494       1.587743
      23.491658     -28.573791      -0.933034      -8.418529      35.914285       1.590648
      23.498061     -28.568902      -0.934554      -8.428702      35.912073       1.593553
      23.504463     -28.564012      -0.936073      -8.438878      35.909857       1.596457
      23.510863     -28.559121      -0.937591      -8.449056      35.907637       1.599362
      23.517262     -28.554228      -0.939109      -8.459236      35.905413       1.602266
      23.523659     -28.549335      -0.940626      -8.469418      35.903186       1.605170
      23.530055     -28.544440      -0.942142      -8.479603      35.900955       1.608074
      23.536449     -28.539544      -0.943658      -8.489789      35.898720       1.610978
      23.542842     -28.534647      -0.945172      -8.499978      35.896481       1.613882
      23.549233     -28.529749      -0.946686      -8.510168      35.894239       1.616785
      23.555622     -28.524850      -0.948200      -8.520361      35.891993       1.619689
      23.562011     -28.519949      -0.949712      -8.530556      35.889742       1.622592
      23.568397     -28.515048      -0.951224      -8.540754      35.887489       1.625495
      23.574783     -28.510145      -0.952735      -8.550953      35.885231       1.628398
      23.581166     -28.505241      -0.954246      -8.561154      35.882969       1.631301
      23.587549     -28.500336      -0.955755      -8.571358      35.880704       1.634203
      23.593929     -28.495430      -0.957264      -8.581564      35.878435       1.637106
      23.600309     -28.490523      -0.958772      -8.591772      35.876162       1.640008
      23.606686     -28.485615      -0.960280      -8.601982      35.873885       1.642910
      23.613062     -28.480705      -0.961787      -8.612194      35.871605       1.645812
      23.619437     -28.475795      -0.963293      -8.622408      35.869320       1.648714
      23.625810     -28.470883      -0.964798      -8.632624      35.867032       1.651616
      23.632182     -28.465970      -0.966303      -8.642843      35.864740       1.654517
      23.638552     -28.461056      -0.967807      -8.653064      35.862444       1.657418
      23.644921     -28.456141      -0.969310      -8.663286      35.860145       1.660320
      23.651288     -28.451225      -0.970812      -8.673511      35.857841       1.663221
      23.657654     -28.446307      -0.972314      -8.683738      35.855534       1.666122
      23.664018     -28.441389      -0.973815      -8.693967      35.853223       1.669022
      23.670381     -28.436469      -0.975315      -8.704199      35.850908       1.671923
      23.676742     -28.431549      -0.976815      -8.714432      35.848589       1.674824
      23.683102     -28.426627      -0.978314      -8.724668      35.846266       1.677724
      23.689460     -28.421704      -0.979812      -8.734905      35.843940       1.680624
      23.695817     -28.416780      -0.981309      -8.745145      35.841609       1.683524
      23.702172     -28.411855      -0.982806      -8.755387      35.839275       1.686424
      23.708526     -28.406929      -0.984302      -8.765631      35.836937       1.689324
      23.714878     -28.402001      -0.985797      -8.775877      35.834595       1.692223
      23.721229     -28.397073      -0.987292      -8.786126      35.832249       1.695123
      23.727578     -28.392143      -0.988786      -8.796376      35.829900       1.698022
      23.733926     -28.387212      -0.990279      -8.806629      35.827546       1.700921
      23.740272     -28.382280      -0.991771      -8.816883      35.825189       1.703820
      23.746616     -28.377347      -0.993263      -8.827140      35.822828       1.706719
      23.752960     -28.372413      -0.994754      -8.837399      35.820463       1.709617
      23.759301     -28.367478      -0.996244      -8.847660      35.818094       1.712516
      23.765642     -28.362542      -0.997734      -8.857923      35.815721       1.715414
      23.771980     -28.357604      -0.999223      -8.868188      35.813344       1.718312
      23.778318     -28.352666      -1.000711      -8.878456      35.810964       1.721210
      23.784653     -28.347726      -1.002198      -8.888725      35.808579       1.724108
      23.790987     -28.342785      -1.003685      -8.898997      35.806191       1.727006
      23.797320     -28.337843      -1.005171      -8.909270      35.803799       1.729904
      23.803651     -28.332900      -1.006656      -8.919546      35.801403       1.732801
      23.809981     -28.327956      -1.008141      -8.929824      35.799003       1.735698
      23.816309     -28.323011      -1.009625      -8.940104      35.796599       1.738596
      23.822636     -28.318064      -1.011108      -8.950386      35.794191       1.741492
      23.828961     -28.313117      -1.012590      -8.960671      35.791779       1.744389
      23.835285     -28.308168      -1.014072      -8.970957      35.789364       1.747286
      23.841607     -28.303219      -1.015553      -8.981245      35.786944       1.750183
      23.847928     -28.298268      -1.017033      -8.991536      35.784521       1.753079
      23.854247     -28.293316      -1.018513      -9.001829      35.782094       1.755975
      23.860565     -28.288363      -1.019992      -9.012123      35.779662       1.758871
      23.866881     -28.283409      -1.021470      -9.022420      35.777227       1.761767
      23.873196     -28.278454      -1.022947      -9.032719      35.774788       1.764663
      23.879509     -28.273497      -1.024424      -9.043020      35.772345       1.767558
      23.885821     -28.268540      -1.025900      -9.053324      35.769898       1.770454
      23.892131     -28.263582      -1.027375      -9.063629      35.767448       1.773349
      23.898440     -28.258622      -1.028850      -9.073936      35.764993       1.776244
      23.904747     -28.253661      -1.030324      -9.084246      35.762534       1.779139
      23.911053     -28.248699      -1.031797      -9.094557      35.760072       1.782034
      23.917357     -28.243736      -1.033269      -9.104871      35.757605       1.784929
      23.923659     -28.238772      -1.034741      -9.115187      35.755135       1.787824
      23.929961     -28.233807      -1.036212      -9.125505      35.752661       1.790718
      23.936260     -28.228841      -1.037683      -9.135825      35.750183       1.793612
      23.942559     -28.223874      -1.039152      -9.146147      35.747700       1.796506
      23.948855     -28.218905      -1.040621      -9.156471      35.745214       1.799400
      23.955151     -28.213936      -1.042089      -9.166797      35.742724       1.802294
      23.961444     -28.208965      -1.043557      -9.177126      35.740230       1.805188
      23.967737     -28.203993      -1.045024      -9.187456      35.737732       1.808081
      23.974027     -28.199020      -1.046490      -9.197789      35.735230       1.810975
      23.980316     -28.194047      -1.047955      -9.208124      35.732724       1.813868
      23.986604     -28.189072      -1.049420      -9.218460      35.730215       1.816761
      23.992890     -28.184095      -1.050884      -9.228799      35.727701       1.819654
      23.999175     -28.179118      -1.052347      -9.239140      35.725183       1.822546
      24.005458     -28.174140      -1.053810      -9.249483      35.722661       1.825439
      24.011740     -28.169160      -1.055272      -9.259828      35.720136       1.828331
      24.018020     -28.164180      -1.056733      -9.270175      35.717606       1.831224
      24.024299     -28.159198      -1.058194      -9.280525      35.715072       1.834116
      24.030576     -28.154216      -1.059653      -9.290876      35.712535       1.837008
      24.036852     -28.149232      -1.061112      -9.301230      35.709993       1.839900
      24.043126     -28.144247      -1.062571      -9.311585      35.707448       1.842791
      24.049399     -28.139261      -1.064028      -9.321943      35.704898       1.845683
      24.055670     -28.134274      -1.065485      -9.332302      35.702345       1.848574
      24.061940     -28.129286      -1.066942      -9.342664      35.699787       1.851466
      24.068208     -28.124297      -1.068397      -9.353028      35.697226       1.854357
      24.074475     -28.119306      -1.069852      -9.363394      35.694660       1.857248
      24.080740     -28.114315      -1.071306      -9.373762      35.692091       1.860138
      24.087004     -28.109322      -1.072760      -9.384132      35.689517       1.863029
      24.093266     -28.104329      -1.074213      -9.394504      35.686940       1.865919
      24.099527     -28.099334      -1.075665      -9.404879      35.684359       1.868810
      24.105786     -28.094338      -1.077116      -9.415255      35.681773       1.871700
      24.112044     -28.089342      -1.078567      -9.425633      35.679184       1.874590
      24.118300     -28.084344      -1.080017      -9.436014      35.676590       1.877480
      24.124555     -28.079345      -1.081466      -9.446396      35.673993       1.880370
      24.130808     -28.074344      -1.082915      -9.456781      35.671391       1.883259
      24.137059     -28.069343      -1.084363      -9.467168      35.668786       1.886149
      24.143310     -28.064341      -1.085810      -9.477557      35.666176       1.889038
      24.149558     -28.059338      -1.087256      -9.487947      35.663563       1.891927
      24.155806     -28.054333      -1.088702      -9.498340      35.660945       1.894816
      24.162051     -28.049328      -1.090147      -9.508735      35.658324       1.897705
      24.168296     -28.044321      -1.091591      -9.519132      35.655698       1.900593
      24.174538     -28.039313      -1.093035      -9.529531      35.653069       1.903482
      24.180780     -28.034305      -1.094478      -9.539933      35.650435       1.906370
      24.187019     -28.029295      -1.095921      -9.550336      35.647797       1.909258
      24.193258     -28.024284      -1.097362      -9.560741      35.645156       1.912146
      24.199494     -28.019272      -1.098803      -9.571149      35.642510       1.915034
      24.205730     -28.014259      -1.100243      -9.581558      35.639860       1.917922
      24.211963     -28.009245      -1.101683      -9.591970      35.637206       1.920810
      24.218195     -28.004229      -1.103122      -9.602383      35.634548       1.923697
      24.224426     -27.999213      -1.104560      -9.612799      35.631887       1.926584
      24.230655     -27.994196      -1.105997      -9.623217      35.629221       1.929472
      24.236883     -27.989177      -1.107434      -9.633636      35.626551       1.932359
      24.243109     -27.984158      -1.108870      -9.644058      35.623877       1.935245
      24.249334     -27.979137      -1.110305      -9.654482      35.621198       1.938132
      24.255557     -27.974115      -1.111740      -9.664908      35.618516       1.941019
      24.261779     -27.969093      -1.113174      -9.675336      35.615830       1.943905
      24.267999     -27.964069      -1.114607      -9.685766      35.613140       1.946791
      24.274218     -27.959044      -1.116040      -9.696198      35.610445       1.949677
      24.280435     -27.954018      -1.117472      -9.706632      35.607747       1.952563
      24.286651     -27.948991      -1.118903      -9.717068      35.605044       1.955449
      24.292865     -27.943963      -1.120334      -9.727507      35.602338       1.958335
      24.299078     -27.938933      -1.121764      -9.737947      35.599627       1.961220
      24.305289     -27.933903      -1.123193      -9.748389      35.596912       1.964105
      24.311499     -27.928872      -1.124621      -9.758834      35.594194       1.966990
      24.317707     -27.923839      -1.126049      -9.769280      35.591471       1.969875
      24.323914     -27.918806      -1.127476      -9.779729      35.588744       1.972760
      24.330119     -27.913771      -1.128902      -9.790179      35.586013       1.975645
      24.336323     -27.908736      -1.130328      -9.800632      35.583278       1.978530
      24.342525     -27.903699      -1.131753      -9.811086      35.580538       1.981414
      24.348726     -27.898661      -1.133178      -9.821543      35.577795       1.984298
      24.354925     -27.893623      -1.134601      -9.832002      35.575047       1.987182
      24.361123     -27.888583      -1.136024      -9.842462      35.572296       1.990066
      24.367319     -27.883542      -1.137446      -9.852925      35.569540       1.992950
      24.373514     -27.878500      -1.138868      -9.863390      35.566780       1.995834
      24.379707     -27.873457      -1.140289      -9.873857      35.564017       1.998717
      24.385899     -27.868412      -1.141709      -9.884326      35.561249       2.001601
      24.392089     -27.863367      -1.143129      -9.894797      35.558477       2.004484
      24.398278     -27.858321      -1.144547      -9.905270      35.555700       2.007367
      24.404465     -27.853274      -1.145966      -9.915745      35.552920       2.010250
      24.410651     -27.848225      -1.147383      -9.926222      35.550136       2.013132
      24.416835     -27.843176      -1.148800      -9.936701      35.547347       2.016015
      24.423018     -27.838125      -1.150216      -9.947182      35.544554       2.018897
      24.429199     -27.833074      -1.151631      -9.957665      35.541757       2.021780
      24.435379     -27.828021      -1.153046      -9.968150      35.538957       2.024662
      24.441558     -27.822967      -1.154460      -9.978638      35.536151       2.027544
      24.447734     -27.817913      -1.155873      -9.989127      35.533342       2.030425
      24.453910     -27.812857      -1.157286      -9.999618      35.530529       2.033307
      24.460083     -27.807800      -1.158698     -10.010112      35.527711       2.036189
      24.466256     -27.802742      -1.160109     -10.020607      35.524890       2.039070
      24.472426     -27.797683      -1.161520     -10.031104      35.522064       2.041951
      24.478596     -27.792623      -1.162930     -10.041604      35.519234       2.044832
      24.484763     -27.787562      -1.164339     -10.052105      35.516400       2.047713
      24.490930     -27.782500      -1.165748     -10.062608      35.513562       2.050594
      24.497095     -27.777437      -1.167156     -10.073114      35.510719       2.053474
      24.503258     -27.772372      -1.168563     -10.083621      35.507873       2.056355
      24.509420     -27.767307      -1.169969     -10.094131      35.505022       2.059235
      24.515580     -27.762241      -1.171375     -10.104642      35.502167       2.062115
      24.521739     -27.757173      -1.172780     -10.115156      35.499308       2.064995
      24.527896     -27.752105      -1.174185     -10.125671      35.496445       2.067875
      24.534052     -27.747035      -1.175589     -10.136189      35.493578       2.070754
      24.540206     -27.741965      -1.176992     -10.146709      35.490706       2.073634
      24.546359     -27.736893      -1.178394     -10.157230      35.487830       2.076513
      24.552510     -27.731820      -1.179796     -10.167754      35.484951       2.079392
      24.558660     -27.726746      -1.181197     -10.178279      35.482066       2.082271
      24.564808     -27.721672      -1.182597     -10.188807      35.479178       2.085150
      24.570955     -27.716596      -1.183997     -10.199337      35.476286       2.088029
      24.577100     -27.711519      -1.185396     -10.209868      35.473389       2.090908
      24.583244     -27.706441      -1.186795     -10.220402      35.470488       2.093786
      24.589386     -27.701362      -1.188192     -10.230938      35.467583       2.096664
      24.595527     -27.696282      -1.189589     -10.241475      35.464674       2.099542
      24.601667     -27.691201      -1.190986     -10.252015      35.461761       2.102420
      24.607804     -27.686119      -1.192381     -10.262557      35.458843       2.105298
      24.613941     -27.681036      -1.193776     -10.273100      35.455921       2.108176
      24.620076     -27.675952      -1.195171     -10.283646      35.452995       2.111053
      24.626209     -27.670866      -1.196564     -10.294194      35.450065       2.113930
      24.632341     -27.665780      -1.197957     -10.304743      35.447131       2.116808
      24.638471     -27.660693      -1.199349     -10.315295      35.444192       2.119685
      24.644600     -27.655604      -1.200741     -10.325849      35.441249       2.122561
      24.650727     -27.650515      -1.202132     -10.336404      35.438302       2.125438
      24.656853     -27.645424      -1.203522     -10.346962      35.435351       2.128315
      24.662977     -27.640333      -1.204912     -10.357522      35.432395       2.131191
      24.669100     -27.635240      -1.206301     -10.368083      35.429436       2.134067
      24.675221     -27.630147      -1.207689     -10.378647      35.426472       2.136943
      24.681341     -27.625052      -1.209076     -10.389213      35.423504       2.139819
      24.687460     -27.619956      -1.210463     -10.399780      35.420531       2.142695
      24.693576     -27.614860      -1.211850     -10.410350      35.417555       2.145571
      24.699692     -27.609762      -1.213235     -10.420922      35.414574       2.148446
      24.705806     -27.604663      -1.214620     -10.431495      35.411589       2.151321
      24.711918     -27.599563      -1.216004     -10.442071      35.408599       2.154197
      24.718029     -27.594462      -1.217388     -10.452648      35.405606       2.157072
      24.724138     -27.589361      -1.218771     -10.463228      35.402608       2.159946
      24.730246     -27.584258      -1.220153     -10.473810      35.399606       2.162821
      24.736352     -27.579154      -1.221534     -10.484393      35.396599       2.165696
      24.742457     -27.574049      -1.222915     -10.494979      35.393589       2.168570
      24.748561     -27.568943      -1.224295     -10.505566      35.390574       2.171444
      24.754662     -27.563835      -1.225675     -10.516156      35.387555       2.174318
      24.760763     -27.558727      -1.227053     -10.526747      35.384531       2.177192
      24.766862     -27.553618      -1.228432     -10.537341      35.381504       2.180066
      24.772959     -27.548508      -1.229809     -10.547936      35.378472       2.182939
      24.779055     -27.543397      -1.231186     -10.558533      35.375436       2.185813
      24.785149     -27.538285      -1.232562     -10.569133      35.372395       2.188686
      24.791242     -27.533171      -1.233937     -10.579734      35.369350       2.191559
      24.797334     -27.528057      -1.235312     -10.590337      35.366301       2.194432
      24.803423     -27.522942      -1.236686     -10.600943      35.363248       2.197305
      24.809512     -27.517825      -1.238060     -10.611550      35.360190       2.200177
      24.815599     -27.512708      -1.239433     -10.622159      35.357129       2.203050
      24.821684     -27.507589      -1.240805     -10.632770      35.354062       2.205922
      24.827768     -27.502470      -1.242176     -10.643384      35.350992       2.208794
      24.833850     -27.497350      -1.243547     -10.653999      35.347917       2.211666
      24.839931     -27.492228      -1.244917     -10.664616      35.344838       2.214538
      24.846011     -27.487105      -1.246287     -10.675235      35.341755       2.217410
      24.852089     -27.481982      -1.247655     -10.685856      35.338667       2.220281
      24.858165     -27.476857      -1.249024     -10.696479      35.335576       2.223152
      24.864240     -27.471732      -1.250391     -10.707104      35.332479       2.226024
      24.870313     -27.466605      -1.251758     -10.717731      35.329379       2.228895
      24.876385     -27.461477      -1.253124     -10.728360      35.326274       2.231766
      24.882456     -27.456349      -1.254489     -10.738991      35.323165       2.234636
      24.888525     -27.451219      -1.255854     -10.749623      35.320051       2.237507
      24.894592     -27.446088      -1.257218     -10.760258      35.316934       2.240377
      24.900658     -27.440957      -1.258582     -10.770895      35.313811       2.243247
      24.906722     -27.435824      -1.259944     -10.781534      35.310685       2.246117
      24.912785     -27.430690      -1.261307     -10.792174      35.307554       2.248987
      24.918847     -27.425555      -1.262668     -10.802817      35.304419       2.251857
      24.924907     -27.420419      -1.264029     -10.813461      35.301280       2.254727
      24.930965     -27.415282      -1.265389     -10.824108      35.298136       2.257596
      24.937022     -27.410145      -1.266749     -10.834756      35.294988       2.260465
      24.943078     -27.405006      -1.268107     -10.845407      35.291836       2.263334
      24.949132     -27.399866      -1.269465     -10.856059      35.288679       2.266203
      24.955184     -27.394725      -1.270823     -10.866713      35.285518       2.269072
      24.961235     -27.389583      -1.272180     -10.877369      35.282352       2.271941
      24.967284     -27.384440      -1.273536     -10.888028      35.279183       2.274809
      24.973332     -27.379296      -1.274891     -10.898688      35.276009       2.277677
      24.979379     -27.374151      -1.276246     -10.909350      35.272830       2.280546
      24.985424     -27.369005      -1.277600     -10.920014      35.269647       2.283414
      24.991467     -27.363858      -1.278954     -10.930680      35.266460       2.286281
      24.997509     -27.358710      -1.280307     -10.941347      35.263269       2.289149
      25.003550     -27.353561      -1.281659     -10.952017      35.260073       2.292017
      25.009589     -27.348410      -1.283011     -10.962689      35.256872       2.294884
      25.015626     -27.343259      -1.284361     -10.973363      35.253668       2.297751
      25.021662     -27.338107      -1.285712     -10.984038      35.250459       2.300618
      25.027697     -27.332954      -1.287061     -10.994716      35.247245       2.303485
      25.033730     -27.327800      -1.288410     -11.005395      35.244028       2.306351
      25.039761     -27.322645      -1.289758     -11.016077      35.240805       2.309218
      25.045791     -27.317489      -1.291106     -11.026760      35.237579       2.312084
      25.051820     -27.312332      -1.292453     -11.037445      35.234348       2.314951
      25.057847     -27.307173      -1.293799     -11.048132      35.231113       2.317817
      25.063872     -27.302014      -1.295145     -11.058821      35.227873       2.320682
      25.069896     -27.296854      -1.296490     -11.069512      35.224629       2.323548
      25.075919     -27.291693      -1.297834     -11.080205      35.221381       2.326414
      25.081940     -27.286530      -1.299178     -11.090900      35.218128       2.329279
      25.087959     -27.281367      -1.300521     -11.101597      35.214870       2.332144
      25.093978     -27.276203      -1.301863     -11.112296      35.211609       2.335009
      25.099994     -27.271038      -1.303204     -11.122996      35.208343       2.337874
      25.106009     -27.265872      -1.304545     -11.133699      35.205072       2.340739
      25.112023     -27.260704      -1.305886     -11.144403      35.201797       2.343603
      25.118035     -27.255536      -1.307226     -11.155110      35.198518       2.346468
      25.124045     -27.250367      -1.308565     -11.165818      35.195234       2.349332
      25.130054     -27.245196      -1.309903     -11.176528      35.191946       2.352196
      25.136062     -27.240025      -1.311241     -11.187240      35.188654       2.355060
      25.142068     -27.234853      -1.312578     -11.197954      35.185357       2.357924
      25.148073     -27.229680      -1.313914     -11.208670      35.182056       2.360787
      25.154076     -27.224505      -1.315250     -11.219388      35.178750       2.363650
      25.160077     -27.219330      -1.316585     -11.230108      35.175440       2.366514
      25.166077     -27.214154      -1.317919     -11.240829      35.172125       2.369377
      25.172076     -27.208976      -1.319253     -11.251553      35.168806       2.372240
      25.178073     -27.203798      -1.320586     -11.262278      35.165482       2.375102
      25.184069     -27.198619      -1.321919     -11.273006      35.162154       2.377965
      25.190063     -27.193439      -1.323251     -11.283735      35.158822       2.380827
      25.196055     -27.188257      -1.324582     -11.294466      35.155485       2.383689
      25.202047     -27.183075      -1.325912     -11.305199      35.152144       2.386552
      25.208036     -27.177892      -1.327242     -11.315934      35.148798       2.389413
      25.214024     -27.172707      -1.328572     -11.326671      35.145448       2.392275
      25.220011     -27.167522      -1.329900     -11.337410      35.142093       2.395137
      25.225996     -27.162336      -1.331228     -11.348150      35.138734       2.397998
      25.231980     -27.157149      -1.332555     -11.358893      35.135371       2.400859
      25.237962     -27.151960      -1.333882     -11.369637      35.132003       2.403720
      25.243942     -27.146771      -1.335208     -11.380384      35.128630       2.406581
      25.249922     -27.141581      -1.336533     -11.391132      35.125253       2.409442
      25.255899     -27.136390      -1.337858     -11.401882      35.121872       2.412302
      25.261875     -27.131197      -1.339182     -11.412634      35.118486       2.415163
      25.267850     -27.126004      -1.340505     -11.423388      35.115096       2.418023
      25.273823     -27.120810      -1.341828     -11.434144      35.111701       2.420883
      25.279795     -27.115615      -1.343150     -11.444901      35.108301       2.423743
      25.285765     -27.110418      -1.344471     -11.455661      35.104898       2.426603
      25.291734     -27.105221      -1.345792     -11.466422      35.101489       2.429462
      25.297701     -27.100023      -1.347112     -11.477185      35.098076       2.432321
      25.303667     -27.094824      -1.348432     -11.487950      35.094659       2.435181
      25.309631     -27.089623      -1.349751     -11.498717      35.091237       2.438040
      25.315594     -27.084422      -1.351069     -11.509486      35.087811       2.440899
      25.321555     -27.079220      -1.352386     -11.520257      35.084380       2.443757
      25.327515     -27.074017      -1.353703     -11.531030      35.080945       2.446616
      25.333473     -27.068813      -1.355019     -11.541804      35.077505       2.449474
      25.339430     -27.063608      -1.356335     -11.552581      35.074061       2.452332
      25.345385     -27.058402      -1.357650     -11.563359      35.070612       2.455190
      25.351339     -27.053194      -1.358964     -11.574139      35.067159       2.458048
      25.357291     -27.047986      -1.360278     -11.584921      35.063701       2.460906
      25.363242     -27.042777      -1.361591     -11.595705      35.060239       2.463763
      25.369191     -27.037567      -1.362903     -11.606491      35.056772       2.466620
      25.375139     -27.032356      -1.364215     -11.617278      35.053301       2.469478
      25.381085     -27.027144      -1.365526     -11.628068      35.049825       2.472335
      25.387030     -27.021931      -1.366836     -11.638859      35.046345       2.475191
      25.392973     -27.016717      -1.368146     -11.649652      35.042860       2.478048
      25.398915     -27.011502      -1.369455     -11.660447      35.039370       2.480904
      25.404855     -27.006286      -1.370764     -11.671244      35.035876       2.483761
      25.410794     -27.001069      -1.372072     -11.682043      35.032378       2.486617
      25.416731     -26.995851      -1.373379     -11.692843      35.028875       2.489473
      25.422667     -26.990632      -1.374685     -11.703646      35.025367       2.492328
      25.428601     -26.985412      -1.375991     -11.714450      35.021855       2.495184
      25.434534     -26.980191      -1.377297     -11.725256      35.018338       2.498039
      25.440465     -26.974970      -1.378601     -11.736064      35.014817       2.500895
      25.446395     -26.969747      -1.379905     -11.746874      35.011291       2.503750
      25.452324     -26.964523      -1.381208     -11.757685      35.007761       2.506605
      25.458251     -26.959298      -1.382511     -11.768499      35.004226       2.509459
      25.464176     -26.954072      -1.383813     -11.779314      35.000687       2.512314
      25.470100     -26.948846      -1.385115     -11.790132      34.997143       2.515168
      25.476022     -26.943618      -1.386415     -11.800951      34.993594       2.518022
      25.481943     -26.938389      -1.387716     -11.811771      34.990041       2.520876
      25.487862     -26.933159      -1.389015     -11.822594      34.986483       2.523730
      25.493780     -26.927929      -1.390314     -11.833419      34.982921       2.526584
      25.499697     -26.922697      -1.391612     -11.844245      34.979354       2.529437
      25.505612     -26.917464      -1.392910     -11.855073      34.975783       2.532291
      25.511525     -26.912231      -1.394207     -11.865903      34.972207       2.535144
      25.517437     -26.906996      -1.395503     -11.876735      34.968626       2.537997
      25.523347     -26.901761      -1.396798     -11.887569      34.965041       2.540849
      25.529256     -26.896524      -1.398093     -11.898405      34.961451       2.543702
      25.535164     -26.891287      -1.399388     -11.909242      34.957857       2.546554
      25.541070     -26.886048      -1.400681     -11.920081      34.954258       2.549407
      25.546974     -26.880809      -1.401975     -11.930922      34.950654       2.552259
      25.552877     -26.875568      -1.403267     -11.941765      34.947046       2.555111
      25.558778     -26.870327      -1.404559     -11.952610      34.943433       2.557962
      25.564678     -26.865085      -1.405850     -11.963456      34.939816       2.560814
      25.570577     -26.859841      -1.407141     -11.974304      34.936194       2.563665
      25.576474     -26.854597      -1.408430     -11.985155      34.932568       2.566516
      25.582369     -26.849352      -1.409720     -11.996006      34.928936       2.569367
      25.588263     -26.844106      -1.411008     -12.006860      34.925301       2.572218
      25.594156     -26.838859      -1.412296     -12.017716      34.921660       2.575069
      25.600047     -26.833610      -1.413584     -12.028573      34.918015       2.577919
      25.605936     -26.828361      -1.414870     -12.039432      34.914366       2.580770
      25.611824     -26.823111      -1.416156     -12.050293      34.910711       2.583620
      25.617711     -26.817860      -1.417442     -12.061156      34.907052       2.586470
      25.623596     -26.812608      -1.418727     -12.072021      34.903389       2.589319
      25.629479     -26.807355      -1.420011     -12.082887      34.899721       2.592169
      25.635362     -26.802101      -1.421294     -12.093755      34.896048       2.595018
      25.641242     -26.796846      -1.422577     -12.104625      34.892371       2.597867
      25.647121     -26.791590      -1.423859     -12.115497      34.888689       2.600716
      25.652999     -26.786333      -1.425141     -12.126371      34.885002       2.603565
      25.658875     -26.781076      -1.426422     -12.137246      34.881310       2.606414
      25.664749     -26.775817      -1.427702     -12.148123      34.877614       2.609262
      25.670623     -26.770557      -1.428982     -12.159002      34.873914       2.612111
      25.676494     -26.765296      -1.430261     -12.169883      34.870209       2.614959
      25.682364     -26.760035      -1.431539     -12.180766      34.866499       2.617807
      25.688233     -26.754772      -1.432817     -12.191650      34.862784       2.620654
      25.694100     -26.749509      -1.434094     -12.202536      34.859065       2.623502
      25.699966     -26.744244      -1.435371     -12.213424      34.855341       2.626349
      25.705830     -26.738978      -1.436647     -12.224314      34.851612       2.629196
      25.711692     -26.733712      -1.437922     -12.235206      34.847879       2.632043
      25.717554     -26.728445      -1.439197     -12.246099      34.844141       2.634890
      25.723413     -26.723176      -1.440471     -12.256994      34.840398       2.637737
      25.729271     -26.717907      -1.441744     -12.267891      34.836651       2.640583
      25.735128     -26.712637      -1.443017     -12.278790      34.832899       2.643430
      25.740983     -26.707365      -1.444289     -12.289690      34.829143       2.646276
      25.746837     -26.702093      -1.445561     -12.300592      34.825381       2.649121
      25.752689     -26.696820      -1.446831     -12.311496      34.821615       2.651967
      25.758540     -26.691546      -1.448102     -12.322402      34.817845       2.654813
      25.764389     -26.686271      -1.449371     -12.333310      34.814069       2.657658
      25.770237     -26.680995      -1.450640     -12.344219      34.810289       2.660503
      25.776083     -26.675718      -1.451908     -12.355130      34.806504       2.663348
      25.781928     -26.670440      -1.453176     -12.366043      34.802715       2.666193
      25.787771     -26.665161      -1.454443     -12.376958      34.798921       2.669037
      25.793613     -26.659881      -1.455710     -12.387874      34.795122       2.671882
      25.799453     -26.654600      -1.456976     -12.398792      34.791318       2.674726
      25.805292     -26.649319      -1.458241     -12.409712      34.787510       2.677570
      25.811129     -26.644036      -1.459505     -12.420634      34.783697       2.680414
      25.816965     -26.638752      -1.460769     -12.431557      34.779879       2.683258
      25.822799     -26.633468      -1.462032     -12.442482      34.776057       2.686101
      25.828632     -26.628182      -1.463295     -12.453409      34.772230       2.688944
      25.834463     -26.622896      -1.464557     -12.464338      34.768398       2.691787
      25.840293     -26.617608      -1.465819     -12.475268      34.764561       2.694630
      25.846122     -26.612320      -1.467079     -12.486201      34.760720       2.697473
      25.851948     -26.607030      -1.468339     -12.497135      34.756874       2.700315
      25.857774     -26.601740      -1.469599     -12.508070      34.753023       2.703158
      25.863598     -26.596449      -1.470858     -12.519008      34.749168       2.706000
      25.869420     -26.591157      -1.472116     -12.529947      34.745307       2.708842
      25.875241     -26.585863      -1.473374     -12.540888      34.741442       2.711684
      25.881060     -26.580569      -1.474631     -12.551831      34.737573       2.714525
      25.886878     -26.575274      -1.475887     -12.562775      34.733698       2.717367
      25.892695     -26.569978      -1.477143     -12.573721      34.729819       2.720208
      25.898510     -26.564681      -1.478398     -12.584669      34.725935       2.723049
      25.904323     -26.559384      -1.479653     -12.595619      34.722046       2.725889
      25.910135     -26.554085      -1.480906     -12.606570      34.718153       2.728730
      25.915945     -26.548785      -1.482160     -12.617523      34.714254       2.731570
      25.921754     -26.543484      -1.483412     -12.628478      34.710351       2.734411
      25.927562     -26.538183      -1.484664     -12.639435      34.706444       2.737251
      25.933368     -26.532880      -1.485916     -12.650393      34.702531       2.740091
      25.939172     -26.527577      -1.487167     -12.661353      34.698614       2.742930
      25.944975     -26.522272      -1.488417     -12.672315      34.694692       2.745770
      25.950777     -26.516967      -1.489666     -12.683278      34.690765       2.748609
      25.956577     -26.511660      -1.490915     -12.694244      34.686833       2.751448
      25.962375     -26.506353      -1.492163     -12.705211      34.682897       2.754287
      25.968172     -26.501045      -1.493411     -12.716179      34.678955       2.757125
      25.973968     -26.495736      -1.494658     -12.727150      34.675009       2.759964
      25.979762     -26.490426      -1.495904     -12.738122      34.671059       2.762802
      25.985555     -26.485115      -1.497150     -12.749095      34.667103       2.765640
      25.991346     -26.479803      -1.498395     -12.760071      34.663143       2.768478
      25.997135     -26.474490      -1.499640     -12.771048      34.659178       2.771316
      26.002923     -26.469176      -1.500884     -12.782027      34.655208       2.774153
      26.008710     -26.463861      -1.502127     -12.793008      34.651233       2.776991
      26.014495     -26.458545      -1.503370     -12.803990      34.647253       2.779828
      26.020279     -26.453229      -1.504612     -12.814974      34.643269       2.782665
      26.026061     -26.447911      -1.505853     -12.825960      34.639280       2.785501
      26.031841     -26.442593      -1.507094     -12.836947      34.635286       2.788338
      26.037621     -26.437273      -1.508334     -12.847937      34.631287       2.791174
      26.043398     -26.431953      -1.509574     -12.858927      34.627284       2.794010
      26.049174     -26.426631      -1.510813     -12.869920      34.623275       2.796846
      26.054949     -26.421309      -1.512051     -12.880914      34.619262       2.799682
      26.060722     -26.415986      -1.513289     -12.891910      34.615244       2.802517
      26.066494     -26.410662      -1.514526     -12.902908      34.611221       2.805353
      26.072264     -26.405337      -1.515762     -12.913907      34.607193       2.808188
      26.078033     -26.400011      -1.516998     -12.924908      34.603161       2.811023
      26.083800     -26.394684      -1.518233     -12.935911      34.599123       2.813857
      26.089566     -26.389356      -1.519468     -12.946915      34.595081       2.816692
      26.095330     -26.384027      -1.520702     -12.957922      34.591034       2.819526
      26.101093     -26.378698      -1.521935     -12.968929      34.586982       2.822360
      26.106854     -26.373367      -1.523168     -12.979939      34.582925       2.825194
      26.112614     -26.368035      -1.524400     -12.990950      34.578864       2.828028
      26.118372     -26.362703      -1.525632     -13.001963      34.574797       2.830861
      26.124129     -26.357370      -1.526862     -13.012977      34.570726       2.833695
      26.129885     -26.352035      -1.528093     -13.023993      34.566650       2.836528
      26.135638     -26.346700      -1.529322     -13.035011      34.562569       2.839361
      26.141391     -26.341364      -1.530551     -13.046031      34.558483       2.842193
      26.147142     -26.336027      -1.531780     -13.057052      34.554392       2.845026
      26.152891     -26.330689      -1.533008     -13.068075      34.550297       2.847858
      26.158639     -26.325350      -1.534235     -13.079099      34.546196       2.850690
      26.164385     -26.320010      -1.535461     -13.090126      34.542091       2.853522
      26.170130     -26.314669      -1.536687     -13.101154      34.537981       2.856354
      26.175874     -26.309327      -1.537913     -13.112183      34.533865       2.859185
      26.181616     -26.303984      -1.539137     -13.123214      34.529745       2.862016
      26.187356     -26.298641      -1.540362     -13.134247      34.525621       2.864847
      26.193095     -26.293296      -1.541585     -13.145282      34.521491       2.867678
      26.198832     -26.287951      -1.542808     -13.156318      34.517356       2.870509
      26.204568     -26.282605      -1.544030     -13.167356      34.513217       2.873339
      26.210303     -26.277257      -1.545252     -13.178395      34.509072       2.876169
      26.216036     -26.271909      -1.546473     -13.189436      34.504923       2.878999
      26.221767     -26.266560      -1.547693     -13.200479      34.500769       2.881829
      26.227498     -26.261210      -1.548913     -13.211523      34.496610       2.884659
      26.233226     -26.255859      -1.550132     -13.222569      34.492446       2.887488
      26.238953     -26.250507      -1.551351     -13.233617      34.488277       2.890317
      26.244679     -26.245154      -1.552569     -13.244666      34.484103       2.893146
      26.250403     -26.239801      -1.553786     -13.255717      34.479924       2.895975
      26.256125     -26.234446      -1.555003     -13.266770      34.475741       2.898804
      26.261846     -26.229090      -1.556219     -13.277824      34.471552       2.901632
      26.267566     -26.223734      -1.557435     -13.288880      34.467359       2.904460
      26.273284     -26.218377      -1.558650     -13.299938      34.463160       2.907288
      26.279001     -26.213018      -1.559864     -13.310997      34.458957       2.910116
      26.284716     -26.207659      -1.561077     -13.322058      34.454749       2.912943
      26.290430     -26.202299      -1.562291     -13.333120      34.450536       2.915771
      26.296142     -26.196938      -1.563503     -13.344184      34.446318       2.918598
      26.301852     -26.191576      -1.564715     -13.355250      34.442094       2.921424
      26.307562     -26.186213      -1.565926     -13.366317      34.437867       2.924251
      26.313269     -26.180849      -1.567137     -13.377386      34.433634       2.927078
      26.318976     -26.175485      -1.568347     -13.388457      34.429396       2.929904
      26.324680     -26.170119      -1.569556     -13.399529      34.425153       2.932730
      26.330384     -26.164753      -1.570765     -13.410603      34.420905       2.935556
      26.336085     -26.159385      -1.571973     -13.421678      34.416653       2.938381
      26.341786     -26.154017      -1.573181     -13.432755      34.412395       2.941207
      26.347484     -26.148648      -1.574388     -13.443834      34.408132       2.944032
      26.353182     -26.143277      -1.575594     -13.454914      34.403865       2.946857
      26.358878     -26.137906      -1.576800     -13.465996      34.399592       2.949681
      26.364572     -26.132534      -1.578005     -13.477079      34.395315       2.952506
      26.370265     -26.127161      -1.579209     -13.488164      34.391032       2.955330
      26.375956     -26.121788      -1.580413     -13.499251      34.386745       2.958154
      26.381646     -26.116413      -1.581617     -13.510339      34.382453       2.960978
      26.387334     -26.111037      -1.582819     -13.521429      34.378155       2.963802
      26.393021     -26.105661      -1.584021     -13.532520      34.373853       2.966625
      26.398707     -26.100283      -1.585223     -13.543613      34.369546       2.969448
      26.404391     -26.094905      -1.586424     -13.554708      34.365233       2.972271
      26.410073     -26.089526      -1.587624     -13.565804      34.360916       2.975094
      26.415754     -26.084146      -1.588824     -13.576902      34.356594       2.977917
      26.421433     -26.078765      -1.590023     -13.588002      34.352267       2.980739
      26.427111     -26.073383      -1.591221     -13.599103      34.347934       2.983561
      26.432788     -26.068000      -1.592419     -13.610205      34.343597       2.986383
      26.438463     -26.062616      -1.593616     -13.621309      34.339255       2.989205
      26.444136     -26.057232      -1.594813     -13.632415      34.334908       2.992026
      26.449808     -26.051846      -1.596009     -13.643522      34.330556       2.994847
      26.455479     -26.046459      -1.597204     -13.654631      34.326198       2.997668
      26.461148     -26.041072      -1.598399     -13.665742      34.321836       3.000489
      26.466816     -26.035684      -1.599593     -13.676854      34.317469       3.003310
      26.472482     -26.030295      -1.600787     -13.687967      34.313097       3.006130
      26.478146     -26.024905      -1.601980     -13.699083      34.308719       3.008950
      26.483809     -26.019514      -1.603172     -13.710199      34.304337       3.011770
      26.489471     -26.014122      -1.604364     -13.721318      34.299950       3.014590
      26.495131     -26.008729      -1.605555     -13.732438      34.295557       3.017409
      26.500790     -26.003335      -1.606746     -13.743559      34.291160       3.020229
      26.506447     -25.997941      -1.607936     -13.754682      34.286758       3.023048
      26.512103     -25.992545      -1.609125     -13.765807      34.282350       3.025866
      26.517757     -25.987149      -1.610314     -13.776933      34.277938       3.028685
      26.523410     -25.981752      -1.611502     -13.788061      34.273520       3.031503
      26.529061     -25.976354      -1.612690     -13.799190      34.269098       3.034321
      26.534711     -25.970955      -1.613877     -13.810321      34.264670       3.037139
      26.540359     -25.965555      -1.615063     -13.821453      34.260238       3.039957
      26.546006     -25.960154      -1.616249     -13.832587      34.255800       3.042774
      26.551651     -25.954752      -1.617434     -13.843722      34.251357       3.045591
      26.557295     -25.949349      -1.618618     -13.854859      34.246910       3.048408
      26.562937     -25.943946      -1.619802     -13.865998      34.242457       3.051225
      26.568578     -25.938541      -1.620986     -13.877138      34.237999       3.054042
      26.574217     -25.933136      -1.622168     -13.888280      34.233536       3.056858
      26.579855     -25.927730      -1.623350     -13.899423      34.229068       3.059674
      26.585492     -25.922323      -1.624532     -13.910568      34.224595       3.062490
      26.591126     -25.916915      -1.625713     -13.921714      34.220117       3.065306
      26.596760     -25.911506      -1.626893     -13.932862      34.215634       3.068121
      26.602392     -25.906096      -1.628073     -13.944011      34.211145       3.070936
      26.608022     -25.900686      -1.629252     -13.955162      34.206652       3.073751
      26.613651     -25.895274      -1.630431     -13.966314      34.202154       3.076566
      26.619279     -25.889862      -1.631609     -13.977468      34.197650       3.079380
      26.624905     -25.884448      -1.632786     -13.988623      34.193142       3.082194
      26.630529     -25.879034      -1.633963     -13.999780      34.188628       3.085008
      26.636152     -25.873619      -1.635139     -14.010939      34.184109       3.087822
      26.641774     -25.868203      -1.636314     -14.022099      34.179585       3.090636
      26.647394     -25.862786      -1.637489     -14.033260      34.175056       3.093449
      26.653012     -25.857368      -1.638663     -14.044423      34.170522       3.096262
      26.658629     -25.851950      -1.639837     -14.055588      34.165983       3.099075
      26.664245     -25.846530      -1.641010     -14.066754      34.161439       3.101887
      26.669859     -25.841110      -1.642183     -14.077921      34.156890       3.104700
      26.675472     -25.835688      -1.643355     -14.089090      34.152335       3.107512
      26.681083     -25.830266      -1.644526     -14.100261      34.147776       3.110324
      26.686693     -25.824843      -1.645697     -14.111433      34.143211       3.113135
      26.692301     -25.819419      -1.646867     -14.122606      34.138641       3.115947
      26.697908     -25.813994      -1.648037     -14.133781      34.134066       3.118758
      26.703513     -25.808568      -1.649205     -14.144958      34.129486       3.121569
      26.709117     -25.803142      -1.650374     -14.156136      34.124901       3.124380
      26.714719     -25.797714      -1.651542     -14.167315      34.120311       3.127190
      26.720320     -25.792286      -1.652709     -14.178496      34.115715       3.130000
      26.725919     -25.786857      -1.653875     -14.189679      34.111115       3.132810
      26.731517     -25.781426      -1.655041     -14.200863      34.106509       3.135620
      26.737113     -25.775995      -1.656207     -14.212048      34.101899       3.138429
      26.742708     -25.770564      -1.657371     -14.223235      34.097283       3.141239
      26.748301     -25.765131      -1.658535     -14.234423      34.092662       3.144048
      26.753893     -25.759697      -1.659699     -14.245613      34.088035       3.146857
      26.759483     -25.754263      -1.660862     -14.256805      34.083404       3.149665
      26.765072     -25.748827      -1.662024     -14.267998      34.078767       3.152473
      26.770660     -25.743391      -1.663186     -14.279192      34.074126       3.155281
      26.776246     -25.737954      -1.664347     -14.290388      34.069479       3.158089
      26.781830     -25.732516      -1.665508     -14.301585      34.064827       3.160897
      26.787413     -25.727077      -1.666668     -14.312784      34.060170       3.163704
      26.792995     -25.721637      -1.667827     -14.323984      34.055508       3.166511
      26.798575     -25.716196      -1.668986     -14.335186      34.050840       3.169318
      26.804153     -25.710755      -1.670144     -14.346389      34.046168       3.172125
      26.809730     -25.705312      -1.671302     -14.357593      34.041490       3.174931
      26.815306     -25.699869      -1.672459     -14.368799      34.036807       3.177737
      26.820880     -25.694425      -1.673616     -14.380007      34.032119       3.180543
      26.826452     -25.688979      -1.674771     -14.391216      34.027425       3.183349
      26.832023     -25.683534      -1.675927     -14.402426      34.022727       3.186154
      26.837593     -25.678087      -1.677081     -14.413638      34.018023       3.188959
      26.843161     -25.672639      -1.678235     -14.424851      34.013314       3.191764
      26.848728     -25.667190      -1.679389     -14.436066      34.008600       3.194569
      26.854293     -25.661741      -1.680542     -14.447282      34.003881       3.197373
      26.859857     -25.656291      -1.681694     -14.458500      33.999157       3.200177
      26.865419     -25.650840      -1.682846     -14.469719      33.994427       3.202981
      26.870980     -25.645388      -1.683997     -14.480939      33.989692       3.205785
      26.876539     -25.639935      -1.685147     -14.492161      33.984952       3.208588
      26.882097     -25.634481      -1.686297     -14.503384      33.980207       3.211391
      26.887653     -25.629026      -1.687447     -14.514609      33.975457       3.214194
      26.893208     -25.623571      -1.688595     -14.525835      33.970701       3.216997
      26.898761     -25.618114      -1.689743     -14.537063      33.965940       3.219799
      26.904313     -25.612657      -1.690891     -14.548292      33.961174       3.222601
      26.909863     -25.607199      -1.692038     -14.559523      33.956403       3.225403
      26.915412     -25.601740      -1.693184     -14.570754      33.951626       3.228205
      26.920960     -25.596280      -1.694330     -14.581988      33.946845       3.231006
      26.926506     -25.590819      -1.695475     -14.593223      33.942058       3.233807
      26.932050     -25.585358      -1.696620     -14.604459      33.937265       3.236608
      26.937593     -25.579895      -1.697764     -14.615696      33.932468       3.239409
      26.943135     -25.574432      -1.698907     -14.626935      33.927665       3.242209
      26.948675     -25.568968      -1.700050     -14.638176      33.922857       3.245009
      26.954213     -25.563503      -1.701192     -14.649417      33.918044       3.247809
      26.959750     -25.558037      -1.702334     -14.660661      33.913226       3.250609
      26.965286     -25.552570      -1.703475     -14.671905      33.908402       3.253408
      26.970820     -25.547102      -1.704616     -14.683151      33.903574       3.256207
      26.976352     -25.541634      -1.705756     -14.694399      33.898740       3.259006
      26.981883     -25.536164      -1.706895     -14.705647      33.893900       3.261805
      26.987413     -25.530694      -1.708034     -14.716897      33.889056       3.264603
      26.992941     -25.525223      -1.709172     -14.728149      33.884206       3.267401
      26.998468     -25.519751      -1.710309     -14.739402      33.879351       3.270199
      27.003993     -25.514278      -1.711446     -14.750656      33.874490       3.272996
      27.009517     -25.508804      -1.712583     -14.761912      33.869625       3.275794
      27.015039     -25.503330      -1.713718     -14.773169      33.864754       3.278591
      27.020560     -25.497854      -1.714853     -14.784428      33.859878       3.281388
      27.026079     -25.492378      -1.715988     -14.795688      33.854996       3.284184
      27.031597     -25.486901      -1.717122     -14.806949      33.850110       3.286980
      27.037113     -25.481423      -1.718256     -14.818211      33.845218       3.289776
      27.042628     -25.475944      -1.719388     -14.829475      33.840320       3.292572
      27.048141     -25.470465      -1.720521     -14.840741      33.835418       3.295367
      27.053653     -25.464984      -1.721652     -14.852007      33.830510       3.298163
      27.059164     -25.459503      -1.722783     -14.863276      33.825597       3.300958
      27.064673     -25.454020      -1.723914     -14.874545      33.820678       3.303752
      27.070180     -25.448537      -1.725044     -14.885816      33.815755       3.306547
      27.075686     -25.443053      -1.726173     -14.897088      33.810826       3.309341
      27.081190     -25.437568      -1.727302     -14.908362      33.805891       3.312135
      27.086693     -25.432083      -1.728430     -14.919636      33.800952       3.314928
      27.092195     -25.426596      -1.729558     -14.930913      33.796007       3.317722
      27.097695     -25.421109      -1.730685     -14.942190      33.791057       3.320515
      27.103194     -25.415620      -1.731811     -14.953469      33.786101       3.323308
      27.108691     -25.410131      -1.732937     -14.964749      33.781141       3.326100
      27.114186     -25.404641      -1.734062     -14.976031      33.776174       3.328892
      27.119680     -25.399150      -1.735187     -14.987314      33.771203       3.331684
      27.125173     -25.393659      -1.736311     -14.998598      33.766226       3.334476
      27.130664     -25.388166      -1.737434     -15.009884      33.761244       3.337268
      27.136154     -25.382673      -1.738557     -15.021171      33.756257       3.340059
      27.141642     -25.377179      -1.739680     -15.032459      33.751264       3.342850
      27.147129     -25.371684      -1.740801     -15.043749      33.746266       3.345640
      27.152614     -25.366188      -1.741922     -15.055040      33.741263       3.348431
      27.158098     -25.360691      -1.743043     -15.066332      33.736254       3.351221
      27.163580     -25.355193      -1.744163     -15.077626      33.731240       3.354011
      27.169061     -25.349695      -1.745282     -15.088921      33.726220       3.356800
      27.174540     -25.344196      -1.746401     -15.100217      33.721196       3.359590
      27.180018     -25.338695      -1.747519     -15.111515      33.716166       3.362379
      27.185495     -25.333194      -1.748637     -15.122814      33.711130       3.365167
      27.190969     -25.327692      -1.749754     -15.134114      33.706089       3.367956
      27.196443     -25.322190      -1.750871     -15.145415      33.701043       3.370744
      27.201915     -25.316686      -1.751987     -15.156718      33.695992       3.373532
      27.207385     -25.311182      -1.753102     -15.168022      33.690935       3.376320
      27.212854     -25.305677      -1.754217     -15.179328      33.685873       3.379107
      27.218322     -25.300170      -1.755331     -15.190634      33.680805       3.381894
      27.223788     -25.294664      -1.756444     -15.201942      33.675732       3.384681
      27.229252     -25.289156      -1.757558     -15.213252      33.670654       3.387468
      27.234715     -25.283647      -1.758670     -15.224562      33.665570       3.390254
      27.240177     -25.278138      -1.759782     -15.235874      33.660481       3.393040
      27.245637     -25.272627      -1.760893     -15.247188      33.655387       3.395826
      27.251096     -25.267116      -1.762004     -15.258502      33.650287       3.398611
      27.256553     -25.261604      -1.763114     -15.269818      33.645182       3.401396
      27.262009     -25.256091      -1.764223     -15.281135      33.640071       3.404181
      27.267463     -25.250578      -1.765332     -15.292453      33.634956       3.406966
      27.272916     -25.245063      -1.766441     -15.303773      33.629834       3.409750
      27.278367     -25.239548      -1.767549     -15.315094      33.624708       3.412534
      27.283817     -25.234032      -1.768656     -15.326416      33.619575       3.415318
      27.289265     -25.228515      -1.769762     -15.337740      33.614438       3.418101
      27.294712     -25.222997      -1.770869     -15.349064      33.609295       3.420884
      27.300157     -25.217478      -1.771974     -15.360390      33.604147       3.423667
      27.305601     -25.211958      -1.773079     -15.371718      33.598993       3.426450
      27.311043     -25.206438      -1.774183     -15.383046      33.593834       3.429232
      27.316484     -25.200917      -1.775287     -15.394376      33.588669       3.432014
      27.321924     -25.195395      -1.776390     -15.405707      33.583499       3.434796
      27.327362     -25.189872      -1.777493     -15.417039      33.578324       3.437577
      27.332798     -25.184348      -1.778595     -15.428373      33.573143       3.440359
      27.338233     -25.178823      -1.779696     -15.439708      33.567957       3.443140
      27.343667     -25.173298      -1.780797     -15.451044      33.562766       3.445920
      27.349099     -25.167772      -1.781897     -15.462381      33.557569       3.448701
      27.354529     -25.162245      -1.782997     -15.473719      33.552366       3.451481
      27.359958     -25.156717      -1.784096     -15.485059      33.547158       3.454260
      27.365386     -25.151188      -1.785195     -15.496400      33.541945       3.457040
      27.370812     -25.145658      -1.786293     -15.507743      33.536726       3.459819
      27.376237     -25.140128      -1.787390     -15.519086      33.531502       3.462598
      27.381660     -25.134597      -1.788487     -15.530431      33.526272       3.465376
      27.387082     -25.129065      -1.789583     -15.541777      33.521037       3.468155
      27.392502     -25.123532      -1.790679     -15.553124      33.515797       3.470933
      27.397921     -25.117998      -1.791774     -15.564472      33.510551       3.473710
      27.403338     -25.112463      -1.792869     -15.575822      33.505300       3.476488
      27.408754     -25.106928      -1.793963     -15.587173      33.500043       3.479265
      27.414168     -25.101392      -1.795056     -15.598525      33.494780       3.482042
      27.419581     -25.095855      -1.796149     -15.609878      33.489513       3.484818
      27.424993     -25.090317      -1.797241     -15.621233      33.484239       3.487595
      27.430403     -25.084778      -1.798333     -15.632589      33.478961       3.490371
      27.435811     -25.079238      -1.799424     -15.643946      33.473677       3.493146
      27.441218     -25.073698      -1.800514     -15.655304      33.468387       3.495922
      27.446623     -25.068157      -1.801604     -15.666663      33.463092       3.498697
      27.452027     -25.062615      -1.802694     -15.678024      33.457791       3.501471
      27.457430     -25.057072      -1.803782     -15.689385      33.452485       3.504246
      27.462831     -25.051528      -1.804871     -15.700748      33.447174       3.507020
      27.468231     -25.045983      -1.805958     -15.712112      33.441857       3.509794
      27.473629     -25.040438      -1.807045     -15.723478      33.436534       3.512568
      27.479025     -25.034892      -1.808132     -15.734844      33.431206       3.515341
      27.484421     -25.029345      -1.809218     -15.746212      33.425873       3.518114
      27.489814     -25.023797      -1.810303     -15.757581      33.420534       3.520886
      27.495207     -25.018248      -1.811388     -15.768951      33.415189       3.523659
      27.500597     -25.012699      -1.812472     -15.780322      33.409840       3.526431
      27.505987     -25.007149      -1.813556     -15.791695      33.404484       3.529203
      27.511374     -25.001597      -1.814639     -15.803068      33.399123       3.531974
      27.516761     -24.996046      -1.815722     -15.814443      33.393757       3.534745
      27.522146     -24.990493      -1.816803     -15.825819      33.388385       3.537516
      27.527529     -24.984939      -1.817885     -15.837196      33.383007       3.540287
      27.532911     -24.979385      -1.818966     -15.848575      33.377624       3.543057
      27.538291     -24.973829      -1.820046     -15.859954      33.372236       3.545827
      27.543670     -24.968273      -1.821125     -15.871335      33.366842       3.548596
      27.549048     -24.962716      -1.822205     -15.882717      33.361442       3.551366
      27.554424     -24.957159      -1.823283     -15.894099      33.356037       3.554135
      27.559798     -24.951600      -1.824361     -15.905484      33.350627       3.556904
      27.565171     -24.946041      -1.825438     -15.916869      33.345211       3.559672
      27.570543     -24.940481      -1.826515     -15.928255      33.339789       3.562440
      27.575913     -24.934920      -1.827591     -15.939643      33.334362       3.565208
      27.581282     -24.929358      -1.828667     -15.951031      33.328929       3.567975
      27.586649     -24.923795      -1.829742     -15.962421      33.323491       3.570742
      27.592014     -24.918232      -1.830817     -15.973812      33.318047       3.573509
      27.597379     -24.912668      -1.831891     -15.985204      33.312598       3.576276
      27.602741     -24.907103      -1.832964     -15.996598      33.307143       3.579042
      27.608103     -24.901537      -1.834037     -16.007992      33.301683       3.581808
      27.613462     -24.895970      -1.835109     -16.019387      33.296217       3.584574
      27.618821     -24.890402      -1.836181     -16.030784      33.290745       3.587339
      27.624178     -24.884834      -1.837252     -16.042182      33.285268       3.590104
      27.629533     -24.879265      -1.838322     -16.053581      33.279786       3.592869
      27.634887     -24.873695      -1.839392     -16.064981      33.274298       3.595633
      27.640239     -24.868124      -1.840462     -16.076382      33.268804       3.598397
      27.645590     -24.862553      -1.841531     -16.087784      33.263305       3.601161
      27.650940     -24.856980      -1.842599     -16.099187      33.257800       3.603924
      27.656288     -24.851407      -1.843667     -16.110592      33.252289       3.606687
      27.661634     -24.845833      -1.844734     -16.121997      33.246773       3.609450
      27.666979     -24.840258      -1.845800     -16.133404      33.241252       3.612212
      27.672323     -24.834682      -1.846866     -16.144812      33.235725       3.614975
      27.677665     -24.829106      -1.847932     -16.156221      33.230192       3.617736
      27.683006     -24.823529      -1.848997     -16.167631      33.224654       3.620498
      27.688345     -24.817950      -1.850061     -16.179042      33.219110       3.623259
      27.693683     -24.812372      -1.851125     -16.190454      33.213560       3.626020
      27.699019     -24.806792      -1.852188     -16.201867      33.208005       3.628780
      27.704354     -24.801211      -1.853251     -16.213281      33.202444       3.631541
      27.709687     -24.795630      -1.854313     -16.224697      33.196878       3.634301
      27.715019     -24.790048      -1.855374     -16.236113      33.191306       3.637060
      27.720349     -24.784465      -1.856435     -16.247531      33.185729       3.639819
      27.725678     -24.778881      -1.857495     -16.258949      33.180146       3.642578
      27.731005     -24.773297      -1.858555     -16.270369      33.174557       3.645337
      27.736331     -24.767711      -1.859614     -16.281790      33.168963       3.648095
      27.741656     -24.762125      -1.860673     -16.293212      33.163363       3.650853
      27.746979     -24.756538      -1.861731     -16.304635      33.157758       3.653611
      27.752300     -24.750950      -1.862789     -16.316058      33.152146       3.656368
      27.757620     -24.745362      -1.863846     -16.327484      33.146530       3.659125
      27.762939     -24.739772      -1.864902     -16.338910      33.140907       3.661882
      27.768256     -24.734182      -1.865958     -16.350337      33.135279       3.664638
      27.773572     -24.728591      -1.867013     -16.361765      33.129646       3.667394
      27.778886     -24.722999      -1.868068     -16.373194      33.124007       3.670150
      27.784199     -24.717407      -1.869122     -16.384624      33.118362       3.672905
      27.789510     -24.711813      -1.870176     -16.396056      33.112711       3.675660
      27.794820     -24.706219      -1.871229     -16.407488      33.107055       3.678414
      27.800128     -24.700624      -1.872281     -16.418922      33.101393       3.681169
      27.805435     -24.695028      -1.873333     -16.430356      33.095726       3.683923
      27.810740     -24.689431      -1.874384     -16.441792      33.090053       3.686676
      27.816044     -24.683834      -1.875435     -16.453228      33.084374       3.689430
      27.821346     -24.678236      -1.876485     -16.464666      33.078690       3.692183
      27.826647     -24.672637      -1.877535     -16.476104      33.073000       3.694935
      27.831947     -24.667037      -1.878584     -16.487544      33.067304       3.697688
      27.837245     -24.661436      -1.879633     -16.498984      33.061603       3.700440
      27.842541     -24.655835      -1.880681     -16.510426      33.055896       3.703191
      27.847836     -24.650233      -1.881728     -16.521869      33.050184       3.705943
      27.853130     -24.644629      -1.882775     -16.533312      33.044465       3.708694
      27.858422     -24.639026      -1.883821     -16.544757      33.038741       3.711444
      27.863713     -24.633421      -1.884867     -16.556203      33.033012       3.714195
      27.869002     -24.627816      -1.885912     -16.567649      33.027276       3.716945
      27.874290     -24.622209      -1.886957     -16.579097      33.021536       3.719694
      27.879576     -24.616602      -1.888001     -16.590546      33.015789       3.722443
      27.884861     -24.610995      -1.889044     -16.601996      33.010037       3.725192
      27.890144     -24.605386      -1.890087     -16.613446      33.004279       3.727941
      27.895426     -24.599776      -1.891129     -16.624898      32.998515       3.730689
      27.900706     -24.594166      -1.892171     -16.636351      32.992746       3.733437
      27.905985     -24.588555      -1.893213     -16.647804      32.986971       3.736185
      27.911262     -24.582943      -1.894253     -16.659259      32.981190       3.738932
      27.916538     -24.577331      -1.895293     -16.670714      32.975403       3.741679
      27.921813     -24.571718      -1.896333     -16.682171      32.969611       3.744425
      27.927086     -24.566103      -1.897372     -16.693629      32.963814       3.747171
      27.932357     -24.560488      -1.898410     -16.705087      32.958010       3.749917
      27.937627     -24.554873      -1.899448     -16.716547      32.952201       3.752663
      27.942896     -24.549256      -1.900486     -16.728007      32.946386       3.755408
      27.948163     -24.543639      -1.901522     -16.739469      32.940565       3.758153
      27.953429     -24.538021      -1.902559     -16.750931      32.934739       3.760897
      27.958693     -24.532402      -1.903594     -16.762394      32.928907       3.763641
      27.963956     -24.526782      -1.904629     -16.773859      32.923069       3.766385
      27.969217     -24.521161      -1.905664     -16.785324      32.917226       3.769128
      27.974477     -24.515540      -1.906698     -16.796790      32.911376       3.771871
      27.979735     -24.509918      -1.907731     -16.808257      32.905522       3.774614
      27.984992     -24.504295      -1.908764     -16.819725      32.899661       3.777356
      27.990247     -24.498671      -1.909796     -16.831195      32.893795       3.780098
      27.995501     -24.493047      -1.910828     -16.842665      32.887922       3.782840
      28.000754     -24.487422      -1.911859     -16.854136      32.882045       3.785581
      28.006005     -24.481796      -1.912890     -16.865607      32.876161       3.788322
      28.011254     -24.476169      -1.913920     -16.877080      32.870272       3.791063
      28.016502     -24.470541      -1.914950     -16.888554      32.864377       3.793803
      28.021749     -24.464913      -1.915979     -16.900029      32.858476       3.796543
      28.026994     -24.459284      -1.917007     -16.911504      32.852569       3.799282
      28.032238     -24.453654      -1.918035     -16.922981      32.846657       3.802022
      28.037480     -24.448023      -1.919062     -16.934458      32.840739       3.804760
      28.042720     -24.442391      -1.920089     -16.945936      32.834815       3.807499
      28.047960     -24.436759      -1.921115     -16.957416      32.828886       3.810237
      28.053197     -24.431126      -1.922141     -16.968896      32.822950       3.812975
      28.058434     -24.425492      -1.923166     -16.980377      32.817009       3.815712
      28.063669     -24.419857      -1.924190     -16.991859      32.811063       3.818449
      28.068902     -24.414222      -1.925214     -17.003342      32.805110       3.821186
      28.074134     -24.408586      -1.926238     -17.014826      32.799152       3.823922
      28.079364     -24.402949      -1.927261     -17.026310      32.793188       3.826658
      28.084593     -24.397311      -1.928283     -17.037796      32.787218       3.829393
      28.089821     -24.391672      -1.929305     -17.049282      32.781242       3.832128
      28.095047     -24.386033      -1.930326     -17.060770      32.775261       3.834863
      28.100271     -24.380393      -1.931347     -17.072258      32.769273       3.837598
      28.105495     -24.374752      -1.932367     -17.083747      32.763280       3.840332
      28.110716     -24.369110      -1.933386     -17.095237      32.757282       3.843065
      28.115936     -24.363468      -1.934405     -17.106728      32.751277       3.845799
      28.121155     -24.357824      -1.935424     -17.118219      32.745267       3.848532
      28.126372     -24.352180      -1.936442     -17.129712      32.739251       3.851264
      28.131588     -24.346536      -1.937459     -17.141206      32.733229       3.853997
      28.136802     -24.340890      -1.938476     -17.152700      32.727201       3.856729
      28.142015     -24.335244      -1.939492     -17.164195      32.721167       3.859460
      28.147227     -24.329596      -1.940508     -17.175691      32.715128       3.862191
      28.152437     -24.323949      -1.941523     -17.187188      32.709083       3.864922
      28.157645     -24.318300      -1.942537     -17.198686      32.703032       3.867652
      28.162852     -24.312650      -1.943551     -17.210184      32.696975       3.870382
      28.168058     -24.307000      -1.944565     -17.221684      32.690913       3.873112
      28.173262     -24.301349      -1.945578     -17.233184      32.684844       3.875841
      28.178464     -24.295697      -1.946590     -17.244685      32.678770       3.878570
      28.183665     -24.290045      -1.947602     -17.256187      32.672690       3.881299
      28.188865     -24.284391      -1.948613     -17.267690      32.666604       3.884027
      28.194063     -24.278737      -1.949624     -17.279194      32.660513       3.886754
      28.199260     -24.273082      -1.950634     -17.290698      32.654415       3.889482
      28.204455     -24.267427      -1.951644     -17.302204      32.648312       3.892209
      28.209649     -24.261770      -1.952653     -17.313710      32.642203       3.894935
      28.214841     -24.256113      -1.953661     -17.325217      32.636088       3.897662
      28.220032     -24.250455      -1.954669     -17.336724      32.629967       3.900388
      28.225222     -24.244796      -1.955676     -17.348233      32.623840       3.903113
      28.230409     -24.239137      -1.956683     -17.359742      32.617708       3.905838
      28.235596     -24.233476      -1.957690     -17.371253      32.611570       3.908563
      28.240781     -24.227815      -1.958695     -17.382764      32.605425       3.911287
      28.245964     -24.222153      -1.959701     -17.394275      32.599275       3.914011
      28.251147     -24.216491      -1.960705     -17.405788      32.593120       3.916735
      28.256327     -24.210827      -1.961709     -17.417301      32.586958       3.919458
      28.261506     -24.205163      -1.962713     -17.428816      32.580790       3.922181
      28.266684     -24.199498      -1.963716     -17.440331      32.574617       3.924903
      28.271860     -24.193832      -1.964718     -17.451846      32.568438       3.927625
      28.277035     -24.188166      -1.965720     -17.463363      32.562252       3.930347
      28.282208     -24.182499      -1.966722     -17.474880      32.556061       3.933068
      28.287380     -24.176831      -1.967722     -17.486398      32.549865       3.935789
      28.292550     -24.171162      -1.968723     -17.497917      32.543662       3.938509
      28.297719     -24.165492      -1.969722     -17.509437      32.537453       3.941229
      28.302887     -24.159822      -1.970722     -17.520958      32.531239       3.943949
      28.308053     -24.154151      -1.971720     -17.532479      32.525018       3.946668
      28.313217     -24.148479      -1.972718     -17.544001      32.518792       3.949387
      28.318380     -24.142807      -1.973716     -17.555523      32.512560       3.952106
      28.323542     -24.137133      -1.974713     -17.567047      32.506322       3.954824
      28.328702     -24.131459      -1.975709     -17.578571      32.500078       3.957542
      28.333861     -24.125784      -1.976705     -17.590096      32.493828       3.960259
      28.339018     -24.120108      -1.977700     -17.601622      32.487573       3.962976
      28.344174     -24.114432      -1.978695     -17.613149      32.481311       3.965693
      28.349328     -24.108755      -1.979689     -17.624676      32.475044       3.968409
      28.354481     -24.103077      -1.980683     -17.636204      32.468770       3.971124
      28.359632     -24.097398      -1.981676     -17.647733      32.462491       3.973840
      28.364782     -24.091719      -1.982669     -17.659262      32.456206       3.976555
      28.369930     -24.086038      -1.983661     -17.670792      32.449915       3.979269
      28.375077     -24.080357      -1.984652     -17.682323      32.443618       3.981984
      28.380223     -24.074676      -1.985643     -17.693855      32.437315       3.984697
      28.385367     -24.068993      -1.986634     -17.705387      32.431006       3.987411
      28.390509     -24.063310      -1.987624     -17.716920      32.424692       3.990124
      28.395651     -24.057626      -1.988613     -17.728454      32.418371       3.992836
      28.400790     -24.051941      -1.989602     -17.739989      32.412045       3.995548
      28.405928     -24.046255      -1.990590     -17.751524      32.405712       3.998260
      28.411065     -24.040569      -1.991578     -17.763060      32.399374       4.000971
      28.416200     -24.034882      -1.992565     -17.774597      32.393030       4.003682
      28.421334     -24.029194      -1.993552     -17.786134      32.386679       4.006393
      28.426466     -24.023506      -1.994538     -17.797672      32.380323       4.009103
      28.431597     -24.017816      -1.995523     -17.809211      32.373961       4.011813
      28.436727     -24.012126      -1.996508     -17.820750      32.367593       4.014522
      28.441855     -24.006435      -1.997492     -17.832290      32.361219       4.017231
      28.446981     -24.000744      -1.998476     -17.843831      32.354839       4.019940
      28.452106     -23.995051      -1.999460     -17.855373      32.348454       4.022648
      28.457230     -23.989358      -2.000442     -17.866915      32.342062       4.025355
      28.462352     -23.983664      -2.001425     -17.878458      32.335664       4.028063
      28.467473     -23.977970      -2.002406     -17.890001      32.329260       4.030769
      28.472592     -23.972274      -2.003388     -17.901545      32.322851       4.033476
      28.477709     -23.966578      -2.004368     -17.913090      32.316435       4.036182
      28.482826     -23.960881      -2.005348     -17.924636      32.310014       4.038888
      28.487941     -23.955184      -2.006328     -17.936182      32.303586       4.041593
      28.493054     -23.949485      -2.007307     -17.947729      32.297153       4.044298
      28.498166     -23.943786      -2.008285     -17.959276      32.290713       4.047002
      28.503276     -23.938086      -2.009263     -17.970824      32.284268       4.049706
      28.508385     -23.932385      -2.010241     -17.982373      32.277817       4.052409
      28.513493     -23.926684      -2.011217     -17.993923      32.271359       4.055113
      28.518599     -23.920982      -2.012194     -18.005473      32.264896       4.057815
      28.523703     -23.915279      -2.013169     -18.017024      32.258427       4.060518
      28.528806     -23.909575      -2.014145     -18.028575      32.251952       4.063219
      28.533908     -23.903871      -2.015119     -18.040127      32.245470       4.065921
      28.539008     -23.898166      -2.016093     -18.051680      32.238983       4.068622
      28.544107     -23.892460      -2.017067     -18.063233      32.232490       4.071323
      28.549204     -23.886753      -2.018040     -18.074787      32.225991       4.074023
      28.554300     -23.881046      -2.019012     -18.086341      32.219486       4.076722
      28.559394     -23.875338      -2.019984     -18.097896      32.212975       4.079422
      28.564487     -23.869629      -2.020956     -18.109452      32.206457       4.082121
      28.569579     -23.863919      -2.021927     -18.121008      32.199934       4.084819
      28.574669     -23.858209      -2.022897     -18.132565      32.193405       4.087517
      28.579757     -23.852497      -2.023867     -18.144123      32.186870       4.090215
      28.584844     -23.846786      -2.024836     -18.155681      32.180329       4.092912
      28.589930     -23.841073      -2.025805     -18.167240      32.173782       4.095609
      28.595014     -23.835360      -2.026773     -18.178799      32.167229       4.098305
      28.600097     -23.829645      -2.027741     -18.190359      32.160670       4.101001
      28.605178     -23.823931      -2.028708     -18.201920      32.154104       4.103697
      28.610258     -23.818215      -2.029674     -18.213481      32.147533       4.106392
      28.615336     -23.812499      -2.030640     -18.225043      32.140956       4.109086
      28.620413     -23.806781      -2.031606     -18.236605      32.134373       4.111781
      28.625488     -23.801064      -2.032571     -18.248168      32.127784       4.114474
      28.630562     -23.795345      -2.033535     -18.259731      32.121188       4.117168
      28.635635     -23.789626      -2.034499     -18.271295      32.114587       4.119861
      28.640706     -23.783906      -2.035462     -18.282860      32.107980       4.122553
      28.645775     -23.778185      -2.036425     -18.294425      32.101366       4.125245
      28.650843     -23.772463      -2.037387     -18.305990      32.094747       4.127937
      28.655910     -23.766741      -2.038349     -18.317557      32.088122       4.130628
      28.660975     -23.761018      -2.039310     -18.329124      32.081490       4.133318
      28.666039     -23.755294      -2.040271     -18.340691      32.074853       4.136009
      28.671101     -23.749570      -2.041231     -18.352259      32.068209       4.138699
      28.676162     -23.743844      -2.042190     -18.363827      32.061560       4.141388
      28.681221     -23.738118      -2.043149     -18.375396      32.054904       4.144077
      28.686279     -23.732392      -2.044108     -18.386966      32.048243       4.146765
      28.691336     -23.726664      -2.045066     -18.398536      32.041575       4.149453
      28.696390     -23.720936      -2.046023     -18.410106      32.034901       4.152141
      28.701444     -23.715207      -2.046980     -18.421677      32.028221       4.154828
      28.706496     -23.709477      -2.047936     -18.433249      32.021535       4.157515
      28.711547     -23.703747      -2.048892     -18.444821      32.014844       4.160201
      28.716596     -23.698016      -2.049847     -18.456394      32.008146       4.162887
      28.721643     -23.692284      -2.050802     -18.467967      32.001442       4.165573
      28.726690     -23.686551      -2.051756     -18.479541      31.994731       4.168257
      28.731734     -23.680818      -2.052710     -18.491115      31.988015       4.170942
      28.736778     -23.675084      -2.053663     -18.502690      31.981293       4.173626
      28.741820     -23.669349      -2.054615     -18.514265      31.974565       4.176310
      28.746860     -23.663613      -2.055568     -18.525841      31.967830       4.178993
      28.751899     -23.657877      -2.056519     -18.537417      31.961090       4.181676
      28.756936     -23.652140      -2.057470     -18.548993      31.954343       4.184358
      28.761973     -23.646402      -2.058420     -18.560571      31.947591       4.187040
      28.767007     -23.640663      -2.059370     -18.572148      31.940832       4.189721
      28.772040     -23.634924      -2.060320     -18.583726      31.934067       4.192402
      28.777072     -23.629184      -2.061268     -18.595305      31.927296       4.195082
      28.782102     -23.623443      -2.062217     -18.606884      31.920519       4.197762
      28.787131     -23.617702      -2.063165     -18.618464      31.913736       4.200442
      28.792158     -23.611960      -2.064112     -18.630044      31.906947       4.203121
      28.797184     -23.606217      -2.065058     -18.641624      31.900152       4.205799
      28.802208     -23.600473      -2.066005     -18.653205      31.893351       4.208478
      28.807231     -23.594729      -2.066950     -18.664787      31.886543       4.211155
      28.812253     -23.588984      -2.067895     -18.676368      31.879730       4.213833
      28.817273     -23.583238      -2.068840     -18.687951      31.872910       4.216509
      28.822291     -23.577491      -2.069784     -18.699533      31.866084       4.219186
      28.827308     -23.571744      -2.070727     -18.711117      31.859252       4.221861
      28.832324     -23.565996      -2.071670     -18.722700      31.852414       4.224537
      28.837338     -23.560247      -2.072613     -18.734284      31.845570       4.227212
      28.842351     -23.554498      -2.073555     -18.745869      31.838720       4.229886
      28.847362     -23.548748      -2.074496     -18.757454      31.831864       4.232560
      28.852372     -23.542997      -2.075437     -18.769039      31.825001       4.235234
      28.857380     -23.537245      -2.076377     -18.780625      31.818133       4.237907
      28.862387     -23.531493      -2.077317     -18.792211      31.811258       4.240579
      28.867393     -23.525739      -2.078256     -18.803798      31.804377       4.243252
      28.872397     -23.519986      -2.079195     -18.815385      31.797490       4.245923
      28.877399     -23.514231      -2.080133     -18.826972      31.790597       4.248594
      28.882400     -23.508476      -2.081070     -18.838560      31.783698       4.251265
      28.887400     -23.502720      -2.082007     -18.850148      31.776792       4.253935
      28.892398     -23.496963      -2.082944     -18.861737      31.769881       4.256605
      28.897395     -23.491206      -2.083880     -18.873326      31.762963       4.259274
      28.902390     -23.485447      -2.084816     -18.884916      31.756039       4.261943
      28.907384     -23.479688      -2.085750     -18.896506      31.749109       4.264612
      28.912376     -23.473929      -2.086685     -18.908096      31.742173       4.267280
      28.917367     -23.468168      -2.087619     -18.919686      31.735231       4.269947
      28.922357     -23.462407      -2.088552     -18.931277      31.728283       4.272614
      28.927345     -23.456646      -2.089485     -18.942869      31.721328       4.275280
      28.932331     -23.450883      -2.090417     -18.954460      31.714367       4.277946
      28.937317     -23.445120      -2.091349     -18.966053      31.707401       4.280612
      28.942300     -23.439356      -2.092280     -18.977645      31.700428       4.283277
      28.947282     -23.433591      -2.093211     -18.989238      31.693448       4.285941
      28.952263     -23.427826      -2.094141     -19.000831      31.686463       4.288605
      28.957242     -23.422060      -2.095071     -19.012425      31.679472       4.291269
      28.962220     -23.416293      -2.096000     -19.024019      31.672474       4.293932
      28.967197     -23.410525      -2.096929     -19.035613      31.665470       4.296595
      28.972172     -23.404757      -2.097857     -19.047207      31.658460       4.299257
      28.977145     -23.398988      -2.098784     -19.058802      31.651444       4.301918
      28.982117     -23.393218      -2.099711     -19.070398      31.644421       4.304580
      28.987088     -23.387448      -2.100638     -19.081993      31.637393       4.307240
      28.992057     -23.381677      -2.101564     -19.093589      31.630358       4.309900
      28.997024     -23.375905      -2.102489     -19.105185      31.623317       4.312560
      29.001991     -23.370132      -2.103414     -19.116782      31.616270       4.315219
      29.006955     -23.364359      -2.104338     -19.128379      31.609217       4.317878
      29.011919     -23.358585      -2.105262     -19.139976      31.602157       4.320536
      29.016880     -23.352810      -2.106185     -19.151574      31.595092       4.323194
      29.021841     -23.347035      -2.107108     -19.163172      31.588020       4.325851
      29.026800     -23.341258      -2.108030     -19.174770      31.580942       4.328508
      29.031757     -23.335481      -2.108952     -19.186368      31.573858       4.331164
      29.036713     -23.329704      -2.109873     -19.197967      31.566767       4.333820
      29.041668     -23.323926      -2.110794     -19.209566      31.559670       4.336475
      29.046621     -23.318146      -2.111714     -19.221165      31.552568       4.339130
      29.051573     -23.312367      -2.112634     -19.232765      31.545459       4.341784
      29.056523     -23.306586      -2.113553     -19.244365      31.538343       4.344438
      29.061472     -23.300805      -2.114471     -19.255965      31.531222       4.347091
      29.066419     -23.295023      -2.115389     -19.267565      31.524094       4.349744
      29.071365     -23.289241      -2.116307     -19.279166      31.516960       4.352397
      29.076309     -23.283457      -2.117224     -19.290767      31.509820       4.355048
      29.081252     -23.277673      -2.118140     -19.302369      31.502674       4.357700
      29.086194     -23.271889      -2.119056     -19.313970      31.495521       4.360350
      29.091134     -23.266103      -2.119971     -19.325572      31.488362       4.363001
      29.096073     -23.260317      -2.120886     -19.337174      31.481197       4.365650
      29.101010     -23.254530      -2.121801     -19.348776      31.474026       4.368300
      29.105945     -23.248743      -2.122714     -19.360379      31.466848       4.370948
      29.110880     -23.242954      -2.123628     -19.371982      31.459665       4.373597
      29.115813     -23.237165      -2.124540     -19.383585      31.452475       4.376244
      29.120744     -23.231376      -2.125453     -19.395188      31.445279       4.378892
      29.125674     -23.225585      -2.126364     -19.406791      31.438076       4.381538
      29.130602     -23.219794      -2.127276     -19.418395      31.430868       4.384185
      29.135529     -23.214002      -2.128186     -19.429999      31.423653       4.386830
      29.140455     -23.208210      -2.129096     -19.441603      31.416431       4.389476
      29.145379     -23.202416      -2.130006     -19.453208      31.409204       4.392120
      29.150302     -23.196623      -2.130915     -19.464812      31.401970       4.394764
      29.155223     -23.190828      -2.131824     -19.476417      31.394730       4.397408
      29.160143     -23.185033      -2.132732     -19.488022      31.387484       4.400051
      29.165061     -23.179236      -2.133639     -19.499628      31.380232       4.402694
      29.169978     -23.173440      -2.134546     -19.511233      31.372973       4.405336
      29.174893     -23.167642      -2.135452     -19.522839      31.365708       4.407978
      29.179807     -23.161844      -2.136358     -19.534445      31.358437       4.410619
      29.184720     -23.156045      -2.137264     -19.546051      31.351160       4.413259
      29.189631     -23.150246      -2.138169     -19.557657      31.343876       4.415899
      29.194540     -23.144445      -2.139073     -19.569263      31.336586       4.418539
      29.199449     -23.138644      -2.139977     -19.580870      31.329290       4.421178
      29.204355     -23.132843      -2.140880     -19.592477      31.321987       4.423816
      29.209260     -23.127040      -2.141783     -19.604084      31.314678       4.426454
      29.214164     -23.121237      -2.142685     -19.615691      31.307363       4.429092
      29.219067     -23.115433      -2.143587     -19.627298      31.300042       4.431729
      29.223968     -23.109629      -2.144488     -19.638906      31.292714       4.434365
      29.228867     -23.103824      -2.145389     -19.650513      31.285381       4.437001
      29.233765     -23.098018      -2.146289     -19.662121      31.278040       4.439636
      29.238662     -23.092211      -2.147189     -19.673729      31.270694       4.442271
      29.243557     -23.086404      -2.148088     -19.685337      31.263341       4.444906
      29.248450     -23.080596      -2.148986     -19.696945      31.255982       4.447539
      29.253343     -23.074787      -2.149884     -19.708554      31.248617       4.450173
      29.258233     -23.068978      -2.150782     -19.720162      31.241245       4.452805
      29.263123     -23.063168      -2.151679     -19.731771      31.233867       4.455437
      29.268011     -23.057357      -2.152575     -19.743379      31.226483       4.458069
      29.272897     -23.051545      -2.153471     -19.754988      31.219093       4.460700
      29.277782     -23.045733      -2.154367     -19.766597      31.211696       4.463331
      29.282666     -23.039920      -2.155262     -19.778206      31.204293       4.465961
      29.287548     -23.034107      -2.156156     -19.789816      31.196883       4.468590
      29.292428     -23.028292      -2.157050     -19.801425      31.189467       4.471219
      29.297308     -23.022477      -2.157944     -19.813034      31.182045       4.473848
      29.302185     -23.016662      -2.158836     -19.824644      31.174617       4.476476
      29.307062     -23.010845      -2.159729     -19.836253      31.167182       4.479103
      29.311936     -23.005028      -2.160621     -19.847863      31.159741       4.481730
      29.316810     -22.999210      -2.161512     -19.859473      31.152294       4.484356
      29.321682     -22.993392      -2.162403     -19.871083      31.144840       4.486982
      29.326552     -22.987573      -2.163293     -19.882693      31.137381       4.489607
      29.331421     -22.981753      -2.164183     -19.894303      31.129914       4.492232
      29.336289     -22.975932      -2.165072     -19.905913      31.122442       4.494856
      29.341155     -22.970111      -2.165960     -19.917523      31.114963       4.497479
      29.346020     -22.964289      -2.166849     -19.929134      31.107478       4.500103
      29.350883     -22.958467      -2.167736     -19.940744      31.099986       4.502725
      29.355745     -22.952643      -2.168623     -19.952354      31.092488       4.505347
      29.360605     -22.946819      -2.169510     -19.963965      31.084984       4.507968
      29.365464     -22.940995      -2.170396     -19.975575      31.077473       4.510589
      29.370322     -22.935169      -2.171282     -19.987186      31.069956       4.513209
      29.375178     -22.929343      -2.172167     -19.998796      31.062433       4.515829
      29.380032     -22.923516      -2.173051     -20.010407      31.054903       4.518448
      29.384886     -22.917689      -2.173935     -20.022018      31.047368       4.521067
      29.389737     -22.911861      -2.174819     -20.033629      31.039825       4.523685
      29.394588     -22.906032      -2.175702     -20.045239      31.032277       4.526303
      29.399436     -22.900203      -2.176584     -20.056850      31.024722       4.528920
      29.404284     -22.894372      -2.177466     -20.068461      31.017160       4.531536
      29.409130     -22.888541      -2.178348     -20.080072      31.009593       4.534152
      29.413974     -22.882710      -2.179228     -20.091683      31.002019       4.536767
      29.418817     -22.876878      -2.180109     -20.103293      30.994438       4.539382
      29.423659     -22.871045      -2.180989     -20.114904      30.986851       4.541996
      29.428499     -22.865211      -2.181868     -20.126515      30.979258       4.544610
      29.433338     -22.859377      -2.182747     -20.138126      30.971659       4.547223
      29.438175     -22.853542      -2.183625     -20.149737      30.964053       4.549835
      29.443011     -22.847706      -2.184503     -20.161348      30.956441       4.552447
      29.447845     -22.841869      -2.185380     -20.172959      30.948822       4.555059
      29.452678     -22.836032      -2.186257     -20.184569      30.941197       4.557670
      29.457509     -22.830195      -2.187133     -20.196180      30.933566       4.560280
      29.462339     -22.824356      -2.188009     -20.207791      30.925928       4.562890
      29.467168     -22.818517      -2.188884     -20.219402      30.918284       4.565499
      29.471995     -22.812677      -2.189759     -20.231012      30.910634       4.568107
      29.476821     -22.806837      -2.190633     -20.242623      30.902977       4.570715
      29.481645     -22.800995      -2.191507     -20.254234      30.895314       4.573323
      29.486468     -22.795154      -2.192380     -20.265844      30.887644       4.575930
      29.491289     -22.789311      -2.193252     -20.277455      30.879968       4.578536
      29.496109     -22.783468      -2.194124     -20.289065      30.872286       4.581142
      29.500927     -22.777624      -2.194996     -20.300676      30.864597       4.583747
      29.505745     -22.771779      -2.195867     -20.312286      30.856902       4.586351
      29.510560     -22.765934      -2.196738     -20.323897      30.849200       4.588955
      29.515374     -22.760088      -2.197608     -20.335507      30.841492       4.591559
      29.520187     -22.754241      -2.198477     -20.347117      30.833778       4.594162
      29.524998     -22.748394      -2.199346     -20.358727      30.826057       4.596764
      29.529808     -22.742546      -2.200215     -20.370337      30.818330       4.599366
      29.534616     -22.736697      -2.201083     -20.381947      30.810597       4.601967
      29.539423     -22.730848      -2.201950     -20.393557      30.802857       4.604567
      29.544229     -22.724998      -2.202817     -20.405167      30.795110       4.607167
      29.549033     -22.719147      -2.203683     -20.416776      30.787357       4.609767
      29.553835     -22.713296      -2.204549     -20.428386      30.779598       4.612365
      29.558636     -22.707444      -2.205415     -20.439995      30.771833       4.614964
      29.563436     -22.701591      -2.206280     -20.451605      30.764061       4.617561
      29.568234     -22.695737      -2.207144     -20.463214      30.756282       4.620158
      29.573031     -22.689883      -2.208008     -20.474823      30.748498       4.622755
      29.577827     -22.684028      -2.208871     -20.486432      30.740706       4.625351
      29.582621     -22.678173      -2.209734     -20.498041      30.732909       4.627946
      29.587413     -22.672317      -2.210596     -20.509650      30.725105       4.630541
      29.592204     -22.666460      -2.211458     -20.521259      30.717294       4.633135
      29.596994     -22.660603      -2.212319     -20.532867      30.709477       4.635728
      29.601782     -22.654744      -2.213180     -20.544476      30.701654       4.638321
      29.606568     -22.648885      -2.214040     -20.556084      30.693824       4.640913
      29.611354     -22.643026      -2.214900     -20.567692      30.685988       4.643505
      29.616138     -22.637166      -2.215759     -20.579300      30.678145       4.646096
      29.620920     -22.631305      -2.216618     -20.590908      30.670296       4.648687
      29.625701     -22.625443      -2.217476     -20.602515      30.662440       4.651277
      29.630480     -22.619581      -2.218334     -20.614123      30.654579       4.653866
      29.635258     -22.613718      -2.219191     -20.625730      30.646710       4.656455
      29.640035     -22.607855      -2.220048     -20.637337      30.638835       4.659043
      29.644810     -22.601990      -2.220904     -20.648944      30.630954       4.661631
      29.649584     -22.596125      -2.221760     -20.660551      30.623066       4.664218
      29.654356     -22.590260      -2.222615     -20.672158      30.615172       4.666804
      29.659127     -22.584394      -2.223469     -20.683764      30.607271       4.669390
      29.663897     -22.578527      -2.224323     -20.695370      30.599364       4.671975
      29.668665     -22.572659      -2.225177     -20.706976      30.591451       4.674560
      29.673431     -22.566791      -2.226030     -20.718582      30.583531       4.677144
      29.678196     -22.560922      -2.226883     -20.730188      30.575604       4.679727
      29.682960     -22.555052      -2.227735     -20.741793      30.567671       4.682310
      29.687722     -22.549182      -2.228586     -20.753398      30.559732       4.684892
      29.692483     -22.543311      -2.229437     -20.765003      30.551786       4.687473
      29.697242     -22.537439      -2.230288     -20.776608      30.543834       4.690054
      29.702000     -22.531567      -2.231138     -20.788213      30.535875       4.692635
      29.706756     -22.525694      -2.231987     -20.799817      30.527910       4.695214
      29.711511     -22.519821      -2.232836     -20.811421      30.519938       4.697794
      29.716265     -22.513946      -2.233685     -20.823025      30.511960       4.700372
      29.721017     -22.508071      -2.234533     -20.834629      30.503976       4.702950
      29.725768     -22.502196      -2.235380     -20.846232      30.495985       4.705527
      29.730517     -22.496319      -2.236227     -20.857835      30.487987       4.708104
      29.735265     -22.490442      -2.237073     -20.869438      30.479983       4.710680
      29.740011     -22.484565      -2.237919     -20.881041      30.471972       4.713255
      29.744756     -22.478687      -2.238765     -20.892643      30.463955       4.715830
      29.749500     -22.472808      -2.239610     -20.904245      30.455932       4.718404
      29.754242     -22.466928      -2.240454     -20.915847      30.447902       4.720978
      29.758982     -22.461048      -2.241298     -20.927449      30.439865       4.723551
      29.763721     -22.455167      -2.242141     -20.939050      30.431822       4.726123
      29.768459     -22.449285      -2.242984     -20.950651      30.423773       4.728695
      29.773195     -22.443403      -2.243826     -20.962252      30.415717       4.731266
      29.777930     -22.437520      -2.244668     -20.973852      30.407655       4.733837
      29.782664     -22.431636      -2.245510     -20.985453      30.399586       4.736406
      29.787396     -22.425752      -2.246350     -20.997052      30.391510       4.738976
      29.792126     -22.419867      -2.247191     -21.008652      30.383429       4.741544
      29.796855     -22.413982      -2.248031     -21.020251      30.375340       4.744112
      29.801583     -22.408095      -2.248870     -21.031850      30.367245       4.746679
      29.806309     -22.402208      -2.249709     -21.043449      30.359144       4.749246
      29.811034     -22.396321      -2.250547     -21.055047      30.351036       4.751812
      29.815757     -22.390433      -2.251385     -21.066645      30.342922       4.754378
      29.820479     -22.384544      -2.252222     -21.078243      30.334801       4.756943
      29.825200     -22.378654      -2.253059     -21.089840      30.326673       4.759507
      29.829919     -22.372764      -2.253895     -21.101437      30.318539       4.762070
      29.834636     -22.366873      -2.254731     -21.113034      30.310399       4.764633
      29.839352     -22.360982      -2.255566     -21.124630      30.302252       4.767195
      29.844067     -22.355089      -2.256400     -21.136226      30.294098       4.769757
      29.848780     -22.349197      -2.257235     -21.147822      30.285938       4.772318
      29.853492     -22.343303      -2.258068     -21.159417      30.277772       4.774878
      29.858203     -22.337409      -2.258902     -21.171012      30.269599       4.777438
      29.862912     -22.331514      -2.259734     -21.182607      30.261419       4.779997
      29.867619     -22.325619      -2.260566     -21.194201      30.253233       4.782556
      29.872325     -22.319722      -2.261398     -21.205795      30.245041       4.785114
      29.877030     -22.313826      -2.262229     -21.217388      30.236842       4.787671
      29.881733     -22.307928      -2.263060     -21.228981      30.228636       4.790227
      29.886435     -22.302030      -2.263890     -21.240574      30.220424       4.792783
      29.891135     -22.296131      -2.264720     -21.252166      30.212205       4.795338
      29.895834     -22.290232      -2.265549     -21.263758      30.203980       4.797893
      29.900531     -22.284332      -2.266377     -21.275350      30.195748       4.800447
      29.905227     -22.278431      -2.267205     -21.286941      30.187510       4.803000
      29.909922     -22.272530      -2.268033     -21.298531      30.179265       4.805553
      29.914615     -22.266628      -2.268860     -21.310122      30.171013       4.808105
      29.919307     -22.260725      -2.269687     -21.321712      30.162756       4.810656
      29.923997     -22.254822      -2.270513     -21.333301      30.154491       4.813207
      29.928686     -22.248918      -2.271338     -21.344890      30.146220       4.815757
      29.933373     -22.243013      -2.272164     -21.356479      30.137943       4.818306
      29.938059     -22.237108      -2.272988     -21.368067      30.129658       4.820855
      29.942744     -22.231202      -2.273812     -21.379655      30.121368       4.823403
      29.947427     -22.225295      -2.274636     -21.391242      30.113071       4.825950
      29.952109     -22.219388      -2.275459     -21.402829      30.104767       4.828497
      29.956789     -22.213480      -2.276281     -21.414415      30.096457       4.831043
      29.961468     -22.207572      -2.277103     -21.426001      30.088140       4.833589
      29.966145     -22.201662      -2.277925     -21.437587      30.079816       4.836133
      29.970821     -22.195752      -2.278746     -21.449172      30.071486       4.838678
      29.975495     -22.189842      -2.279566     -21.460756      30.063150       4.841221
      29.980168     -22.183931      -2.280386     -21.472341      30.054807       4.843764
      29.984840     -22.178019      -2.281206     -21.483924      30.046457       4.846306
      29.989510     -22.172107      -2.282025     -21.495507      30.038101       4.848847
      29.994179     -22.166193      -2.282844     -21.507090      30.029738       4.851388
      29.998846     -22.160280      -2.283662     -21.518672      30.021369       4.853928
      30.003512     -22.154365      -2.284479     -21.530254      30.012993       4.856468
      30.008177     -22.148450      -2.285296     -21.541835      30.004610       4.859007
      30.012840     -22.142535      -2.286113     -21.553416      29.996221       4.861545
      30.017501     -22.136618      -2.286928     -21.564996      29.987826       4.864082
      30.022161     -22.130701      -2.287744     -21.576576      29.979423       4.866619
      30.026820     -22.124784      -2.288559     -21.588155      29.971015       4.869155
      30.031477     -22.118865      -2.289373     -21.599734      29.962599       4.871690
      30.036133     -22.112946      -2.290187     -21.611312      29.954177       4.874225
      30.040787     -22.107027      -2.291001     -21.622889      29.945749       4.876759
      30.045440     -22.101107      -2.291814     -21.634467      29.937314       4.879293
      30.050092     -22.095186      -2.292626     -21.646043      29.928872       4.881825
      30.054742     -22.089264      -2.293438     -21.657619      29.920424       4.884357
      30.059391     -22.083342      -2.294250     -21.669195      29.911969       4.886889
      30.064038     -22.077419      -2.295061     -21.680770      29.903508       4.889419
      30.068684     -22.071496      -2.295871     -21.692344      29.895040       4.891949
      30.073328     -22.065572      -2.296681     -21.703918      29.886565       4.894479
      30.077971     -22.059647      -2.297490     -21.715491      29.878084       4.897007
      30.082612     -22.053722      -2.298299     -21.727064      29.869596       4.899535
      30.087252     -22.047796      -2.299108     -21.738636      29.861102       4.902063
      30.091891     -22.041869      -2.299916     -21.750207      29.852601       4.904589
      30.096528     -22.035942      -2.300723     -21.761778      29.844093       4.907115
      30.101164     -22.030014      -2.301530     -21.773349      29.835579       4.909640
      30.105798     -22.024085      -2.302337     -21.784919      29.827058       4.912165
      30.110431     -22.018156      -2.303143     -21.796488      29.818531       4.914689
      30.115063     -22.012226      -2.303948     -21.808057      29.809997       4.917212
      30.119693     -22.006296      -2.304753     -21.819625      29.801456       4.919734
      30.124321     -22.000365      -2.305557     -21.831192      29.792909       4.922256
      30.128948     -21.994433      -2.306361     -21.842759      29.784355       4.924777
      30.133574     -21.988500      -2.307165     -21.854325      29.775795       4.927298
      30.138198     -21.982567      -2.307968     -21.865891      29.767228       4.929817
      30.142821     -21.976634      -2.308770     -21.877456      29.758654       4.932336
      30.147443     -21.970699      -2.309572     -21.889020      29.750074       4.934854
      30.152063     -21.964764      -2.310373     -21.900584      29.741487       4.937372
      30.156681     -21.958829      -2.311174     -21.912147      29.732894       4.939889
      30.161298     -21.952892      -2.311975     -21.923709      29.724293       4.942405
      30.165914     -21.946956      -2.312775     -21.935271      29.715687       4.944921
      30.170528     -21.941018      -2.313574     -21.946832      29.707073       4.947435
      30.175141     -21.935080      -2.314373     -21.958393      29.698453       4.949949
      30.179753     -21.929141      -2.315171     -21.969953      29.689827       4.952463
      30.184363     -21.923202      -2.315969     -21.981512      29.681194       4.954975
      30.188971     -21.917262      -2.316767     -21.993070      29.672554       4.957487
      30.193578     -21.911321      -2.317563     -22.004628      29.663907       4.959999
      30.198184     -21.905380      -2.318360     -22.016185      29.655254       4.962509
      30.202788     -21.899438      -2.319156     -22.027742      29.646595       4.965019
      30.207391     -21.893495      -2.319951     -22.039297      29.637928       4.967528
      30.211992     -21.887552      -2.320746     -22.050853      29.629255       4.970037
      30.216592     -21.881608      -2.321541     -22.062407      29.620576       4.972544
      30.221191     -21.875664      -2.322334     -22.073961      29.611890       4.975051
      30.225788     -21.869718      -2.323128     -22.085514      29.603197       4.977558
      30.230384     -21.863773      -2.323921     -22.097066      29.594497       4.980063
      30.234978     -21.857826      -2.324713     -22.108618      29.585791       4.982568
      30.239571     -21.851879      -2.325505     -22.120169      29.577078       4.985072
      30.244162     -21.845932      -2.326297     -22.131719      29.568359       4.987575
      30.248752     -21.839983      -2.327087     -22.143268      29.559633       4.990078
      30.253340     -21.834034      -2.327878     -22.154817      29.550900       4.992580
      30.257927     -21.828085      -2.328668     -22.166365      29.542161       4.995081
      30.262513     -21.822135      -2.329457     -22.177912      29.533415       4.997582
      30.267097     -21.816184      -2.330246     -22.189459      29.524662       5.000082
      30.271680     -21.810232      -2.331035     -22.201004      29.515903       5.002581
      30.276262     -21.804280      -2.331822     -22.212549      29.507137       5.005079
      30.280841     -21.798328      -2.332610     -22.224094      29.498364       5.007577
      30.285420     -21.792374      -2.333397     -22.235637      29.489585       5.010074
      30.289997     -21.786420      -2.334183     -22.247180      29.480799       5.012570
      30.294573     -21.780466      -2.334969     -22.258722      29.472007       5.015065
      30.299147     -21.774510      -2.335755     -22.270263      29.463208       5.017560
      30.303720     -21.768555      -2.336540     -22.281803      29.454402       5.020054
      30.308291     -21.762598      -2.337324     -22.293343      29.445589       5.022547
      30.312861     -21.756641      -2.338108     -22.304882      29.436770       5.025040
      30.317429     -21.750683      -2.338891     -22.316420      29.427944       5.027531
      30.321996     -21.744725      -2.339674     -22.327957      29.419112       5.030023
      30.326562     -21.738766      -2.340457     -22.339494      29.410272       5.032513
      30.331126     -21.732806      -2.341239     -22.351029      29.401427       5.035002
      30.335689     -21.726846      -2.342020     -22.362564      29.392574       5.037491
      30.340250     -21.720885      -2.342801     -22.374098      29.383715       5.039979
      30.344810     -21.714924      -2.343582     -22.385631      29.374849       5.042467
      30.349369     -21.708962      -2.344362     -22.397164      29.365977       5.044953
      30.353926     -21.702999      -2.345141     -22.408695      29.357097       5.047439
      30.358482     -21.697036      -2.345920     -22.420226      29.348212       5.049924
      30.363036     -21.691072      -2.346699     -22.431756      29.339319       5.052409
      30.367589     -21.685107      -2.347477     -22.443285      29.330420       5.054892
      30.372140     -21.679142      -2.348254     -22.454813      29.321514       5.057375
      30.376690     -21.673176      -2.349031     -22.466340      29.312602       5.059857
      30.381238     -21.667210      -2.349808     -22.477867      29.303682       5.062339
      30.385785     -21.661242      -2.350584     -22.489392      29.294756       5.064819
      30.390331     -21.655275      -2.351359     -22.500917      29.285824       5.067299
      30.394875     -21.649306      -2.352134     -22.512441      29.276885       5.069779
      30.399418     -21.643337      -2.352909     -22.523964      29.267939       5.072257
      30.403959     -21.637368      -2.353683     -22.535486      29.258986       5.074735
      30.408499     -21.631398      -2.354456     -22.547007      29.250027       5.077211
      30.413038     -21.625427      -2.355229     -22.558528      29.241061       5.079688
      30.417575     -21.619455      -2.356002     -22.570047      29.232088       5.082163
      30.422111     -21.613483      -2.356774     -22.581566      29.223109       5.084638
      30.426645     -21.607511      -2.357545     -22.593083      29.214123       5.087111
      30.431178     -21.601537      -2.358316     -22.604600      29.205130       5.089585
      30.435709     -21.595564      -2.359087     -22.616116      29.196130       5.092057
      30.440239     -21.589589      -2.359857     -22.627631      29.187124       5.094528
      30.444767     -21.583614      -2.360627     -22.639145      29.178111       5.096999
      30.449295     -21.577638      -2.361396     -22.650658      29.169092       5.099469
      30.453820     -21.571662      -2.362164     -22.662170      29.160066       5.101939
      30.458344     -21.565685      -2.362932     -22.673681      29.151033       5.104407
      30.462867     -21.559707      -2.363700     -22.685191      29.141993       5.106875
      30.467389     -21.553729      -2.364467     -22.696701      29.132947       5.109342
      30.471909     -21.547750      -2.365234     -22.708209      29.123894       5.111808
      30.476427     -21.541771      -2.366000     -22.719717      29.114834       5.114274
      30.480944     -21.535790      -2.366765     -22.731223      29.105768       5.116738
      30.485460     -21.529810      -2.367530     -22.742729      29.096695       5.119202
      30.489974     -21.523828      -2.368295     -22.754233      29.087615       5.121665
      30.494487     -21.517846      -2.369059     -22.765737      29.078528       5.124128
      30.498998     -21.511864      -2.369823     -22.777239      29.069435       5.126589
      30.503508     -21.505881      -2.370586     -22.788741      29.060335       5.129050
      30.508017     -21.499897      -2.371349     -22.800241      29.051228       5.131510
      30.512524     -21.493913      -2.372111     -22.811741      29.042115       5.133970
      30.517030     -21.487928      -2.372872     -22.823240      29.032995       5.136428
      30.521534     -21.481942      -2.373634     -22.834737      29.023868       5.138886
      30.526037     -21.475956      -2.374394     -22.846234      29.014735       5.141343
      30.530538     -21.469969      -2.375154     -22.857729      29.005594       5.143799
      30.535038     -21.463981      -2.375914     -22.869224      28.996447       5.146254
      30.539537     -21.457993      -2.376673     -22.880718      28.987294       5.148709
      30.544034     -21.452005      -2.377432     -22.892210      28.978133       5.151163
      30.548530     -21.446015      -2.378190     -22.903702      28.968966       5.153616
      30.553024     -21.440026      -2.378948     -22.915192      28.959793       5.156068
      30.557517     -21.434035      -2.379705     -22.926681      28.950612       5.158519
      30.562009     -21.428044      -2.380462     -22.938170      28.941425       5.160970
      30.566499     -21.422052      -2.381218     -22.949657      28.932231       5.163420
      30.570987     -21.416060      -2.381974     -22.961143      28.923030       5.165869
      30.575474     -21.410067      -2.382729     -22.972629      28.913823       5.168317
      30.579960     -21.404073      -2.383484     -22.984113      28.904609       5.170765
      30.584445     -21.398079      -2.384238     -22.995596      28.895388       5.173211
      30.588927     -21.392084      -2.384992     -23.007078      28.886160       5.175657
      30.593409     -21.386089      -2.385745     -23.018559      28.876926       5.178102
      30.597889     -21.380093      -2.386498     -23.030039      28.867685       5.180547
      30.602368     -21.374096      -2.387251     -23.041518      28.858437       5.182990
      30.606845     -21.368099      -2.388002     -23.052995      28.849183       5.185433
      30.611321     -21.362101      -2.388754     -23.064472      28.839921       5.187875
      30.615795     -21.356103      -2.389505     -23.075947      28.830653       5.190316
      30.620268     -21.350104      -2.390255     -23.087422      28.821379       5.192756
      30.624740     -21.344104      -2.391005     -23.098895      28.812097       5.195196
      30.629210     -21.338104      -2.391754     -23.110367      28.802809       5.197634
      30.633678     -21.332103      -2.392503     -23.121838      28.793514       5.200072
      30.638146     -21.326102      -2.393252     -23.133308      28.784212       5.202509
      30.642611     -21.320100      -2.393999     -23.144777      28.774904       5.204946
      30.647076     -21.314097      -2.394747     -23.156245      28.765589       5.207381
      30.651539     -21.308094      -2.395494     -23.167711      28.756267       5.209816
      30.656000     -21.302090      -2.396240     -23.179176      28.746938       5.212250
      30.660461     -21.296086      -2.396986     -23.190641      28.737603       5.214683
      30.664919     -21.290080      -2.397732     -23.202104      28.728261       5.217115
      30.669377     -21.284075      -2.398477     -23.213566      28.718912       5.219546
      30.673833     -21.278068      -2.399221     -23.225026      28.709557       5.221977
      30.678287     -21.272062      -2.399965     -23.236486      28.700194       5.224407
      30.682740     -21.266054      -2.400709     -23.247944      28.690825       5.226836
      30.687192     -21.260046      -2.401452     -23.259402      28.681449       5.229264
      30.691642     -21.254037      -2.402194     -23.270858      28.672067       5.231691
      30.696091     -21.248028      -2.402936     -23.282312      28.662677       5.234118
      30.700538     -21.242018      -2.403678     -23.293766      28.653281       5.236543
      30.704984     -21.236008      -2.404419     -23.305219      28.643879       5.238968
      30.709429     -21.229997      -2.405159     -23.316670      28.634469       5.241392
      30.713872     -21.223985      -2.405899     -23.328120      28.625053       5.243815
      30.718313     -21.217973      -2.406639     -23.339569      28.615630       5.246238
      30.722754     -21.211960      -2.407378     -23.351016      28.606200       5.248659
      30.727192     -21.205946      -2.408117     -23.362463      28.596763       5.251080
      30.731630     -21.199932      -2.408855     -23.373908      28.587320       5.253500
      30.736066     -21.193917      -2.409592     -23.385352      28.577870       5.255919
      30.740500     -21.187902      -2.410330     -23.396795      28.568413       5.258337
      30.744934     -21.181886      -2.411066     -23.408236      28.558949       5.260755
      30.749365     -21.175870      -2.411802     -23.419676      28.549479       5.263171
      30.753796     -21.169853      -2.412538     -23.431115      28.540002       5.265587
      30.758224     -21.163835      -2.413273     -23.442553      28.530518       5.268002
      30.762652     -21.157817      -2.414008     -23.453989      28.521027       5.270416
      30.767078     -21.151798      -2.414742     -23.465425      28.511530       5.272829
      30.771503     -21.145778      -2.415476     -23.476859      28.502026       5.275242
      30.775926     -21.139758      -2.416209     -23.488291      28.492515       5.277653
      30.780348     -21.133738      -2.416942     -23.499723      28.482997       5.280064
      30.784768     -21.127716      -2.417674     -23.511153      28.473473       5.282474
      30.789187     -21.121694      -2.418406     -23.522581      28.463941       5.284883
      30.793605     -21.115672      -2.419137     -23.534009      28.454403       5.287291
      30.798021     -21.109649      -2.419868     -23.545435      28.444859       5.289699
      30.802435     -21.103625      -2.420598     -23.556860      28.435307       5.292105
      30.806849     -21.097601      -2.421328     -23.568283      28.425749       5.294511
      30.811260     -21.091576      -2.422058     -23.579706      28.416184       5.296916
      30.815671     -21.085551      -2.422787     -23.591127      28.406612       5.299320
      30.820080     -21.079525      -2.423515     -23.602546      28.397033       5.301723
      30.824488     -21.073498      -2.424243     -23.613965      28.387448       5.304125
      30.828894     -21.067471      -2.424970     -23.625382      28.377856       5.306526
      30.833298     -21.061443      -2.425697     -23.636797      28.368257       5.308927
      30.837702     -21.055415      -2.426424     -23.648211      28.358651       5.311327
      30.842104     -21.049386      -2.427149     -23.659624      28.349039       5.313726
      30.846504     -21.043356      -2.427875     -23.671036      28.339419       5.316124
      30.850903     -21.037326      -2.428600     -23.682446      28.329793       5.318521
      30.855301     -21.031295      -2.429324     -23.693855      28.320160       5.320917
      30.859697     -21.025264      -2.430048     -23.705262      28.310521       5.323313
      30.864092     -21.019232      -2.430772     -23.716668      28.300875       5.325707
      30.868486     -21.013200      -2.431495     -23.728073      28.291221       5.328101
      30.872878     -21.007167      -2.432218     -23.739476      28.281561       5.330494
      30.877268     -21.001133      -2.432940     -23.750878      28.271895       5.332886
      30.881657     -20.995099      -2.433661     -23.762279      28.262221       5.335277
      30.886045     -20.989064      -2.434382     -23.773678      28.252541       5.337667
      30.890431     -20.983028      -2.435103     -23.785076      28.242854       5.340056
      30.894816     -20.976992      -2.435823     -23.796472      28.233160       5.342445
      30.899200     -20.970956      -2.436543     -23.807867      28.223460       5.344833
      30.903582     -20.964918      -2.437262     -23.819261      28.213752       5.347219
      30.907963     -20.958880      -2.437980     -23.830653      28.204038       5.349605
      30.912342     -20.952842      -2.438699     -23.842043      28.194317       5.351990
      30.916720     -20.946803      -2.439416     -23.853432      28.184589       5.354374
      30.921096     -20.940763      -2.440134     -23.864820      28.174855       5.356758
      30.925471     -20.934723      -2.440850     -23.876207      28.165113       5.359140
      30.929845     -20.928683      -2.441567     -23.887591      28.155365       5.361522
      30.934217     -20.922641      -2.442282     -23.898975      28.145610       5.363902
      30.938587     -20.916599      -2.442998     -23.910357      28.135849       5.366282
      30.942957     -20.910557      -2.443712     -23.921737      28.126080       5.368661
      30.947325     -20.904514      -2.444427     -23.933116      28.116305       5.371039
      30.951691     -20.898470      -2.445141     -23.944494      28.106523       5.373416
      30.956056     -20.892426      -2.445854     -23.955870      28.096734       5.375793
      30.960420     -20.886381      -2.446567     -23.967245      28.086939       5.378168
      30.964782     -20.880335      -2.447279     -23.978618      28.077136       5.380542
      30.969143     -20.874289      -2.447991     -23.989989      28.067327       5.382916
      30.973502     -20.868243      -2.448702     -24.001359      28.057511       5.385289
      30.977860     -20.862196      -2.449413     -24.012728      28.047688       5.387661
      30.982217     -20.856148      -2.450124     -24.024095      28.037858       5.390031
      30.986572     -20.850100      -2.450834     -24.035461      28.028022       5.392402
      30.990926     -20.844051      -2.451543     -24.046825      28.018179       5.394771
      30.995278     -20.838001      -2.452252     -24.058187      28.008329       5.397139
      30.999629     -20.831951      -2.452961     -24.069548      27.998472       5.399506
      31.003979     -20.825900      -2.453669     -24.080908      27.988609       5.401873
      31.008327     -20.819849      -2.454376     -24.092266      27.978738       5.404238
      31.012674     -20.813797      -2.455083     -24.103622      27.968861       5.406603
      31.017019     -20.807745      -2.455790     -24.114977      27.958977       5.408967
      31.021363     -20.801692      -2.456496     -24.126330      27.949086       5.411330
      31.025705     -20.795638      -2.457202     -24.137682      27.939189       5.413692
      31.030046     -20.789584      -2.457907     -24.149032      27.929284       5.416053
      31.034386     -20.783529      -2.458611     -24.160380      27.919373       5.418413
      31.038724     -20.777474      -2.459316     -24.171727      27.909455       5.420772
      31.043061     -20.771418      -2.460019     -24.183073      27.899530       5.423131
      31.047396     -20.765362      -2.460723     -24.194417      27.889599       5.425488
      31.051730     -20.759305      -2.461425     -24.205759      27.879661       5.427845
      31.056063     -20.753247      -2.462127     -24.217100      27.869715       5.430200
      31.060394     -20.747189      -2.462829     -24.228439      27.859763       5.432555
      31.064723     -20.741130      -2.463531     -24.239776      27.849805       5.434909
      31.069052     -20.735071      -2.464231     -24.251112      27.839839       5.437262
      31.073379     -20.729011      -2.464932     -24.262446      27.829867       5.439614
      31.077704     -20.722950      -2.465632     -24.273779      27.819887       5.441965
      31.082028     -20.716889      -2.466331     -24.285110      27.809901       5.444315
      31.086351     -20.710828      -2.467030     -24.296439      27.799909       5.446664
      31.090672     -20.704765      -2.467728     -24.307767      27.789909       5.449013
      31.094992     -20.698703      -2.468426     -24.319093      27.779903       5.451360
      31.099310     -20.692639      -2.469123     -24.330417      27.769889       5.453707
      31.103627     -20.686575      -2.469820     -24.341740      27.759869       5.456052
      31.107943     -20.680511      -2.470517     -24.353061      27.749843       5.458397
      31.112257     -20.674446      -2.471213     -24.364380      27.739809       5.460741
      31.116570     -20.668380      -2.471908     -24.375698      27.729768       5.463084
      31.120881     -20.662314      -2.472603     -24.387014      27.719721       5.465426
      31.125191     -20.656247      -2.473298     -24.398329      27.709667       5.467767
      31.129500     -20.650179      -2.473992     -24.409641      27.699606       5.470107
      31.133807     -20.644112      -2.474686     -24.420952      27.689539       5.472446
      31.138112     -20.638043      -2.475379     -24.432262      27.679464       5.474784
      31.142417     -20.631974      -2.476071     -24.443569      27.669383       5.477121
      31.146720     -20.625904      -2.476764     -24.454875      27.659295       5.479458
      31.151021     -20.619834      -2.477455     -24.466179      27.649200       5.481793
      31.155321     -20.613763      -2.478146     -24.477482      27.639098       5.484127
      31.159620     -20.607692      -2.478837     -24.488783      27.628990       5.486461
      31.163917     -20.601620      -2.479527     -24.500082      27.618874       5.488794
      31.168213     -20.595547      -2.480217     -24.511379      27.608752       5.491125
      31.172507     -20.589474      -2.480906     -24.522675      27.598623       5.493456
      31.176800     -20.583400      -2.481595     -24.533969      27.588487       5.495786
      31.181092     -20.577326      -2.482284     -24.545261      27.578345       5.498115
      31.185382     -20.571251      -2.482971     -24.556551      27.568195       5.500443
      31.189671     -20.565176      -2.483659     -24.567840      27.558039       5.502770
      31.193958     -20.559100      -2.484346     -24.579126      27.547876       5.505096
      31.198244     -20.553023      -2.485032     -24.590412      27.537706       5.507421
      31.202528     -20.546946      -2.485718     -24.601695      27.527529       5.509745
      31.206811     -20.540869      -2.486403     -24.612976      27.517346       5.512068
      31.211093     -20.534790      -2.487088     -24.624256      27.507156       5.514390
      31.215373     -20.528712      -2.487773     -24.635534      27.496959       5.516712
      31.219652     -20.522632      -2.488457     -24.646810      27.486755       5.519032
      31.223930     -20.516552      -2.489140     -24.658085      27.476544       5.521351
      31.228206     -20.510472      -2.489823     -24.669357      27.466326       5.523670
      31.232481     -20.504391      -2.490506     -24.680628      27.456102       5.525987
      31.236754     -20.498309      -2.491188     -24.691897      27.445871       5.528304
      31.241026     -20.492227      -2.491870     -24.703164      27.435633       5.530619
      31.245296     -20.486144      -2.492551     -24.714429      27.425388       5.532934
      31.249565     -20.480061      -2.493231     -24.725693      27.415136       5.535248
      31.253833     -20.473977      -2.493912     -24.736954      27.404878       5.537560
      31.258099     -20.467893      -2.494591     -24.748214      27.394612       5.539872
      31.262364     -20.461808      -2.495271     -24.759472      27.384340       5.542183
      31.266627     -20.455722      -2.495949     -24.770728      27.374061       5.544493
      31.270889     -20.449636      -2.496628     -24.781983      27.363776       5.546802
      31.275150     -20.443549      -2.497305     -24.793235      27.353483       5.549109
      31.279409     -20.437462      -2.497983     -24.804485      27.343184       5.551416
      31.283666     -20.431374      -2.498660     -24.815734      27.332878       5.553722
      31.287923     -20.425286      -2.499336     -24.826981      27.322565       5.556027
      31.292178     -20.419197      -2.500012     -24.838226      27.312245       5.558331
      31.296431     -20.413107      -2.500687     -24.849469      27.301918       5.560635
      31.300683     -20.407017      -2.501362     -24.860710      27.291585       5.562937
      31.304934     -20.400926      -2.502037     -24.871949      27.281245       5.565238
      31.309183     -20.394835      -2.502711     -24.883186      27.270897       5.567538
      31.313431     -20.388743      -2.503384     -24.894422      27.260544       5.569837
      31.317678     -20.382651      -2.504057     -24.905655      27.250183       5.572135
      31.321923     -20.376558      -2.504730     -24.916887      27.239815       5.574432
      31.326166     -20.370465      -2.505402     -24.928117      27.229441       5.576729
      31.330409     -20.364371      -2.506073     -24.939344      27.219060       5.579024
      31.334649     -20.358276      -2.506745     -24.950570      27.208672       5.581318
      31.338889     -20.352181      -2.507415     -24.961794      27.198277       5.583612
      31.343127     -20.346085      -2.508085     -24.973016      27.187875       5.585904
      31.347363     -20.339989      -2.508755     -24.984236      27.177467       5.588195
      31.351599     -20.333892      -2.509424     -24.995454      27.167051       5.590486
      31.355832     -20.327795      -2.510093     -25.006670      27.156629       5.592775
      31.360065     -20.321697      -2.510761     -25.017884      27.146200       5.595063
      31.364296     -20.315599      -2.511429     -25.029096      27.135765       5.597351
      31.368525     -20.309499      -2.512096     -25.040306      27.125322       5.599637
      31.372754     -20.303400      -2.512763     -25.051514      27.114873       5.601923
      31.376980     -20.297300      -2.513430     -25.062720      27.104417       5.604207
      31.381206     -20.291199      -2.514096     -25.073925      27.093954       5.606490
      31.385430     -20.285098      -2.514761     -25.085127      27.083484       5.608773
      31.389652     -20.278996      -2.515426     -25.096327      27.073007       5.611054
      31.393873     -20.272894      -2.516090     -25.107525      27.062524       5.613335
      31.398093     -20.266791      -2.516754     -25.118721      27.052033       5.615614
      31.402311     -20.260687      -2.517418     -25.129915      27.041536       5.617893
      31.406528     -20.254583      -2.518081     -25.141107      27.031032       5.620170
      31.410744     -20.248479      -2.518743     -25.152297      27.020521       5.622447
      31.414958     -20.242373      -2.519406     -25.163485      27.010004       5.624722
      31.419171     -20.236268      -2.520067     -25.174671      26.999480       5.626997
      31.423382     -20.230161      -2.520728     -25.185855      26.988948       5.629270
      31.427592     -20.224055      -2.521389     -25.197037      26.978410       5.631542
      31.431800     -20.217947      -2.522049     -25.208217      26.967865       5.633814
      31.436007     -20.211839      -2.522709     -25.219395      26.957314       5.636084
      31.440213     -20.205731      -2.523368     -25.230571      26.946755       5.638354
      31.444417     -20.199622      -2.524027     -25.241744      26.936190       5.640622
      31.448620     -20.193512      -2.524685     -25.252916      26.925618       5.642890
      31.452822     -20.187402      -2.525343     -25.264085      26.915039       5.645156
      31.457022     -20.181292      -2.526000     -25.275253      26.904453       5.647421
      31.461220     -20.175180      -2.526657     -25.286418      26.893861       5.649686
      31.465417     -20.169069      -2.527314     -25.297581      26.883261       5.651949
      31.469613     -20.162956      -2.527970     -25.308742      26.872655       5.654211
      31.473808     -20.156843      -2.528625     -25.319901      26.862042       5.656473
      31.478001     -20.150730      -2.529280     -25.331058      26.851422       5.658733
      31.482192     -20.144616      -2.529935     -25.342213      26.840795       5.660992
      31.486383     -20.138501      -2.530589     -25.353365      26.830162       5.663251
      31.490571     -20.132386      -2.531242     -25.364516      26.819521       5.665508
      31.494759     -20.126271      -2.531895     -25.375664      26.808874       5.667764
      31.498945     -20.120155      -2.532548     -25.386810      26.798220       5.670019
      31.503129     -20.114038      -2.533200     -25.397954      26.787560       5.672273
      31.507313     -20.107921      -2.533852     -25.409096      26.776892       5.674527
      31.511494     -20.101803      -2.534503     -25.420236      26.766218       5.676779
      31.515675     -20.095684      -2.535154     -25.431374      26.755536       5.679030
      31.519854     -20.089565      -2.535804     -25.442509      26.744848       5.681280
      31.524031     -20.083446      -2.536454     -25.453642      26.734154       5.683529
      31.528207     -20.077326      -2.537103     -25.464773      26.723452       5.685777
      31.532382     -20.071205      -2.537752     -25.475902      26.712743       5.688024
      31.536556     -20.065084      -2.538400     -25.487029      26.702028       5.690270
      31.540728     -20.058963      -2.539048     -25.498153      26.691306       5.692515
      31.544898     -20.052840      -2.539696     -25.509275      26.680577       5.694758
      31.549067     -20.046718      -2.540343     -25.520396      26.669841       5.697001
      31.553235     -20.040594      -2.540989     -25.531513      26.659099       5.699243
      31.557401     -20.034471      -2.541635     -25.542629      26.648349       5.701484
      31.561566     -20.028346      -2.542281     -25.553742      26.637593       5.703724
      31.565730     -20.022221      -2.542926     -25.564854      26.626830       5.705962
      31.569892     -20.016096      -2.543570     -25.575963      26.616060       5.708200
      31.574053     -20.009970      -2.544214     -25.587069      26.605284       5.710436
      31.578212     -20.003843      -2.544858     -25.598174      26.594500       5.712672
      31.582370     -19.997716      -2.545501     -25.609276      26.583710       5.714906
      31.586527     -19.991589      -2.546144     -25.620376      26.572913       5.717140
      31.590682     -19.985460      -2.546786     -25.631474      26.562109       5.719372
      31.594835     -19.979332      -2.547428     -25.642569      26.551298       5.721604
      31.598988     -19.973202      -2.548069     -25.653662      26.540481       5.723834
      31.603139     -19.967073      -2.548710     -25.664753      26.529656       5.726063
      31.607288     -19.960942      -2.549350     -25.675842      26.518825       5.728291
      31.611436     -19.954811      -2.549990     -25.686928      26.507987       5.730518
      31.615583     -19.948680      -2.550630     -25.698012      26.497142       5.732744
      31.619728     -19.942548      -2.551269     -25.709094      26.486291       5.734969
      31.623872     -19.936415      -2.551907     -25.720173      26.475432       5.737193
      31.628015     -19.930282      -2.552545     -25.731250      26.464567       5.739416
      31.632156     -19.924149      -2.553183     -25.742325      26.453695       5.741638
      31.636296     -19.918015      -2.553820     -25.753397      26.442816       5.743859
      31.640434     -19.911880      -2.554456     -25.764468      26.431931       5.746079
      31.644571     -19.905745      -2.555092     -25.775535      26.421038       5.748297
      31.648706     -19.899609      -2.555728     -25.786601      26.410139       5.750515
      31.652840     -19.893473      -2.556363     -25.797664      26.399233       5.752731
      31.656973     -19.887336      -2.556998     -25.808725      26.388320       5.754947
      31.661104     -19.881199      -2.557632     -25.819783      26.377401       5.757161
      31.665234     -19.875061      -2.558266     -25.830839      26.366474       5.759375
      31.669363     -19.868922      -2.558899     -25.841893      26.355541       5.761587
      31.673490     -19.862783      -2.559532     -25.852944      26.344601       5.763798
      31.677616     -19.856644      -2.560164     -25.863993      26.333654       5.766008
      31.681740     -19.850504      -2.560796     -25.875040      26.322700       5.768217
      31.685863     -19.844363      -2.561428     -25.886084      26.311740       5.770425
      31.689984     -19.838222      -2.562059     -25.897126      26.300772       5.772632
      31.694104     -19.832080      -2.562689     -25.908165      26.289798       5.774838
      31.698223     -19.825938      -2.563319     -25.919202      26.278817       5.777042
      31.702340     -19.819795      -2.563949     -25.930237      26.267830       5.779246
      31.706456     -19.813652      -2.564578     -25.941269      26.256835       5.781449
      31.710571     -19.807508      -2.565206     -25.952299      26.245834       5.783650
      31.714684     -19.801364      -2.565834     -25.963326      26.234826       5.785850
      31.718796     -19.795219      -2.566462     -25.974351      26.223811       5.788050
      31.722906     -19.789074      -2.567089     -25.985373      26.212789       5.790248
      31.727015     -19.782928      -2.567716     -25.996393      26.201760       5.792445
      31.731122     -19.776781      -2.568342     -26.007411      26.190725       5.794641
      31.735229     -19.770634      -2.568968     -26.018426      26.179683       5.796836
      31.739333     -19.764487      -2.569593     -26.029438      26.168634       5.799030
      31.743437     -19.758339      -2.570218     -26.040449      26.157578       5.801223
      31.747538     -19.752190      -2.570843     -26.051456      26.146516       5.803414
      31.751639     -19.746041      -2.571466     -26.062462      26.135447       5.805605
      31.755738     -19.739891      -2.572090     -26.073464      26.124370       5.807795
      31.759836     -19.733741      -2.572713     -26.084465      26.113287       5.809983
      31.763932     -19.727590      -2.573335     -26.095462      26.102198       5.812170
      31.768027     -19.721439      -2.573957     -26.106458      26.091101       5.814356
      31.772121     -19.715287      -2.574579     -26.117451      26.079998       5.816542
      31.776213     -19.709135      -2.575200     -26.128441      26.068888       5.818726
      31.780303     -19.702982      -2.575821     -26.139429      26.057771       5.820908
      31.784393     -19.696829      -2.576441     -26.150414      26.046647       5.823090
      31.788481     -19.690675      -2.577061     -26.161396      26.035517       5.825271
      31.792567     -19.684520      -2.577680     -26.172377      26.024380       5.827451
      31.796652     -19.678365      -2.578299     -26.183354      26.013236       5.829629
      31.800736     -19.672210      -2.578917     -26.194329      26.002085       5.831806
      31.804818     -19.666054      -2.579535     -26.205302      25.990927       5.833983
      31.808899     -19.659897      -2.580152     -26.216272      25.979763       5.836158
      31.812979     -19.653740      -2.580769     -26.227239      25.968591       5.838332
      31.817057     -19.647582      -2.581385     -26.238204      25.957413       5.840505
      31.821134     -19.641424      -2.582001     -26.249167      25.946229       5.842677
      31.825209     -19.635265      -2.582617     -26.260126      25.935037       5.844847
      31.829283     -19.629106      -2.583232     -26.271084      25.923839       5.847017
      31.833356     -19.622947      -2.583847     -26.282038      25.912634       5.849185
      31.837427     -19.616786      -2.584461     -26.292990      25.901422       5.851353
      31.841497     -19.610625      -2.585074     -26.303940      25.890203       5.853519
      31.845565     -19.604464      -2.585687     -26.314886      25.878977       5.855684
      31.849632     -19.598302      -2.586300     -26.325830      25.867745       5.857848
      31.853698     -19.592140      -2.586912     -26.336772      25.856506       5.860011
      31.857762     -19.585977      -2.587524     -26.347711      25.845260       5.862173
      31.861825     -19.579814      -2.588135     -26.358647      25.834008       5.864333
      31.865886     -19.573650      -2.588746     -26.369581      25.822748       5.866493
      31.869946     -19.567485      -2.589357     -26.380512      25.811482       5.868651
      31.874004     -19.561320      -2.589967     -26.391440      25.800209       5.870809
      31.878062     -19.555155      -2.590576     -26.402366      25.788929       5.872965
      31.882117     -19.548989      -2.591185     -26.413289      25.777643       5.875120
      31.886172     -19.542822      -2.591793     -26.424210      25.766350       5.877274
      31.890225     -19.536655      -2.592401     -26.435128      25.755049       5.879426
      31.894277     -19.530487      -2.593009     -26.446043      25.743743       5.881578
      31.898327     -19.524319      -2.593616     -26.456955      25.732429       5.883728
      31.902376     -19.518151      -2.594223     -26.467865      25.721109       5.885878
      31.906423     -19.511981      -2.594829     -26.478772      25.709781       5.888026
      31.910469     -19.505812      -2.595435     -26.489676      25.698448       5.890173
      31.914514     -19.499641      -2.596040     -26.500578      25.687107       5.892319
      31.918557     -19.493471      -2.596645     -26.511477      25.675759       5.894464
      31.922599     -19.487299      -2.597249     -26.522373      25.664405       5.896607
      31.926639     -19.481128      -2.597853     -26.533267      25.653044       5.898750
      31.930678     -19.474955      -2.598456     -26.544158      25.641676       5.900891
      31.934716     -19.468782      -2.599059     -26.555046      25.630302       5.903031
      31.938752     -19.462609      -2.599662     -26.565931      25.618920       5.905170
      31.942787     -19.456435      -2.600264     -26.576814      25.607532       5.907308
      31.946821     -19.450261      -2.600865     -26.587694      25.596138       5.909445
      31.950853     -19.444086      -2.601466     -26.598571      25.584736       5.911580
      31.954883     -19.437911      -2.602067     -26.609446      25.573328       5.913715
      31.958913     -19.431735      -2.602667     -26.620317      25.561912       5.915848
      31.962941     -19.425558      -2.603267     -26.631186      25.550491       5.917980
      31.966967     -19.419381      -2.603866     -26.642052      25.539062       5.920111
      31.970992     -19.413204      -2.604464     -26.652916      25.527626       5.922241
      31.975016     -19.407026      -2.605063     -26.663776      25.516184       5.924370
      31.979038     -19.400847      -2.605661     -26.674634      25.504735       5.926497
      31.983059     -19.394668      -2.606258     -26.685489      25.493280       5.928624
      31.987079     -19.388488      -2.606855     -26.696341      25.481817       5.930749
      31.991097     -19.382308      -2.607451     -26.707191      25.470348       5.932873
      31.995114     -19.376128      -2.608047     -26.718037      25.458872       5.934996
      31.999129     -19.369947      -2.608643     -26.728881      25.447389       5.937118
      32.003143     -19.363765      -2.609238     -26.739722      25.435900       5.939238
      32.007156     -19.357583      -2.609832     -26.750560      25.424404       5.941357
      32.011167     -19.351400      -2.610426     -26.761395      25.412901       5.943476
      32.015177     -19.345217      -2.611020     -26.772228      25.401391       5.945593
      32.019185     -19.339033      -2.611613     -26.783057      25.389875       5.947709
      32.023192     -19.332849      -2.612206     -26.793884      25.378351       5.949823
      32.027198     -19.326664      -2.612798     -26.804708      25.366821       5.951937
      32.031202     -19.320479      -2.613390     -26.815529      25.355285       5.954049
      32.035205     -19.314293      -2.613981     -26.826347      25.343741       5.956160
      32.039206     -19.308107      -2.614572     -26.837163      25.332191       5.958270
      32.043206     -19.301920      -2.615162     -26.847975      25.320634       5.960379
      32.047205     -19.295733      -2.615752     -26.858785      25.309071       5.962487
      32.051202     -19.289545      -2.616342     -26.869591      25.297500       5.964593
      32.055198     -19.283357      -2.616931     -26.880395      25.285923       5.966699
      32.059193     -19.277168      -2.617519     -26.891196      25.274339       5.968803
      32.063186     -19.270978      -2.618107     -26.901994      25.262748       5.970906
      32.067178     -19.264789      -2.618695     -26.912789      25.251151       5.973007
      32.071168     -19.258598      -2.619282     -26.923581      25.239547       5.975108
      32.075157     -19.252407      -2.619869     -26.934370      25.227936       5.977207
      32.079144     -19.246216      -2.620455     -26.945157      25.216319       5.979305
      32.083130     -19.240024      -2.621041     -26.955940      25.204694       5.981402
      32.087115     -19.233831      -2.621626     -26.966720      25.193063       5.983498
      32.091099     -19.227639      -2.622211     -26.977498      25.181426       5.985593
      32.095081     -19.221445      -2.622795     -26.988272      25.169781       5.987686
      32.099061     -19.215251      -2.623379     -26.999044      25.158130       5.989779
      32.103040     -19.209057      -2.623963     -27.009813      25.146472       5.991870
      32.107018     -19.202862      -2.624546     -27.020578      25.134807       5.993959
      32.110994     -19.196666      -2.625128     -27.031341      25.123136       5.996048
      32.114970     -19.190470      -2.625710     -27.042101      25.111458       5.998136
      32.118943     -19.184274      -2.626292     -27.052857      25.099773       6.000222
      32.122915     -19.178077      -2.626873     -27.063611      25.088081       6.002307
      32.126886     -19.171879      -2.627454     -27.074362      25.076383       6.004391
      32.130856     -19.165681      -2.628034     -27.085110      25.064678       6.006473
      32.134824     -19.159483      -2.628614     -27.095854      25.052966       6.008555
      32.138790     -19.153284      -2.629193     -27.106596      25.041248       6.010635
      32.142756     -19.147084      -2.629772     -27.117335      25.029523       6.012714
      32.146720     -19.140884      -2.630350     -27.128070      25.017791       6.014792
      32.150682     -19.134683      -2.630928     -27.138803      25.006052       6.016869
      32.154643     -19.128482      -2.631505     -27.149533      24.994307       6.018944
      32.158603     -19.122281      -2.632082     -27.160259      24.982555       6.021018
      32.162561     -19.116079      -2.632659     -27.170983      24.970796       6.023091
      32.166518     -19.109876      -2.633235     -27.181703      24.959031       6.025163
      32.170474     -19.103673      -2.633811     -27.192421      24.947259       6.027233
      32.174428     -19.097469      -2.634386     -27.203135      24.935480       6.029303
      32.178381     -19.091265      -2.634960     -27.213846      24.923694       6.031371
      32.182332     -19.085061      -2.635535     -27.224555      24.911902       6.033438
      32.186282     -19.078855      -2.636108     -27.235260      24.900103       6.035504
      32.190231     -19.072650      -2.636682     -27.245962      24.888298       6.037568
      32.194178     -19.066444      -2.637255     -27.256661      24.876485       6.039631
      32.198124     -19.060237      -2.637827     -27.267357      24.864666       6.041693
      32.202068     -19.054030      -2.638399     -27.278049      24.852841       6.043754
      32.206011     -19.047822      -2.638970     -27.288739      24.841008       6.045814
      32.209953     -19.041614      -2.639541     -27.299425      24.829169       6.047872
      32.213893     -19.035405      -2.640112     -27.310109      24.817323       6.049929
      32.217832     -19.029196      -2.640682     -27.320789      24.805471       6.051985
      32.221770     -19.022987      -2.641251     -27.331466      24.793611       6.054040
      32.225706     -19.016776      -2.641821     -27.342140      24.781746       6.056093
      32.229641     -19.010566      -2.642389     -27.352811      24.769873       6.058145
      32.233574     -19.004355      -2.642958     -27.363479      24.757994       6.060196
      32.237506     -18.998143      -2.643525     -27.374144      24.746108       6.062246
      32.241437     -18.991931      -2.644093     -27.384805      24.734215       6.064295
      32.245366     -18.985718      -2.644660     -27.395463      24.722316       6.066342
      32.249294     -18.979505      -2.645226     -27.406118      24.710410       6.068388
      32.253220     -18.973291      -2.645792     -27.416770      24.698497       6.070433
      32.257145     -18.967077      -2.646357     -27.427419      24.686578       6.072476
      32.261069     -18.960863      -2.646922     -27.438064      24.674652       6.074519
      32.264991     -18.954647      -2.647487     -27.448707      24.662719       6.076560
      32.268912     -18.948432      -2.648051     -27.459346      24.650780       6.078600
      32.272831     -18.942216      -2.648615     -27.469982      24.638834       6.080638
      32.276749     -18.935999      -2.649178     -27.480615      24.626881       6.082676
      32.280666     -18.929782      -2.649741     -27.491244      24.614921       6.084712
      32.284581     -18.923564      -2.650303     -27.501870      24.602955       6.086747
      32.288495     -18.917346      -2.650865     -27.512493      24.590983       6.088780
      32.292408     -18.911127      -2.651426     -27.523113      24.579003       6.090813
      32.296319     -18.904908      -2.651987     -27.533730      24.567017       6.092844
      32.300229     -18.898688      -2.652547     -27.544343      24.555024       6.094874
      32.304137     -18.892468      -2.653107     -27.554953      24.543025       6.096902
      32.308044     -18.886248      -2.653667     -27.565560      24.531019       6.098930
      32.311950     -18.880026      -2.654226     -27.576164      24.519006       6.100956
      32.315854     -18.873805      -2.654784     -27.586764      24.506987       6.102981
      32.319757     -18.867583      -2.655342     -27.597361      24.494961       6.105004
      32.323658     -18.861360      -2.655900     -27.607955      24.482928       6.107026
      32.327558     -18.855137      -2.656457     -27.618545      24.470889       6.109048
      32.331457     -18.848913      -2.657014     -27.629133      24.458843       6.111067
      32.335354     -18.842689      -2.657570     -27.639716      24.446790       6.113086
      32.339250     -18.836465      -2.658126     -27.650297      24.434731       6.115103
      32.343145     -18.830240      -2.658682     -27.660874      24.422665       6.117119
      32.347038     -18.824014      -2.659237     -27.671448      24.410592       6.119134
      32.350930     -18.817788      -2.659791     -27.682019      24.398513       6.121147
      32.354820     -18.811561      -2.660345     -27.692586      24.386427       6.123160
      32.358709     -18.805334      -2.660899     -27.703150      24.374335       6.125171
      32.362597     -18.799107      -2.661452     -27.713711      24.362236       6.127180
      32.366483     -18.792879      -2.662004     -27.724268      24.350130       6.129189
      32.370368     -18.786650      -2.662557     -27.734822      24.338017       6.131196
      32.374251     -18.780421      -2.663108     -27.745373      24.325898       6.133202
      32.378133     -18.774191      -2.663659     -27.755920      24.313773       6.135206
      32.382014     -18.767961      -2.664210     -27.766464      24.301640       6.137209
      32.385893     -18.761731      -2.664761     -27.777004      24.289501       6.139212
      32.389771     -18.755500      -2.665311     -27.787542      24.277356       6.141212
      32.393648     -18.749268      -2.665860     -27.798075      24.265204       6.143212
      32.397523     -18.743036      -2.666409     -27.808606      24.253045       6.145210
      32.401397     -18.736804      -2.666957     -27.819133      24.240879       6.147207
      32.405269     -18.730571      -2.667506     -27.829656      24.228707       6.149202
      32.409140     -18.724337      -2.668053     -27.840176      24.216529       6.151197
      32.413010     -18.718103      -2.668600     -27.850693      24.204343       6.153190
      32.416878     -18.711869      -2.669147     -27.861207      24.192151       6.155182
      32.420745     -18.705634      -2.669693     -27.871717      24.179953       6.157172
      32.424610     -18.699398      -2.670239     -27.882223      24.167748       6.159161
      32.428475     -18.693163      -2.670784     -27.892726      24.155536       6.161149
      32.432337     -18.686926      -2.671329     -27.903226      24.143317       6.163136
      32.436199     -18.680689      -2.671874     -27.913722      24.131092       6.165121
      32.440059     -18.674452      -2.672417     -27.924215      24.118861       6.167105
      32.443917     -18.668214      -2.672961     -27.934704      24.106623       6.169088
      32.447774     -18.661976      -2.673504     -27.945190      24.094378       6.171069
      32.451630     -18.655737      -2.674047     -27.955672      24.082126       6.173049
      32.455485     -18.649497      -2.674589     -27.966151      24.069868       6.175028
      32.459338     -18.643258      -2.675130     -27.976626      24.057604       6.177006
      32.463189     -18.637017      -2.675672     -27.987098      24.045332       6.178982
      32.467040     -18.630776      -2.676212     -27.997567      24.033055       6.180957
      32.470888     -18.624535      -2.676753     -28.008032      24.020770       6.182931
      32.474736     -18.618293      -2.677292     -28.018493      24.008479       6.184903
      32.478582     -18.612051      -2.677832     -28.028951      23.996182       6.186874
      32.482427     -18.605808      -2.678371     -28.039405      23.983878       6.188844
      32.486270     -18.599565      -2.678909     -28.049856      23.971567       6.190812
      32.490112     -18.593321      -2.679447     -28.060304      23.959249       6.192779
      32.493953     -18.587077      -2.679985     -28.070747      23.946926       6.194745
      32.497792     -18.580832      -2.680522     -28.081188      23.934595       6.196710
      32.501630     -18.574587      -2.681059     -28.091625      23.922258       6.198673
      32.505466     -18.568342      -2.681595     -28.102058      23.909914       6.200635
      32.509301     -18.562095      -2.682131     -28.112487      23.897564       6.202595
      32.513135     -18.555849      -2.682666     -28.122913      23.885207       6.204554
      32.516967     -18.549602      -2.683201     -28.133336      23.872844       6.206512
      32.520798     -18.543354      -2.683735     -28.143755      23.860474       6.208469
      32.524628     -18.537106      -2.684269     -28.154170      23.848097       6.210424
      32.528456     -18.530857      -2.684802     -28.164582      23.835714       6.212378
      32.532283     -18.524608      -2.685335     -28.174990      23.823325       6.214331
      32.536108     -18.518359      -2.685868     -28.185395      23.810928       6.216282
      32.539932     -18.512109      -2.686400     -28.195796      23.798526       6.218232
      32.543755     -18.505858      -2.686932     -28.206193      23.786116       6.220181
      32.547576     -18.499607      -2.687463     -28.216587      23.773700       6.222128
      32.551396     -18.493356      -2.687994     -28.226977      23.761278       6.224074
      32.555215     -18.487104      -2.688524     -28.237364      23.748849       6.226019
      32.559032     -18.480852      -2.689054     -28.247747      23.736413       6.227962
      32.562847     -18.474599      -2.689583     -28.258126      23.723971       6.229904
      32.566662     -18.468345      -2.690112     -28.268502      23.711523       6.231845
      32.570475     -18.462091      -2.690640     -28.278874      23.699068       6.233784
      32.574286     -18.455837      -2.691168     -28.289242      23.686606       6.235722
      32.578097     -18.449582      -2.691696     -28.299607      23.674138       6.237659
      32.581905     -18.443327      -2.692223     -28.309968      23.661663       6.239594
      32.585713     -18.437071      -2.692750     -28.320325      23.649181       6.241528
      32.589519     -18.430815      -2.693276     -28.330679      23.636693       6.243461
      32.593324     -18.424558      -2.693802     -28.341029      23.624199       6.245392
      32.597127     -18.418301      -2.694327     -28.351376      23.611698       6.247322
      32.600929     -18.412043      -2.694852     -28.361718      23.599191       6.249251
      32.604730     -18.405785      -2.695376     -28.372057      23.586677       6.251178
      32.608529     -18.399527      -2.695900     -28.382392      23.574156       6.253104
      32.612327     -18.393267      -2.696424     -28.392724      23.561629       6.255029
      32.616123     -18.387008      -2.696947     -28.403052      23.549095       6.256952
      32.619918     -18.380748      -2.697469     -28.413376      23.536555       6.258874
      32.623712     -18.374487      -2.697991     -28.423696      23.524009       6.260795
      32.627504     -18.368226      -2.698513     -28.434013      23.511456       6.262714
      32.631295     -18.361965      -2.699034     -28.444326      23.498896       6.264632
      32.635085     -18.355703      -2.699555     -28.454635      23.486330       6.266548
      32.638873     -18.349440      -2.700075     -28.464941      23.473757       6.268464
      32.642660     -18.343177      -2.700595     -28.475242      23.461178       6.270377
      32.646445     -18.336914      -2.701114     -28.485540      23.448592       6.272290
      32.650229     -18.330650      -2.701633     -28.495834      23.436000       6.274201
      32.654012     -18.324386      -2.702152     -28.506125      23.423401       6.276111
      32.657793     -18.318121      -2.702670     -28.516411      23.410796       6.278019
      32.661573     -18.311855      -2.703187     -28.526694      23.398184       6.279926
      32.665351     -18.305590      -2.703704     -28.536973      23.385566       6.281832
      32.669129     -18.299323      -2.704221     -28.547248      23.372942       6.283736
      32.672904     -18.293057      -2.704737     -28.557520      23.360310       6.285639
      32.676679     -18.286789      -2.705253     -28.567788      23.347673       6.287541
      32.680452     -18.280522      -2.705768     -28.578051      23.335029       6.289441
      32.684224     -18.274253      -2.706283     -28.588311      23.322378       6.291340
      32.687994     -18.267985      -2.706798     -28.598568      23.309721       6.293237
      32.691763     -18.261716      -2.707312     -28.608820      23.297057       6.295133
      32.695530     -18.255446      -2.707825     -28.619068      23.284387       6.297028
      32.699296     -18.249176      -2.708338     -28.629313      23.271711       6.298922
      32.703061     -18.242906      -2.708851     -28.639554      23.259028       6.300814
      32.706825     -18.236635      -2.709363     -28.649791      23.246338       6.302704
      32.710587     -18.230363      -2.709874     -28.660024      23.233642       6.304593
      32.714347     -18.224091      -2.710386     -28.670253      23.220940       6.306481
      32.718106     -18.217819      -2.710896     -28.680479      23.208231       6.308368
      32.721864     -18.211546      -2.711407     -28.690700      23.195516       6.310253
      32.725621     -18.205273      -2.711917     -28.700918      23.182794       6.312137
      32.729376     -18.198999      -2.712426     -28.711132      23.170066       6.314019
      32.733130     -18.192724      -2.712935     -28.721342      23.157331       6.315900
      32.736882     -18.186450      -2.713444     -28.731548      23.144590       6.317780
      32.740633     -18.180174      -2.713952     -28.741750      23.131842       6.319658
      32.744383     -18.173899      -2.714459     -28.751948      23.119088       6.321535
      32.748131     -18.167623      -2.714966     -28.762142      23.106328       6.323410
      32.751878     -18.161346      -2.715473     -28.772332      23.093561       6.325284
      32.755623     -18.155069      -2.715979     -28.782519      23.080787       6.327157
      32.759368     -18.148791      -2.716485     -28.792701      23.068007       6.329028
      32.763110     -18.142513      -2.716991     -28.802880      23.055221       6.330898
      32.766852     -18.136235      -2.717495     -28.813054      23.042428       6.332767
      32.770592     -18.129956      -2.718000     -28.823225      23.029629       6.334634
      32.774330     -18.123676      -2.718504     -28.833392      23.016824       6.336499
      32.778068     -18.117396      -2.719007     -28.843555      23.004012       6.338364
      32.781803     -18.111116      -2.719511     -28.853713      22.991193       6.340227
      32.785538     -18.104835      -2.720013     -28.863868      22.978368       6.342088
      32.789271     -18.098554      -2.720515     -28.874019      22.965537       6.343948
      32.793003     -18.092272      -2.721017     -28.884166      22.952699       6.345807
      32.796733     -18.085990      -2.721518     -28.894309      22.939855       6.347664
      32.800462     -18.079707      -2.722019     -28.904447      22.927005       6.349520
      32.804190     -18.073424      -2.722520     -28.914582      22.914148       6.351375
      32.807916     -18.067140      -2.723020     -28.924713      22.901284       6.353228
      32.811641     -18.060856      -2.723519     -28.934840      22.888415       6.355080
      32.815365     -18.054572      -2.724018     -28.944963      22.875538       6.356930
      32.819087     -18.048287      -2.724517     -28.955082      22.862656       6.358779
      32.822808     -18.042001      -2.725015     -28.965196      22.849767       6.360626
      32.826527     -18.035715      -2.725512     -28.975307      22.836872       6.362473
      32.830245     -18.029429      -2.726010     -28.985414      22.823970       6.364317
      32.833962     -18.023142      -2.726506     -28.995516      22.811062       6.366160
      32.837677     -18.016854      -2.727003     -29.005615      22.798147       6.368002
      32.841391     -18.010567      -2.727499     -29.015710      22.785226       6.369843
      32.845103     -18.004278      -2.727994     -29.025800      22.772299       6.371682
      32.848815     -17.997990      -2.728489     -29.035887      22.759365       6.373519
      32.852524     -17.991700      -2.728984     -29.045969      22.746425       6.375356
      32.856233     -17.985411      -2.729478     -29.056047      22.733479       6.377190
      32.859940     -17.979121      -2.729971     -29.066121      22.720526       6.379024
      32.863645     -17.972830      -2.730465     -29.076191      22.707567       6.380856
      32.867350     -17.966539      -2.730957     -29.086257      22.694601       6.382686
      32.871053     -17.960247      -2.731450     -29.096319      22.681629       6.384515
      32.874754     -17.953955      -2.731941     -29.106377      22.668651       6.386343
      32.878454     -17.947663      -2.732433     -29.116431      22.655666       6.388169
      32.882153     -17.941370      -2.732924     -29.126480      22.642675       6.389994
      32.885851     -17.935077      -2.733414     -29.136526      22.629678       6.391817
      32.889547     -17.928783      -2.733904     -29.146567      22.616674       6.393639
      32.893241     -17.922489      -2.734394     -29.156604      22.603664       6.395460
      32.896935     -17.916194      -2.734883     -29.166637      22.590648       6.397279
      32.900627     -17.909899      -2.735372     -29.176666      22.577625       6.399097
      32.904317     -17.903603      -2.735860     -29.186691      22.564596       6.400913
      32.908007     -17.897307      -2.736348     -29.196711      22.551560       6.402728
      32.911694     -17.891010      -2.736835     -29.206728      22.538518       6.404541
      32.915381     -17.884713      -2.737322     -29.216740      22.525470       6.406353
      32.919066     -17.878416      -2.737808     -29.226748      22.512416       6.408163
      32.922750     -17.872118      -2.738294     -29.236752      22.499355       6.409972
      32.926432     -17.865819      -2.738780     -29.246751      22.486288       6.411780
      32.930113     -17.859520      -2.739265     -29.256747      22.473214       6.413586
      32.933793     -17.853221      -2.739749     -29.266738      22.460134       6.415391
      32.937471     -17.846921      -2.740234     -29.276725      22.447048       6.417194
      32.941148     -17.840621      -2.740717     -29.286708      22.433956       6.418996
      32.944823     -17.834320      -2.741201     -29.296687      22.420857       6.420796
      32.948497     -17.828019      -2.741684     -29.306661      22.407752       6.422595
      32.952170     -17.821718      -2.742166     -29.316631      22.394641       6.424393
      32.955842     -17.815416      -2.742648     -29.326597      22.381523       6.426189
      32.959512     -17.809113      -2.743129     -29.336559      22.368399       6.427984
      32.963180     -17.802810      -2.743610     -29.346516      22.355269       6.429777
      32.966848     -17.796507      -2.744091     -29.356470      22.342132       6.431568
      32.970513     -17.790203      -2.744571     -29.366419      22.328989       6.433359
      32.974178     -17.783898      -2.745051     -29.376363      22.315840       6.435147
      32.977841     -17.777594      -2.745530     -29.386304      22.302685       6.436935
      32.981503     -17.771288      -2.746009     -29.396240      22.289523       6.438721
      32.985163     -17.764983      -2.746487     -29.406172      22.276355       6.440505
      32.988822     -17.758676      -2.746965     -29.416099      22.263180       6.442288
      32.992480     -17.752370      -2.747443     -29.426023      22.250000       6.444070
      32.996137     -17.746063      -2.747920     -29.435942      22.236813       6.445850
      32.999791     -17.739755      -2.748396     -29.445856      22.223620       6.447628
      33.003445     -17.733447      -2.748872     -29.455767      22.210420       6.449405
      33.007097     -17.727139      -2.749348     -29.465673      22.197215       6.451181
      33.010748     -17.720830      -2.749823     -29.475575      22.184003       6.452955
      33.014398     -17.714521      -2.750298     -29.485472      22.170784       6.454728
      33.018046     -17.708211      -2.750772     -29.495365      22.157560       6.456499
      33.021692     -17.701901      -2.751246     -29.505254      22.144329       6.458269
      33.025338     -17.695590      -2.751720     -29.515138      22.131092       6.460037
      33.028982     -17.689279      -2.752193     -29.525019      22.117849       6.461804
      33.032625     -17.682967      -2.752665     -29.534894      22.104599       6.463569
      33.036266     -17.676655      -2.753137     -29.544766      22.091343       6.465333
      33.039906     -17.670343      -2.753609     -29.554633      22.078081       6.467096
      33.043544     -17.664030      -2.754080     -29.564495      22.064813       6.468857
      33.047181     -17.657716      -2.754551     -29.574354      22.051539       6.470616
      33.050817     -17.651402      -2.755021     -29.584207      22.038258       6.472374
      33.054452     -17.645088      -2.755491     -29.594057      22.024971       6.474131
      33.058085     -17.638773      -2.755960     -29.603902      22.011678       6.475886
      33.061716     -17.632458      -2.756429     -29.613743      21.998378       6.477639
      33.065347     -17.626142      -2.756898     -29.623579      21.985073       6.479391
      33.068976     -17.619826      -2.757366     -29.633411      21.971761       6.481142
      33.072603     -17.613510      -2.757833     -29.643239      21.958443       6.482891
      33.076230     -17.607193      -2.758300     -29.653062      21.945118       6.484639
      33.079854     -17.600875      -2.758767     -29.662880      21.931788       6.486385
      33.083478     -17.594557      -2.759233     -29.672694      21.918451       6.488130
      33.087100     -17.588239      -2.759699     -29.682504      21.905108       6.489873
      33.090721     -17.581920      -2.760165     -29.692310      21.891759       6.491615
      33.094340     -17.575601      -2.760630     -29.702110      21.878404       6.493355
      33.097958     -17.569281      -2.761094     -29.711907      21.865042       6.495093
      33.101575     -17.562961      -2.761558     -29.721699      21.851675       6.496831
      33.105190     -17.556641      -2.762022     -29.731486      21.838301       6.498566
      33.108804     -17.550320      -2.762485     -29.741269      21.824920       6.500301
      33.112417     -17.543998      -2.762947     -29.751048      21.811534       6.502033
      33.116028     -17.537676      -2.763410     -29.760822      21.798142       6.503765
      33.119638     -17.531354      -2.763872     -29.770592      21.784743       6.505494
      33.123246     -17.525031      -2.764333     -29.780357      21.771338       6.507223
      33.126853     -17.518708      -2.764794     -29.790117      21.757927       6.508949
      33.130459     -17.512384      -2.765254     -29.799873      21.744510       6.510675
      33.134063     -17.506060      -2.765714     -29.809625      21.731087       6.512398
      33.137666     -17.499735      -2.766174     -29.819372      21.717657       6.514120
      33.141268     -17.493410      -2.766633     -29.829115      21.704221       6.515841
      33.144868     -17.487085      -2.767092     -29.838853      21.690780       6.517560
      33.148467     -17.480759      -2.767550     -29.848586      21.677332       6.519278
      33.152065     -17.474433      -2.768008     -29.858315      21.663877       6.520994
      33.155661     -17.468106      -2.768465     -29.868039      21.650417       6.522709
      33.159256     -17.461779      -2.768922     -29.877759      21.636951       6.524422
      33.162849     -17.455451      -2.769378     -29.887474      21.623478       6.526134
      33.166441     -17.449123      -2.769834     -29.897185      21.609999       6.527844
      33.170032     -17.442794      -2.770290     -29.906891      21.596515       6.529553
      33.173621     -17.436465      -2.770745     -29.916593      21.583024       6.531260
      33.177209     -17.430136      -2.771200     -29.926290      21.569526       6.532966
      33.180796     -17.423806      -2.771654     -29.935982      21.556023       6.534670
      33.184381     -17.417475      -2.772108     -29.945670      21.542514       6.536372
      33.187965     -17.411145      -2.772561     -29.955353      21.528998       6.538073
      33.191548     -17.404813      -2.773014     -29.965032      21.515477       6.539773
      33.195129     -17.398482      -2.773466     -29.974706      21.501949       6.541471
      33.198709     -17.392150      -2.773918     -29.984376      21.488415       6.543167
      33.202287     -17.385817      -2.774370     -29.994040      21.474875       6.544862
      33.205864     -17.379484      -2.774821     -30.003701      21.461329       6.546556
      33.209440     -17.373151      -2.775271     -30.013356      21.447777       6.548248
      33.213014     -17.366817      -2.775722     -30.023007      21.434219       6.549938
      33.216587     -17.360482      -2.776171     -30.032653      21.420654       6.551627
      33.220159     -17.354148      -2.776621     -30.042295      21.407084       6.553315
      33.223729     -17.347812      -2.777070     -30.051932      21.393507       6.555000
      33.227298     -17.341477      -2.777518     -30.061564      21.379924       6.556685
      33.230866     -17.335141      -2.777966     -30.071192      21.366336       6.558367
      33.234432     -17.328804      -2.778413     -30.080815      21.352741       6.560049
      33.237997     -17.322467      -2.778861     -30.090433      21.339140       6.561728
      33.241560     -17.316130      -2.779307     -30.100047      21.325533       6.563407
      33.245122     -17.309792      -2.779753     -30.109656      21.311920       6.565083
      33.248683     -17.303454      -2.780199     -30.119260      21.298301       6.566758
      33.252242     -17.297115      -2.780644     -30.128860      21.284676       6.568432
      33.255800     -17.290776      -2.781089     -30.138455      21.271045       6.570104
      33.259357     -17.284436      -2.781534     -30.148045      21.257407       6.571774
      33.262912     -17.278096      -2.781978     -30.157630      21.243764       6.573443
      33.266466     -17.271756      -2.782421     -30.167211      21.230115       6.575111
      33.270018     -17.265415      -2.782864     -30.176787      21.216459       6.576777
      33.273570     -17.259074      -2.783307     -30.186358      21.202798       6.578441
      33.277119     -17.252732      -2.783749     -30.195925      21.189130       6.580104
      33.280668     -17.246390      -2.784191     -30.205487      21.175457       6.581765
      33.284215     -17.240047      -2.784632     -30.215044      21.161777       6.583425
      33.287761     -17.233704      -2.785073     -30.224596      21.148092       6.585083
      33.291305     -17.227360      -2.785513     -30.234144      21.134400       6.586739
      33.294848     -17.221016      -2.785953     -30.243687      21.120702       6.588395
      33.298390     -17.214672      -2.786393     -30.253225      21.106999       6.590048
      33.301930     -17.208327      -2.786832     -30.262758      21.093289       6.591700
      33.305469     -17.201982      -2.787271     -30.272286      21.079573       6.593350
      33.309007     -17.195636      -2.787709     -30.281810      21.065851       6.594999
      33.312543     -17.189290      -2.788147     -30.291329      21.052124       6.596646
      33.316078     -17.182944      -2.788584     -30.300843      21.038390       6.598292
      33.319611     -17.176597      -2.789021     -30.310352      21.024650       6.599936
      33.323143     -17.170249      -2.789457     -30.319857      21.010904       6.601579
      33.326674     -17.163901      -2.789893     -30.329357      20.997153       6.603220
      33.330203     -17.157553      -2.790329     -30.338851      20.983395       6.604860
      33.333731     -17.151204      -2.790764     -30.348342      20.969631       6.606497
      33.337258     -17.144855      -2.791198     -30.357827      20.955862       6.608134
      33.340783     -17.138506      -2.791633     -30.367307      20.942086       6.609769
      33.344307     -17.132156      -2.792066     -30.376783      20.928304       6.611402
      33.347830     -17.125805      -2.792500     -30.386253      20.914517       6.613034
      33.351351     -17.119454      -2.792933     -30.395719      20.900723       6.614664
      33.354871     -17.113103      -2.793365     -30.405180      20.886923       6.616292
      33.358390     -17.106751      -2.793797     -30.414636      20.873118       6.617919
      33.361907     -17.100399      -2.794229     -30.424088      20.859307       6.619545
      33.365423     -17.094047      -2.794660     -30.433534      20.845489       6.621168
      33.368937     -17.087693      -2.795090     -30.442976      20.831666       6.622791
      33.372450     -17.081340      -2.795520     -30.452412      20.817836       6.624411
      33.375962     -17.074986      -2.795950     -30.461844      20.804001       6.626030
      33.379472     -17.068632      -2.796380     -30.471271      20.790160       6.627648
      33.382981     -17.062277      -2.796808     -30.480693      20.776313       6.629264
      33.386489     -17.055922      -2.797237     -30.490110      20.762460       6.630878
      33.389995     -17.049566      -2.797665     -30.499522      20.748601       6.632491
      33.393500     -17.043210      -2.798092     -30.508929      20.734736       6.634102
      33.397003     -17.036854      -2.798520     -30.518332      20.720865       6.635712
      33.400506     -17.030497      -2.798946     -30.527729      20.706988       6.637320
      33.404007     -17.024140      -2.799372     -30.537122      20.693105       6.638927
      33.407506     -17.017782      -2.799798     -30.546509      20.679217       6.640532
      33.411004     -17.011424      -2.800223     -30.555892      20.665322       6.642135
      33.414501     -17.005065      -2.800648     -30.565269      20.651422       6.643737
      33.417996     -16.998706      -2.801073     -30.574642      20.637515       6.645337
      33.421490     -16.992347      -2.801497     -30.584010      20.623603       6.646935
      33.424983     -16.985987      -2.801920     -30.593372      20.609685       6.648532
      33.428474     -16.979626      -2.802344     -30.602730      20.595761       6.650128
      33.431964     -16.973266      -2.802766     -30.612083      20.581831       6.651722
      33.435453     -16.966904      -2.803188     -30.621431      20.567895       6.653314
      33.438940     -16.960543      -2.803610     -30.630774      20.553954       6.654904
      33.442426     -16.954181      -2.804032     -30.640111      20.540006       6.656493
      33.445911     -16.947818      -2.804452     -30.649444      20.526053       6.658081
      33.449394     -16.941455      -2.804873     -30.658772      20.512093       6.659667
      33.452876     -16.935092      -2.805293     -30.668095      20.498128       6.661251
      33.456356     -16.928728      -2.805713     -30.677413      20.484157       6.662834
      33.459835     -16.922364      -2.806132     -30.686725      20.470180       6.664415
      33.463313     -16.916000      -2.806550     -30.696033      20.456197       6.665994
      33.466789     -16.909635      -2.806969     -30.705336      20.442209       6.667572
      33.470264     -16.903269      -2.807386     -30.714634      20.428214       6.669148
      33.473738     -16.896903      -2.807804     -30.723926      20.414214       6.670723
      33.477210     -16.890537      -2.808221     -30.733214      20.400208       6.672296
      33.480681     -16.884170      -2.808637     -30.742497      20.386196       6.673867
      33.484151     -16.877803      -2.809053     -30.751774      20.372178       6.675437
      33.487619     -16.871436      -2.809469     -30.761046      20.358155       6.677005
      33.491086     -16.865068      -2.809884     -30.770314      20.344125       6.678572
      33.494552     -16.858699      -2.810299     -30.779576      20.330090       6.680137
      33.498016     -16.852331      -2.810713     -30.788833      20.316049       6.681700
      33.501479     -16.845961      -2.811127     -30.798085      20.302002       6.683262
      33.504940     -16.839592      -2.811540     -30.807332      20.287949       6.684822
      33.508400     -16.833222      -2.811953     -30.816574      20.273891       6.686381
      33.511859     -16.826851      -2.812366     -30.825811      20.259826       6.687938
      33.515317     -16.820480      -2.812778     -30.835043      20.245756       6.689493
      33.518773     -16.814109      -2.813189     -30.844270      20.231680       6.691047
      33.522227     -16.807737      -2.813601     -30.853491      20.217599       6.692599
      33.525681     -16.801365      -2.814011     -30.862707      20.203511       6.694150
      33.529133     -16.794992      -2.814422     -30.871919      20.189418       6.695698
      33.532583     -16.788619      -2.814832     -30.881125      20.175319       6.697246
      33.536033     -16.782246      -2.815241     -30.890326      20.161214       6.698791
      33.539480     -16.775872      -2.815650     -30.899522      20.147103       6.700335
      33.542927     -16.769498      -2.816058     -30.908712      20.132987       6.701878
      33.546372     -16.763123      -2.816467     -30.917898      20.118865       6.703418
      33.549816     -16.756748      -2.816874     -30.927078      20.104737       6.704958
      33.553259     -16.750372      -2.817281     -30.936253      20.090603       6.706495
      33.556700     -16.743996      -2.817688     -30.945423      20.076464       6.708031
      33.560139     -16.737620      -2.818095     -30.954588      20.062319       6.709565
      33.563578     -16.731243      -2.818500     -30.963748      20.048168       6.711098
      33.567015     -16.724866      -2.818906     -30.972902      20.034011       6.712629
      33.570451     -16.718488      -2.819311     -30.982052      20.019849       6.714158
      33.573885     -16.712110      -2.819715     -30.991196      20.005681       6.715686
      33.577318     -16.705732      -2.820120     -31.000335      19.991507       6.717212
      33.580750     -16.699353      -2.820523     -31.009468      19.977328       6.718737
      33.584180     -16.692974      -2.820927     -31.018597      19.963142       6.720260
      33.587609     -16.686594      -2.821329     -31.027720      19.948951       6.721781
      33.591037     -16.680214      -2.821732     -31.036838      19.934755       6.723300
      33.594463     -16.673833      -2.822134     -31.045951      19.920552       6.724818
      33.597888     -16.667452      -2.822535     -31.055059      19.906344       6.726335
      33.601311     -16.661071      -2.822936     -31.064161      19.892130       6.727849
      33.604733     -16.654689      -2.823337     -31.073258      19.877911       6.729362
      33.608154     -16.648307      -2.823737     -31.082350      19.863686       6.730874
      33.611574     -16.641924      -2.824137     -31.091436      19.849455       6.732384
      33.614992     -16.635541      -2.824536     -31.100518      19.835218       6.733892
      33.618409     -16.629158      -2.824935     -31.109594      19.820976       6.735398
      33.621824     -16.622774      -2.825333     -31.118664      19.806728       6.736903
      33.625238     -16.616390      -2.825731     -31.127730      19.792474       6.738406
      33.628651     -16.610005      -2.826129     -31.136790      19.778215       6.739908
      33.632062     -16.603620      -2.826526     -31.145845      19.763950       6.741408
      33.635472     -16.597234      -2.826922     -31.154895      19.749680       6.742906
      33.638881     -16.590848      -2.827319     -31.163939      19.735403       6.744402
      33.642288     -16.584462      -2.827714     -31.172978      19.721121       6.745897
      33.645694     -16.578075      -2.828110     -31.182012      19.706834       6.747391
      33.649099     -16.571688      -2.828504     -31.191040      19.692541       6.748882
      33.652502     -16.565300      -2.828899     -31.200063      19.678242       6.750372
      33.655904     -16.558912      -2.829293     -31.209081      19.663937       6.751860
      33.659304     -16.552524      -2.829686     -31.218093      19.649627       6.753347
      33.662703     -16.546135      -2.830080     -31.227100      19.635312       6.754832
      33.666101     -16.539746      -2.830472     -31.236102      19.620990       6.756316
      33.669498     -16.533356      -2.830865     -31.245099      19.606663       6.757797
      33.672893     -16.526966      -2.831256     -31.254090      19.592331       6.759277
      33.676287     -16.520576      -2.831648     -31.263075      19.577992       6.760756
      33.679679     -16.514185      -2.832039     -31.272056      19.563649       6.762232
      33.683070     -16.507793      -2.832429     -31.281031      19.549299       6.763707
      33.686460     -16.501402      -2.832819     -31.290000      19.534944       6.765181
      33.689848     -16.495010      -2.833209     -31.298964      19.520584       6.766653
      33.693235     -16.488617      -2.833598     -31.307923      19.506217       6.768123
      33.696621     -16.482224      -2.833987     -31.316877      19.491846       6.769591
      33.700005     -16.475831      -2.834375     -31.325825      19.477468       6.771058
      33.703388     -16.469437      -2.834763     -31.334767      19.463085       6.772523
      33.706770     -16.463043      -2.835150     -31.343705      19.448697       6.773986
      33.710150     -16.456648      -2.835537     -31.352636      19.434303       6.775448
      33.713529     -16.450253      -2.835924     -31.361563      19.419903       6.776908
      33.716906     -16.443858      -2.836310     -31.370484      19.405498       6.778366
      33.720283     -16.437462      -2.836695     -31.379399      19.391087       6.779823
      33.723657     -16.431066      -2.837081     -31.388310      19.376671       6.781278
      33.727031     -16.424669      -2.837465     -31.397214      19.362249       6.782732
      33.730403     -16.418272      -2.837850     -31.406114      19.347821       6.784183
      33.733774     -16.411875      -2.838234     -31.415007      19.333388       6.785633
      33.737143     -16.405477      -2.838617     -31.423896      19.318950       6.787082
      33.740511     -16.399078      -2.839000     -31.432779      19.304506       6.788528
      33.743878     -16.392680      -2.839383     -31.441656      19.290056       6.789973
      33.747244     -16.386281      -2.839765     -31.450528      19.275601       6.791417
      33.750608     -16.379881      -2.840146     -31.459395      19.261141       6.792858
      33.753970     -16.373481      -2.840528     -31.468256      19.246675       6.794298
      33.757332     -16.367081      -2.840909     -31.477111      19.232203       6.795737
      33.760692     -16.360680      -2.841289     -31.485961      19.217726       6.797173
      33.764050     -16.354279      -2.841669     -31.494806      19.203243       6.798608
      33.767408     -16.347878      -2.842048     -31.503645      19.188755       6.800041
      33.770764     -16.341476      -2.842427     -31.512478      19.174261       6.801473
      33.774118     -16.335073      -2.842806     -31.521307      19.159762       6.802903
      33.777472     -16.328671      -2.843184     -31.530129      19.145258       6.804331
      33.780823     -16.322268      -2.843562     -31.538946      19.130748       6.805757
      33.784174     -16.315864      -2.843939     -31.547758      19.116232       6.807182
      33.787523     -16.309460      -2.844316     -31.556564      19.101711       6.808605
      33.790871     -16.303056      -2.844693     -31.565364      19.087185       6.810026
      33.794218     -16.296651      -2.845069     -31.574159      19.072653       6.811446
      33.797563     -16.290246      -2.845444     -31.582948      19.058115       6.812864
      33.800907     -16.283840      -2.845819     -31.591732      19.043572       6.814281
      33.804249     -16.277434      -2.846194     -31.600510      19.029024       6.815695
      33.807590     -16.271028      -2.846568     -31.609283      19.014470       6.817108
      33.810930     -16.264621      -2.846942     -31.618050      18.999911       6.818519
      33.814268     -16.258214      -2.847315     -31.626812      18.985346       6.819929
      33.817605     -16.251806      -2.847688     -31.635568      18.970776       6.821337
      33.820941     -16.245398      -2.848061     -31.644318      18.956201       6.822743
      33.824275     -16.238990      -2.848433     -31.653063      18.941620       6.824147
      33.827608     -16.232581      -2.848804     -31.661802      18.927034       6.825550
      33.830940     -16.226172      -2.849176     -31.670536      18.912442       6.826951
      33.834270     -16.219762      -2.849546     -31.679264      18.897845       6.828350
      33.837599     -16.213352      -2.849917     -31.687986      18.883242       6.829748
      33.840927     -16.206942      -2.850286     -31.696703      18.868634       6.831144
      33.844253     -16.200531      -2.850656     -31.705414      18.854021       6.832538
      33.847578     -16.194120      -2.851025     -31.714120      18.839402       6.833931
      33.850902     -16.187708      -2.851393     -31.722820      18.824778       6.835321
      33.854224     -16.181296      -2.851762     -31.731514      18.810149       6.836710
      33.857545     -16.174884      -2.852129     -31.740203      18.795514       6.838098
      33.860865     -16.168471      -2.852496     -31.748886      18.780873       6.839484
      33.864183     -16.162058      -2.852863     -31.757564      18.766228       6.840867
      33.867500     -16.155644      -2.853230     -31.766235      18.751577       6.842250
      33.870815     -16.149230      -2.853596     -31.774901      18.736920       6.843630
      33.874129     -16.142816      -2.853961     -31.783562      18.722259       6.845009
      33.877442     -16.136401      -2.854326     -31.792217      18.707592       6.846386
      33.880754     -16.129986      -2.854691     -31.800866      18.692919       6.847762
      33.884064     -16.123570      -2.855055     -31.809509      18.678241       6.849135
      33.887372     -16.117154      -2.855419     -31.818147      18.663558       6.850507
      33.890680     -16.110738      -2.855782     -31.826779      18.648870       6.851877
      33.893986     -16.104321      -2.856145     -31.835405      18.634176       6.853246
      33.897291     -16.097904      -2.856507     -31.844026      18.619477       6.854613
      33.900594     -16.091486      -2.856869     -31.852641      18.604773       6.855978
      33.903896     -16.085068      -2.857231     -31.861250      18.590063       6.857341
      33.907197     -16.078650      -2.857592     -31.869854      18.575348       6.858703
      33.910496     -16.072231      -2.857952     -31.878452      18.560628       6.860063
      33.913794     -16.065812      -2.858313     -31.887044      18.545902       6.861421
      33.917091     -16.059392      -2.858672     -31.895630      18.531171       6.862777
      33.920386     -16.052972      -2.859032     -31.904211      18.516435       6.864132
      33.923680     -16.046552      -2.859391     -31.912786      18.501693       6.865485
      33.926973     -16.040131      -2.859749     -31.921355      18.486946       6.866836
      33.930264     -16.033710      -2.860107     -31.929918      18.472194       6.868186
      33.933554     -16.027289      -2.860465     -31.938476      18.457437       6.869534
      33.936843     -16.020867      -2.860822     -31.947028      18.442674       6.870880
      33.940130     -16.014444      -2.861179     -31.955574      18.427907       6.872224
      33.943416     -16.008021      -2.861535     -31.964115      18.413134       6.873567
      33.946700     -16.001598      -2.861891     -31.972649      18.398355       6.874908
      33.949983     -15.995175      -2.862246     -31.981178      18.383571       6.876247
      33.953265     -15.988751      -2.862601     -31.989701      18.368783       6.877584
      33.956546     -15.982327      -2.862956     -31.998219      18.353989       6.878920
      33.959825     -15.975902      -2.863310     -32.006730      18.339189       6.880254
      33.963103     -15.969477      -2.863664     -32.015236      18.324385       6.881586
      33.966379     -15.963051      -2.864017     -32.023736      18.309575       6.882917
      33.969654     -15.956625      -2.864370     -32.032230      18.294760       6.884245
      33.972928     -15.950199      -2.864722     -32.040718      18.279940       6.885572
      33.976201     -15.943772      -2.865074     -32.049201      18.265114       6.886898
      33.979472     -15.937345      -2.865426     -32.057677      18.250283       6.888221
      33.982742     -15.930918      -2.865777     -32.066148      18.235448       6.889543
      33.986010     -15.924490      -2.866127     -32.074613      18.220606       6.890863
      33.989277     -15.918062      -2.866478     -32.083072      18.205760       6.892181
      33.992543     -15.911633      -2.866827     -32.091525      18.190909       6.893498
      33.995807     -15.905204      -2.867177     -32.099973      18.176052       6.894813
      33.999070     -15.898775      -2.867525     -32.108415      18.161190       6.896126
      34.002332     -15.892345      -2.867874     -32.116850      18.146323       6.897437
      34.005592     -15.885915      -2.868222     -32.125280      18.131451       6.898747
      34.008851     -15.879484      -2.868569     -32.133704      18.116574       6.900054
      34.012109     -15.873053      -2.868917     -32.142122      18.101691       6.901360
      34.015365     -15.866622      -2.869263     -32.150535      18.086804       6.902665
      34.018620     -15.860190      -2.869610     -32.158941      18.071911       6.903967
      34.021874     -15.853758      -2.869955     -32.167342      18.057013       6.905268
      34.025126     -15.847325      -2.870301     -32.175736      18.042110       6.906567
      34.028377     -15.840892      -2.870646     -32.184125      18.027202       6.907864
      34.031627     -15.834459      -2.870990     -32.192508      18.012289       6.909160
      34.034875     -15.828025      -2.871334     -32.200885      17.997370       6.910454
      34.038122     -15.821591      -2.871678     -32.209256      17.982447       6.911746
      34.041368     -15.815156      -2.872021     -32.217621      17.967518       6.913036
      34.044612     -15.808722      -2.872364     -32.225980      17.952584       6.914324
      34.047855     -15.802286      -2.872706     -32.234334      17.937645       6.915611
      34.051096     -15.795851      -2.873048     -32.242681      17.922701       6.916896
      34.054336     -15.789415      -2.873390     -32.251022      17.907752       6.918179
      34.057575     -15.782978      -2.873731     -32.259358      17.892798       6.919461
      34.060813     -15.776541      -2.874071     -32.267688      17.877839       6.920741
      34.064049     -15.770104      -2.874411     -32.276011      17.862874       6.922019
      34.067284     -15.763666      -2.874751     -32.284329      17.847905       6.923295
      34.070517     -15.757228      -2.875090     -32.292641      17.832930       6.924569
      34.073750     -15.750790      -2.875429     -32.300946      17.817951       6.925842
      34.076980     -15.744351      -2.875768     -32.309246      17.802966       6.927113
      34.080210     -15.737912      -2.876106     -32.317540      17.787976       6.928382
      34.083438     -15.731473      -2.876443     -32.325828      17.772982       6.929649
      34.086665     -15.725033      -2.876780     -32.334110      17.757982       6.930915
      34.089890     -15.718592      -2.877117     -32.342385      17.742977       6.932178
      34.093114     -15.712152      -2.877453     -32.350655      17.727967       6.933440
      34.096337     -15.705710      -2.877789     -32.358919      17.712952       6.934701
      34.099559     -15.699269      -2.878124     -32.367177      17.697932       6.935959
      34.102779     -15.692827      -2.878459     -32.375429      17.682907       6.937216
      34.105997     -15.686385      -2.878794     -32.383675      17.667877       6.938471
      34.109215     -15.679942      -2.879128     -32.391915      17.652842       6.939724
      34.112431     -15.673499      -2.879462     -32.400148      17.637802       6.940975
      34.115646     -15.667056      -2.879795     -32.408376      17.622757       6.942225
      34.118859     -15.660612      -2.880128     -32.416598      17.607707       6.943473
      34.122071     -15.654168      -2.880460     -32.424814      17.592652       6.944719
      34.125282     -15.647723      -2.880792     -32.433024      17.577592       6.945963
      34.128491     -15.641278      -2.881123     -32.441227      17.562528       6.947206
      34.131699     -15.634833      -2.881454     -32.449425      17.547458       6.948446
      34.134906     -15.628387      -2.881785     -32.457616      17.532383       6.949685
      34.138111     -15.621941      -2.882115     -32.465802      17.517303       6.950923
      34.141315     -15.615495      -2.882445     -32.473981      17.502218       6.952158
      34.144518     -15.609048      -2.882774     -32.482155      17.487128       6.953392
      34.147719     -15.602601      -2.883103     -32.490322      17.472033       6.954623
      34.150919     -15.596153      -2.883431     -32.498483      17.456934       6.955853
      34.154118     -15.589705      -2.883759     -32.506638      17.441829       6.957082
      34.157315     -15.583257      -2.884087     -32.514788      17.426720       6.958308
      34.160511     -15.576808      -2.884414     -32.522931      17.411605       6.959533
      34.163706     -15.570359      -2.884741     -32.531067      17.396486       6.960756
      34.166899     -15.563909      -2.885067     -32.539198      17.381361       6.961977
      34.170091     -15.557459      -2.885393     -32.547323      17.366232       6.963196
      34.173282     -15.551009      -2.885718     -32.555442      17.351098       6.964414
      34.176471     -15.544558      -2.886043     -32.563554      17.335959       6.965629
      34.179659     -15.538107      -2.886367     -32.571660      17.320815       6.966843
      34.182846     -15.531656      -2.886691     -32.579761      17.305666       6.968055
      34.186031     -15.525204      -2.887015     -32.587855      17.290512       6.969266
      34.189215     -15.518752      -2.887338     -32.595943      17.275354       6.970474
      34.192397     -15.512299      -2.887661     -32.604025      17.260190       6.971681
      34.195579     -15.505846      -2.887983     -32.612100      17.245022       6.972886
      34.198758     -15.499393      -2.888305     -32.620170      17.229848       6.974089
      34.201937     -15.492939      -2.888627     -32.628233      17.214670       6.975290
      34.205114     -15.486485      -2.888948     -32.636291      17.199487       6.976490
      34.208290     -15.480031      -2.889268     -32.644342      17.184299       6.977688
      34.211465     -15.473576      -2.889588     -32.652387      17.169107       6.978884
      34.214638     -15.467121      -2.889908     -32.660425      17.153909       6.980078
      34.217810     -15.460665      -2.890227     -32.668458      17.138707       6.981270
      34.220980     -15.454209      -2.890546     -32.676484      17.123500       6.982461
      34.224150     -15.447753      -2.890865     -32.684505      17.108288       6.983650
      34.227317     -15.441296      -2.891183     -32.692519      17.093071       6.984836
      34.230484     -15.434839      -2.891500     -32.700527      17.077849       6.986022
      34.233649     -15.428381      -2.891817     -32.708528      17.062622       6.987205
      34.236813     -15.421924      -2.892134     -32.716524      17.047391       6.988387
      34.239976     -15.415465      -2.892450     -32.724513      17.032155       6.989566
      34.243137     -15.409007      -2.892766     -32.732496      17.016914       6.990744
      34.246297     -15.402548      -2.893081     -32.740473      17.001668       6.991920
      34.249455     -15.396088      -2.893396     -32.748444      16.986418       6.993095
      34.252612     -15.389629      -2.893711     -32.756408      16.971163       6.994267
      34.255768     -15.383168      -2.894025     -32.764366      16.955903       6.995438
      34.258923     -15.376708      -2.894339     -32.772318      16.940638       6.996607
      34.262076     -15.370247      -2.894652     -32.780264      16.925368       6.997774
      34.265228     -15.363786      -2.894965     -32.788203      16.910094       6.998939
      34.268378     -15.357324      -2.895277     -32.796136      16.894815       7.000102
      34.271527     -15.350862      -2.895589     -32.804063      16.879531       7.001264
      34.274675     -15.344400      -2.895900     -32.811984      16.864242       7.002424
      34.277821     -15.337937      -2.896211     -32.819899      16.848949       7.003582
      34.280967     -15.331474      -2.896522     -32.827807      16.833651       7.004738
      34.284110     -15.325010      -2.896832     -32.835709      16.818348       7.005892
      34.287253     -15.318546      -2.897142     -32.843604      16.803041       7.007045
      34.290394     -15.312082      -2.897451     -32.851494      16.787729       7.008196
      34.293534     -15.305618      -2.897760     -32.859377      16.772412       7.009345
      34.296672     -15.299153      -2.898068     -32.867254      16.757090       7.010492
      34.299809     -15.292687      -2.898376     -32.875124      16.741764       7.011637
      34.302945     -15.286221      -2.898684     -32.882989      16.726433       7.012780
      34.306080     -15.279755      -2.898991     -32.890847      16.711097       7.013922
      34.309213     -15.273289      -2.899298     -32.898698      16.695756       7.015062
      34.312345     -15.266822      -2.899604     -32.906544      16.680411       7.016200
      34.315475     -15.260355      -2.899910     -32.914383      16.665061       7.017336
      34.318604     -15.253887      -2.900215     -32.922215      16.649707       7.018470
      34.321732     -15.247419      -2.900520     -32.930042      16.634348       7.019603
      34.324858     -15.240951      -2.900825     -32.937862      16.618984       7.020734
      34.327983     -15.234482      -2.901129     -32.945675      16.603616       7.021862
      34.331107     -15.228013      -2.901433     -32.953483      16.588243       7.022989
      34.334230     -15.221544      -2.901736     -32.961284      16.572865       7.024115
      34.337351     -15.215074      -2.902039     -32.969079      16.557483       7.025238
      34.340470     -15.208603      -2.902341     -32.976867      16.542096       7.026360
      34.343589     -15.202133      -2.902643     -32.984649      16.526704       7.027479
      34.346706     -15.195662      -2.902944     -32.992425      16.511308       7.028597
      34.349822     -15.189191      -2.903245     -33.000194      16.495907       7.029713
      34.352936     -15.182719      -2.903546     -33.007957      16.480501       7.030827
      34.356049     -15.176247      -2.903846     -33.015714      16.465091       7.031940
      34.359161     -15.169774      -2.904146     -33.023464      16.449677       7.033050
      34.362271     -15.163302      -2.904445     -33.031208      16.434258       7.034159
      34.365381     -15.156828      -2.904744     -33.038945      16.418834       7.035266
      34.368488     -15.150355      -2.905043     -33.046676      16.403405       7.036371
      34.371595     -15.143881      -2.905341     -33.054401      16.387972       7.037474
      34.374700     -15.137407      -2.905638     -33.062119      16.372535       7.038576
      34.377804     -15.130932      -2.905936     -33.069831      16.357093       7.039675
      34.380906     -15.124457      -2.906232     -33.077536      16.341646       7.040773
      34.384007     -15.117982      -2.906529     -33.085235      16.326195       7.041869
      34.387107     -15.111506      -2.906824     -33.092928      16.310739       7.042963
      34.390205     -15.105030      -2.907120     -33.100614      16.295278       7.044055
      34.393302     -15.098553      -2.907415     -33.108294      16.279814       7.045145
      34.396398     -15.092076      -2.907709     -33.115967      16.264344       7.046234
      34.399493     -15.085599      -2.908004     -33.123634      16.248870       7.047320
      34.402586     -15.079122      -2.908297     -33.131295      16.233392       7.048405
      34.405677     -15.072644      -2.908591     -33.138949      16.217909       7.049488
      34.408768     -15.066165      -2.908883     -33.146597      16.202421       7.050569
      34.411857     -15.059687      -2.909176     -33.154238      16.186929       7.051649
      34.414945     -15.053208      -2.909468     -33.161873      16.171433       7.052726
      34.418031     -15.046728      -2.909759     -33.169501      16.155932       7.053802
      34.421116     -15.040248      -2.910050     -33.177123      16.140426       7.054875
      34.424200     -15.033768      -2.910341     -33.184738      16.124916       7.055947
      34.427282     -15.027288      -2.910631     -33.192347      16.109402       7.057017
      34.430364     -15.020807      -2.910921     -33.199950      16.093883       7.058085
      34.433443     -15.014326      -2.911211     -33.207546      16.078359       7.059152
      34.436522     -15.007844      -2.911499     -33.215135      16.062832       7.060216
      34.439599     -15.001362      -2.911788     -33.222718      16.047299       7.061279
      34.442675     -14.994880      -2.912076     -33.230294      16.031763       7.062340
      34.445749     -14.988397      -2.912364     -33.237865      16.016221       7.063399
      34.448822     -14.981914      -2.912651     -33.245428      16.000676       7.064456
      34.451894     -14.975430      -2.912938     -33.252985      15.985126       7.065511
      34.454964     -14.968947      -2.913224     -33.260536      15.969571       7.066564
      34.458033     -14.962463      -2.913510     -33.268080      15.954012       7.067616
      34.461101     -14.955978      -2.913795     -33.275617      15.938449       7.068665
      34.464168     -14.949493      -2.914081     -33.283148      15.922881       7.069713
      34.467233     -14.943008      -2.914365     -33.290673      15.907309       7.070759
      34.470297     -14.936522      -2.914649     -33.298190      15.891733       7.071803
      34.473359     -14.930036      -2.914933     -33.305702      15.876152       7.072846
      34.476420     -14.923550      -2.915216     -33.313207      15.860566       7.073886
      34.479480     -14.917063      -2.915499     -33.320705      15.844977       7.074924
      34.482538     -14.910576      -2.915782     -33.328197      15.829382       7.075961
      34.485596     -14.904089      -2.916064     -33.335682      15.813784       7.076996
      34.488651     -14.897601      -2.916345     -33.343161      15.798181       7.078029
      34.491706     -14.891113      -2.916627     -33.350633      15.782574       7.079060
      34.494759     -14.884624      -2.916907     -33.358098      15.766962       7.080089
      34.497811     -14.878135      -2.917188     -33.365557      15.751347       7.081116
      34.500861     -14.871646      -2.917467     -33.373010      15.735726       7.082142
      34.503910     -14.865157      -2.917747     -33.380456      15.720102       7.083166
      34.506958     -14.858667      -2.918026     -33.387895      15.704473       7.084187
      34.510005     -14.852176      -2.918304     -33.395328      15.688840       7.085207
      34.513050     -14.845686      -2.918583     -33.402754      15.673202       7.086225
      34.516094     -14.839195      -2.918860     -33.410173      15.657560       7.087241
      34.519136     -14.832703      -2.919138     -33.417586      15.641914       7.088256
      34.522177     -14.826211      -2.919414     -33.424993      15.626264       7.089268
      34.525217     -14.819719      -2.919691     -33.432393      15.610609       7.090279
      34.528256     -14.813227      -2.919967     -33.439786      15.594950       7.091287
      34.531293     -14.806734      -2.920242     -33.447172      15.579286       7.092294
      34.534329     -14.800241      -2.920517     -33.454552      15.563619       7.093299
      34.537363     -14.793747      -2.920792     -33.461926      15.547947       7.094302
      34.540396     -14.787253      -2.921066     -33.469292      15.532271       7.095303
      34.543428     -14.780759      -2.921340     -33.476652      15.516590       7.096302
      34.546459     -14.774264      -2.921614     -33.484006      15.500906       7.097300
      34.549488     -14.767769      -2.921887     -33.491353      15.485217       7.098296
      34.552516     -14.761274      -2.922159     -33.498693      15.469524       7.099289
      34.555542     -14.754778      -2.922431     -33.506026      15.453826       7.100281
      34.558568     -14.748282      -2.922703     -33.513353      15.438125       7.101271
      34.561592     -14.741786      -2.922974     -33.520674      15.422419       7.102259
      34.564614     -14.735289      -2.923245     -33.527987      15.406709       7.103245
      34.567635     -14.728792      -2.923515     -33.535294      15.390994       7.104230
      34.570655     -14.722295      -2.923785     -33.542594      15.375276       7.105212
      34.573674     -14.715797      -2.924055     -33.549888      15.359553       7.106193
      34.576691     -14.709299      -2.924324     -33.557175      15.343826       7.107171
      34.579707     -14.702800      -2.924592     -33.564455      15.328095       7.108148
      34.582722     -14.696301      -2.924861     -33.571729      15.312360       7.109123
      34.585735     -14.689802      -2.925128     -33.578996      15.296620       7.110096
      34.588747     -14.683302      -2.925396     -33.586256      15.280877       7.111067
      34.591757     -14.676802      -2.925663     -33.593510      15.265129       7.112036
      34.594767     -14.670302      -2.925929     -33.600756      15.249377       7.113004
      34.597775     -14.663801      -2.926195     -33.607997      15.233621       7.113969
      34.600781     -14.657300      -2.926461     -33.615230      15.217860       7.114933
      34.603786     -14.650799      -2.926726     -33.622457      15.202096       7.115895
      34.606790     -14.644297      -2.926991     -33.629677      15.186327       7.116854
      34.609793     -14.637795      -2.927255     -33.636890      15.170555       7.117812
      34.612794     -14.631292      -2.927519     -33.644097      15.154778       7.118768
      34.615794     -14.624790      -2.927782     -33.651297      15.138997       7.119723
      34.618793     -14.618286      -2.928045     -33.658490      15.123212       7.120675
      34.621790     -14.611783      -2.928308     -33.665677      15.107422       7.121625
      34.624786     -14.605279      -2.928570     -33.672856      15.091629       7.122574
      34.627781     -14.598775      -2.928832     -33.680029      15.075832       7.123521
      34.630774     -14.592270      -2.929093     -33.687196      15.060030       7.124465
      34.633766     -14.585765      -2.929354     -33.694355      15.044225       7.125408
      34.636757     -14.579260      -2.929615     -33.701508      15.028415       7.126349
      34.639746     -14.572754      -2.929875     -33.708654      15.012601       7.127288
      34.642735     -14.566248      -2.930134     -33.715793      14.996784       7.128225
      34.645721     -14.559742      -2.930393     -33.722926      14.980962       7.129161
      34.648707     -14.553235      -2.930652     -33.730052      14.965136       7.130094
      34.651691     -14.546728      -2.930910     -33.737171      14.949306       7.131026
      34.654673     -14.540221      -2.931168     -33.744283      14.933472       7.131955
      34.657655     -14.533713      -2.931426     -33.751388      14.917634       7.132883
      34.660635     -14.527205      -2.931683     -33.758487      14.901792       7.133809
      34.663614     -14.520696      -2.931939     -33.765579      14.885945       7.134733
      34.666591     -14.514188      -2.932195     -33.772664      14.870095       7.135655
      34.669567     -14.507679      -2.932451     -33.779743      14.854241       7.136575
      34.672542     -14.501169      -2.932706     -33.786814      14.838383       7.137493
      34.675515     -14.494659      -2.932961     -33.793879      14.822521       7.138409
      34.678488     -14.488149      -2.933216     -33.800937      14.806655       7.139324
      34.681458     -14.481638      -2.933470     -33.807988      14.790785       7.140236
      34.684428     -14.475127      -2.933723     -33.815032      14.774910       7.141147
      34.687396     -14.468616      -2.933976     -33.822070      14.759032       7.142056
      34.690363     -14.462105      -2.934229     -33.829101      14.743150       7.142963
      34.693328     -14.455593      -2.934481     -33.836125      14.727264       7.143868
      34.696292     -14.449080      -2.934733     -33.843142      14.711374       7.144771
      34.699255     -14.442568      -2.934984     -33.850152      14.695480       7.145672
      34.702217     -14.436055      -2.935235     -33.857155      14.679582       7.146571
      34.705177     -14.429541      -2.935486     -33.864152      14.663680       7.147468
      34.708136     -14.423028      -2.935736     -33.871142      14.647774       7.148364
      34.711093     -14.416514      -2.935986     -33.878125      14.631865       7.149257
      34.714050     -14.409999      -2.936235     -33.885101      14.615951       7.150149
      34.717005     -14.403484      -2.936484     -33.892070      14.600033       7.151039
      34.719958     -14.396969      -2.936732     -33.899033      14.584112       7.151926
      34.722910     -14.390454      -2.936980     -33.905988      14.568187       7.152812
      34.725861     -14.383938      -2.937228     -33.912937      14.552257       7.153696
      34.728811     -14.377422      -2.937475     -33.919879      14.536324       7.154578
      34.731759     -14.370905      -2.937721     -33.926814      14.520387       7.155459
      34.734706     -14.364389      -2.937968     -33.933742      14.504446       7.156337
      34.737652     -14.357871      -2.938213     -33.940663      14.488501       7.157213
      34.740596     -14.351354      -2.938459     -33.947577      14.472552       7.158088
      34.743539     -14.344836      -2.938704     -33.954485      14.456600       7.158960
      34.746481     -14.338318      -2.938948     -33.961385      14.440643       7.159831
      34.749421     -14.331799      -2.939192     -33.968279      14.424683       7.160700
      34.752360     -14.325280      -2.939436     -33.975166      14.408719       7.161566
      34.755298     -14.318761      -2.939679     -33.982046      14.392751       7.162431
      34.758234     -14.312242      -2.939922     -33.988919      14.376779       7.163294
      34.761169     -14.305722      -2.940164     -33.995785      14.360803       7.164155
      34.764103     -14.299201      -2.940406     -34.002644      14.344824       7.165014
      34.767035     -14.292681      -2.940648     -34.009497      14.328841       7.165872
      34.769966     -14.286160      -2.940889     -34.016342      14.312854       7.166727
      34.772896     -14.279638      -2.941129     -34.023181      14.296863       7.167580
      34.775825     -14.273117      -2.941369     -34.030012      14.280868       7.168432
      34.778752     -14.266595      -2.941609     -34.036837      14.264869       7.169282
      34.781677     -14.260072      -2.941849     -34.043655      14.248867       7.170129
      34.784602     -14.253550      -2.942088     -34.050465      14.232861       7.170975
      34.787525     -14.247027      -2.942326     -34.057269      14.216851       7.171819
      34.790447     -14.240503      -2.942564     -34.064066      14.200838       7.172661
      34.793367     -14.233980      -2.942802     -34.070856      14.184820       7.173501
      34.796286     -14.227455      -2.943039     -34.077639      14.168799       7.174339
      34.799204     -14.220931      -2.943276     -34.084415      14.152774       7.175175
      34.802121     -14.214406      -2.943512     -34.091185      14.136746       7.176009
      34.805036     -14.207881      -2.943748     -34.097947      14.120713       7.176842
      34.807950     -14.201356      -2.943983     -34.104702      14.104677       7.177672
      34.810862     -14.194830      -2.944218     -34.111450      14.088638       7.178500
      34.813774     -14.188304      -2.944453     -34.118192      14.072594       7.179327
      34.816684     -14.181777      -2.944687     -34.124926      14.056547       7.180152
      34.819592     -14.175251      -2.944921     -34.131654      14.040496       7.180974
      34.822499     -14.168723      -2.945154     -34.138374      14.024441       7.181795
      34.825405     -14.162196      -2.945387     -34.145087      14.008383       7.182614
      34.828310     -14.155668      -2.945620     -34.151794      13.992321       7.183431
      34.831213     -14.149140      -2.945852     -34.158493      13.976255       7.184246
      34.834115     -14.142611      -2.946083     -34.165186      13.960186       7.185059
      34.837016     -14.136083      -2.946314     -34.171871      13.944113       7.185870
      34.839915     -14.129553      -2.946545     -34.178550      13.928036       7.186679
      34.842813     -14.123024      -2.946775     -34.185222      13.911956       7.187487
      34.845710     -14.116494      -2.947005     -34.191886      13.895872       7.188292
      34.848605     -14.109964      -2.947235     -34.198544      13.879784       7.189096
      34.851499     -14.103433      -2.947464     -34.205194      13.863693       7.189897
      34.854392     -14.096902      -2.947692     -34.211838      13.847598       7.190697
      34.857283     -14.090371      -2.947920     -34.218474      13.831499       7.191494
      34.860174     -14.083839      -2.948148     -34.225104      13.815397       7.192290
      34.863062     -14.077308      -2.948375     -34.231726      13.799291       7.193084
      34.865950     -14.070775      -2.948602     -34.238341      13.783182       7.193876
      34.868836     -14.064243      -2.948829     -34.244950      13.767069       7.194666
      34.871721     -14.057710      -2.949055     -34.251551      13.750953       7.195454
      34.874604     -14.051177      -2.949280     -34.258146      13.734832       7.196240
      34.877486     -14.044643      -2.949505     -34.264733      13.718709       7.197024
      34.880367     -14.038109      -2.949730     -34.271313      13.702581       7.197806
      34.883247     -14.031575      -2.949954     -34.277886      13.686450       7.198587
      34.886125     -14.025040      -2.950178     -34.284453      13.670316       7.199365
      34.889002     -14.018505      -2.950402     -34.291012      13.654178       7.200142
      34.891877     -14.011970      -2.950625     -34.297564      13.638036       7.200916
      34.894752     -14.005434      -2.950847     -34.304109      13.621891       7.201689
      34.897625     -13.998898      -2.951069     -34.310647      13.605743       7.202459
      34.900496     -13.992362      -2.951291     -34.317178      13.589591       7.203228
      34.903366     -13.985825      -2.951512     -34.323701      13.573435       7.203995
      34.906235     -13.979288      -2.951733     -34.330218      13.557276       7.204760
      34.909103     -13.972751      -2.951954     -34.336728      13.541113       7.205523
      34.911969     -13.966213      -2.952174     -34.343231      13.524947       7.206284
      34.914834     -13.959675      -2.952393     -34.349726      13.508777       7.207043
      34.917698     -13.953137      -2.952612     -34.356214      13.492604       7.207800
      34.920560     -13.946598      -2.952831     -34.362696      13.476427       7.208555
      34.923421     -13.940059      -2.953049     -34.369170      13.460247       7.209308
      34.926281     -13.933520      -2.953267     -34.375637      13.444063       7.210059
      34.929140     -13.926980      -2.953485     -34.382097      13.427876       7.210809
      34.931997     -13.920440      -2.953702     -34.388550      13.411686       7.211556
      34.934852     -13.913900      -2.953918     -34.394996      13.395492       7.212302
      34.937707     -13.907359      -2.954134     -34.401435      13.379294       7.213045
      34.940560     -13.900818      -2.954350     -34.407867      13.363093       7.213787
      34.943412     -13.894277      -2.954565     -34.414291      13.346889       7.214526
      34.946262     -13.887735      -2.954780     -34.420709      13.330681       7.215264
      34.949112     -13.881193      -2.954994     -34.427119      13.314470       7.216000
      34.951959     -13.874651      -2.955208     -34.433522      13.298255       7.216734
      34.954806     -13.868108      -2.955422     -34.439918      13.282037       7.217465
      34.957651     -13.861565      -2.955635     -34.446307      13.265816       7.218195
      34.960495     -13.855022      -2.955848     -34.452689      13.249591       7.218923
      34.963338     -13.848478      -2.956060     -34.459064      13.233363       7.219649
      34.966179     -13.841934      -2.956272     -34.465431      13.217131       7.220373
      34.969019     -13.835390      -2.956483     -34.471792      13.200896       7.221096
      34.971857     -13.828845      -2.956694     -34.478145      13.184658       7.221816
      34.974695     -13.822301      -2.956905     -34.484491      13.168416       7.222534
      34.977531     -13.815755      -2.957115     -34.490830      13.152171       7.223250
      34.980365     -13.809210      -2.957325     -34.497162      13.135922       7.223965
      34.983199     -13.802664      -2.957534     -34.503487      13.119671       7.224677
      34.986031     -13.796117      -2.957743     -34.509804      13.103416       7.225388
      34.988862     -13.789571      -2.957951     -34.516115      13.087157       7.226096
      34.991691     -13.783024      -2.958159     -34.522418      13.070895       7.226803
      34.994519     -13.776476      -2.958366     -34.528714      13.054630       7.227508
      34.997346     -13.769929      -2.958574     -34.535003      13.038362       7.228210
      35.000171     -13.763381      -2.958780     -34.541285      13.022090       7.228911
      35.002995     -13.756832      -2.958987     -34.547559      13.005815       7.229610
      35.005818     -13.750284      -2.959192     -34.553826      12.989537       7.230307
      35.008640     -13.743735      -2.959398     -34.560087      12.973255       7.231002
      35.011460     -13.737185      -2.959603     -34.566340      12.956970       7.231694
      35.014279     -13.730636      -2.959807     -34.572585      12.940682       7.232385
      35.017096     -13.724086      -2.960011     -34.578824      12.924390       7.233075
      35.019913     -13.717536      -2.960215     -34.585055      12.908096       7.233762
      35.022728     -13.710985      -2.960418     -34.591280      12.891798       7.234447
      35.025541     -13.704434      -2.960621     -34.597497      12.875497       7.235130
      35.028353     -13.697883      -2.960823     -34.603707      12.859192       7.235811
      35.031164     -13.691331      -2.961025     -34.609909      12.842884       7.236491
      35.033974     -13.684779      -2.961227     -34.616105      12.826573       7.237168
      35.036782     -13.678227      -2.961428     -34.622293      12.810259       7.237843
      35.039589     -13.671674      -2.961629     -34.628474      12.793942       7.238517
      35.042395     -13.665121      -2.961829     -34.634648      12.777621       7.239188
      35.045200     -13.658568      -2.962029     -34.640814      12.761297       7.239858
      35.048003     -13.652015      -2.962228     -34.646973      12.744971       7.240525
      35.050804     -13.645461      -2.962427     -34.653125      12.728640       7.241191
      35.053605     -13.638907      -2.962625     -34.659270      12.712307       7.241855
      35.056404     -13.632352      -2.962824     -34.665408      12.695970       7.242516
      35.059202     -13.625797      -2.963021     -34.671538      12.679631       7.243176
      35.061998     -13.619242      -2.963218     -34.677662      12.663288       7.243834
      35.064793     -13.612686      -2.963415     -34.683778      12.646942       7.244490
      35.067587     -13.606131      -2.963612     -34.689886      12.630593       7.245144
      35.070380     -13.599574      -2.963808     -34.695988      12.614240       7.245796
      35.073171     -13.593018      -2.964003     -34.702082      12.597885       7.246446
      35.075961     -13.586461      -2.964198     -34.708169      12.581526       7.247094
      35.078750     -13.579904      -2.964393     -34.714249      12.565164       7.247740
      35.081537     -13.573346      -2.964587     -34.720321      12.548799       7.248384
      35.084323     -13.566789      -2.964781     -34.726386      12.532431       7.249026
      35.087108     -13.560230      -2.964974     -34.732444      12.516060       7.249666
      35.089891     -13.553672      -2.965167     -34.738495      12.499686       7.250304
      35.092673     -13.547113      -2.965360     -34.744538      12.483309       7.250941
      35.095454     -13.540554      -2.965552     -34.750574      12.466928       7.251575
      35.098233     -13.533995      -2.965743     -34.756603      12.450545       7.252207
      35.101011     -13.527435      -2.965935     -34.762625      12.434158       7.252838
      35.103788     -13.520875      -2.966125     -34.768639      12.417769       7.253466
      35.106563     -13.514314      -2.966316     -34.774646      12.401376       7.254093
      35.109338     -13.507754      -2.966506     -34.780646      12.384981       7.254717
      35.112110     -13.501193      -2.966695     -34.786638      12.368582       7.255340
      35.114882     -13.494631      -2.966884     -34.792623      12.352180       7.255960
      35.117652     -13.488070      -2.967073     -34.798601      12.335775       7.256579
      35.120421     -13.481508      -2.967261     -34.804572      12.319367       7.257195
      35.123189     -13.474945      -2.967449     -34.810535      12.302956       7.257810
      35.125955     -13.468382      -2.967636     -34.816491      12.286542       7.258423
      35.128720     -13.461819      -2.967823     -34.822440      12.270125       7.259034
      35.131483     -13.455256      -2.968010     -34.828381      12.253705       7.259643
      35.134246     -13.448693      -2.968196     -34.834315      12.237283       7.260249
      35.137007     -13.442129      -2.968381     -34.840242      12.220857       7.260854
      35.139767     -13.435564      -2.968567     -34.846161      12.204428       7.261457
      35.142525     -13.429000      -2.968751     -34.852073      12.187996       7.262058
      35.145282     -13.422435      -2.968936     -34.857978      12.171561       7.262657
      35.148038     -13.415870      -2.969120     -34.863876      12.155123       7.263254
      35.150792     -13.409304      -2.969303     -34.869766      12.138682       7.263849
      35.153545     -13.402738      -2.969486     -34.875649      12.122239       7.264442
      35.156297     -13.396172      -2.969669     -34.881524      12.105792       7.265033
      35.159048     -13.389605      -2.969851     -34.887392      12.089342       7.265623
      35.161797     -13.383038      -2.970033     -34.893253      12.072890       7.266210
      35.164545     -13.376471      -2.970214     -34.899107      12.056434       7.266795
      35.167291     -13.369904      -2.970395     -34.904953      12.039976       7.267378
      35.170036     -13.363336      -2.970576     -34.910792      12.023515       7.267960
      35.172780     -13.356768      -2.970756     -34.916623      12.007051       7.268539
      35.175523     -13.350199      -2.970935     -34.922447      11.990583       7.269116
      35.178264     -13.343631      -2.971115     -34.928264      11.974113       7.269692
      35.181004     -13.337062      -2.971293     -34.934073      11.957641       7.270265
      35.183743     -13.330492      -2.971472     -34.939875      11.941165       7.270837
      35.186480     -13.323922      -2.971650     -34.945670      11.924686       7.271406
      35.189217     -13.317352      -2.971827     -34.951457      11.908205       7.271974
      35.191951     -13.310782      -2.972004     -34.957237      11.891720       7.272539
      35.194685     -13.304211      -2.972181     -34.963010      11.875233       7.273103
      35.197417     -13.297640      -2.972357     -34.968775      11.858743       7.273665
      35.200148     -13.291069      -2.972533     -34.974533      11.842250       7.274224
      35.202877     -13.284497      -2.972708     -34.980284      11.825755       7.274782
      35.205605     -13.277925      -2.972883     -34.986027      11.809256       7.275338
      35.208332     -13.271353      -2.973058     -34.991763      11.792755       7.275891
      35.211058     -13.264780      -2.973232     -34.997491      11.776251       7.276443
      35.213782     -13.258208      -2.973405     -35.003212      11.759744       7.276993
      35.216505     -13.251634      -2.973579     -35.008926      11.743234       7.277541
      35.219227     -13.245061      -2.973751     -35.014632      11.726721       7.278087
      35.221947     -13.238487      -2.973924     -35.020331      11.710206       7.278630
      35.224666     -13.231913      -2.974096     -35.026022      11.693688       7.279172
      35.227384     -13.225338      -2.974267     -35.031706      11.677167       7.279712
      35.230100     -13.218763      -2.974438     -35.037383      11.660643       7.280250
      35.232815     -13.212188      -2.974609     -35.043052      11.644117       7.280786
      35.235529     -13.205613      -2.974779     -35.048714      11.627588       7.281320
      35.238241     -13.199037      -2.974949     -35.054368      11.611056       7.281852
      35.240953     -13.192461      -2.975118     -35.060015      11.594521       7.282383
      35.243662     -13.185885      -2.975287     -35.065655      11.577984       7.282911
      35.246371     -13.179308      -2.975456     -35.071287      11.561443       7.283437
      35.249078     -13.172731      -2.975624     -35.076912      11.544901       7.283961
      35.251784     -13.166154      -2.975791     -35.082530      11.528355       7.284483
      35.254489     -13.159576      -2.975959     -35.088140      11.511807       7.285003
      35.257192     -13.152998      -2.976125     -35.093742      11.495256       7.285522
      35.259894     -13.146420      -2.976292     -35.099337      11.478702       7.286038
      35.262595     -13.139841      -2.976458     -35.104925      11.462146       7.286552
      35.265294     -13.133262      -2.976623     -35.110505      11.445587       7.287064
      35.267992     -13.126683      -2.976788     -35.116078      11.429025       7.287575
      35.270689     -13.120103      -2.976953     -35.121644      11.412461       7.288083
      35.273384     -13.113523      -2.977117     -35.127202      11.395894       7.288590
      35.276078     -13.106943      -2.977281     -35.132752      11.379324       7.289094
      35.278771     -13.100363      -2.977444     -35.138295      11.362752       7.289596
      35.281463     -13.093782      -2.977607     -35.143831      11.346177       7.290097
      35.284153     -13.087201      -2.977770     -35.149359      11.329599       7.290595
      35.286842     -13.080620      -2.977932     -35.154880      11.313019       7.291092
      35.289529     -13.074038      -2.978093     -35.160393      11.296436       7.291586
      35.292216     -13.067456      -2.978254     -35.165899      11.279851       7.292079
      35.294900     -13.060873      -2.978415     -35.171398      11.263263       7.292570
      35.297584     -13.054291      -2.978576     -35.176889      11.246672       7.293058
      35.300266     -13.047708      -2.978736     -35.182372      11.230079       7.293545
      35.302947     -13.041124      -2.978895     -35.187848      11.213483       7.294030
      35.305627     -13.034541      -2.979054     -35.193317      11.196885       7.294512
      35.308306     -13.027957      -2.979213     -35.198778      11.180284       7.294993
      35.310983     -13.021373      -2.979371     -35.204232      11.163680       7.295472
      35.313658     -13.014788      -2.979529     -35.209678      11.147074       7.295948
      35.316333     -13.008203      -2.979686     -35.215117      11.130465       7.296423
      35.319006     -13.001618      -2.979843     -35.220548      11.113854       7.296896
      35.321678     -12.995033      -2.979999     -35.225972      11.097240       7.297367
      35.324349     -12.988447      -2.980156     -35.231388      11.080624       7.297836
      35.327018     -12.981861      -2.980311     -35.236797      11.064005       7.298302
      35.329686     -12.975274      -2.980466     -35.242198      11.047384       7.298767
      35.332352     -12.968688      -2.980621     -35.247592      11.030760       7.299230
      35.335018     -12.962101      -2.980775     -35.252979      11.014134       7.299691
      35.337682     -12.955513      -2.980929     -35.258358      10.997505       7.300150
      35.340344     -12.948926      -2.981083     -35.263729      10.980874       7.300607
      35.343006     -12.942338      -2.981236     -35.269093      10.964240       7.301062
      35.345666     -12.935749      -2.981389     -35.274449      10.947604       7.301515
      35.348325     -12.929161      -2.981541     -35.279798      10.930965       7.301966
      35.350982     -12.922572      -2.981693     -35.285140      10.914324       7.302415
      35.353638     -12.915983      -2.981844     -35.290474      10.897680       7.302862
      35.356293     -12.909393      -2.981995     -35.295800      10.881034       7.303307
      35.358947     -12.902803      -2.982145     -35.301119      10.864385       7.303750
      35.361599     -12.896213      -2.982295     -35.306430      10.847734       7.304191
      35.364250     -12.889623      -2.982445     -35.311734      10.831081       7.304631
      35.366900     -12.883032      -2.982594     -35.317031      10.814425       7.305068
      35.369548     -12.876441      -2.982743     -35.322320      10.797767       7.305503
      35.372195     -12.869850      -2.982891     -35.327601      10.781106       7.305936
      35.374841     -12.863258      -2.983039     -35.332875      10.764443       7.306367
      35.377485     -12.856666      -2.983187     -35.338141      10.747778       7.306797
      35.380128     -12.850074      -2.983334     -35.343400      10.731110       7.307224
      35.382770     -12.843481      -2.983480     -35.348652      10.714439       7.307649
      35.385410     -12.836888      -2.983627     -35.353895      10.697767       7.308072
      35.388050     -12.830295      -2.983772     -35.359132      10.681092       7.308494
      35.390687     -12.823702      -2.983918     -35.364360      10.664414       7.308913
      35.393324     -12.817108      -2.984063     -35.369582      10.647735       7.309330
      35.395959     -12.810514      -2.984207     -35.374795      10.631053       7.309746
      35.398593     -12.803919      -2.984351     -35.380001      10.614368       7.310159
      35.401226     -12.797325      -2.984495     -35.385200      10.597681       7.310571
      35.403857     -12.790730      -2.984638     -35.390391      10.580992       7.310980
      35.406487     -12.784134      -2.984781     -35.395575      10.564301       7.311387
      35.409116     -12.777539      -2.984923     -35.400751      10.547607       7.311793
      35.411743     -12.770943      -2.985065     -35.405919      10.530911       7.312196
      35.414369     -12.764346      -2.985207     -35.411080      10.514213       7.312598
      35.416994     -12.757750      -2.985348     -35.416233      10.497512       7.312997
      35.419618     -12.751153      -2.985488     -35.421379      10.480809       7.313395
      35.422240     -12.744556      -2.985629     -35.426518      10.464104       7.313790
      35.424861     -12.737958      -2.985768     -35.431648      10.447396       7.314184
      35.427480     -12.731361      -2.985908     -35.436771      10.430687       7.314575
      35.430099     -12.724763      -2.986047     -35.441887      10.413975       7.314965
      35.432716     -12.718164      -2.986185     -35.446995      10.397260       7.315353
      35.435331     -12.711565      -2.986323     -35.452096      10.380544       7.315738
      35.437946     -12.704966      -2.986461     -35.457189      10.363825       7.316122
      35.440559     -12.698367      -2.986598     -35.462274      10.347104       7.316504
      35.443170     -12.691768      -2.986735     -35.467352      10.330381       7.316883
      35.445781     -12.685168      -2.986871     -35.472422      10.313655       7.317261
      35.448390     -12.678567      -2.987007     -35.477485      10.296928       7.317637
      35.450998     -12.671967      -2.987143     -35.482540      10.280198       7.318010
      35.453604     -12.665366      -2.987278     -35.487587      10.263466       7.318382
      35.456210     -12.658765      -2.987412     -35.492627      10.246732       7.318752
      35.458813     -12.652164      -2.987546     -35.497660      10.229995       7.319119
      35.461416     -12.645562      -2.987680     -35.502684      10.213257       7.319485
      35.464017     -12.638960      -2.987814     -35.507702      10.196516       7.319849
      35.466617     -12.632358      -2.987947     -35.512711      10.179773       7.320211
      35.469216     -12.625755      -2.988079     -35.517713      10.163028       7.320571
      35.471813     -12.619152      -2.988211     -35.522708      10.146280       7.320929
      35.474410     -12.612549      -2.988343     -35.527695      10.129531       7.321284
      35.477004     -12.605945      -2.988474     -35.532674      10.112779       7.321638
      35.479598     -12.599341      -2.988605     -35.537646      10.096026       7.321990
      35.482190     -12.592737      -2.988735     -35.542610      10.079270       7.322340
      35.484781     -12.586133      -2.988865     -35.547566      10.062512       7.322688
      35.487370     -12.579528      -2.988994     -35.552515      10.045752       7.323034
      35.489959     -12.572923      -2.989124     -35.557456      10.028990       7.323378
      35.492546     -12.566318      -2.989252     -35.562390      10.012225       7.323720
      35.495131     -12.559712      -2.989380     -35.567316       9.995459       7.324060
      35.497716     -12.553106      -2.989508     -35.572235       9.978690       7.324398
      35.500299     -12.546500      -2.989636     -35.577146       9.961920       7.324734
      35.502880     -12.539894      -2.989762     -35.582049       9.945147       7.325068
      35.505461     -12.533287      -2.989889     -35.586945       9.928373       7.325400
      35.508040     -12.526680      -2.990015     -35.591833       9.911596       7.325730
      35.510618     -12.520072      -2.990141     -35.596713       9.894817       7.326058
      35.513194     -12.513464      -2.990266     -35.601586       9.878036       7.326384
      35.515770     -12.506856      -2.990391     -35.606452       9.861254       7.326708
      35.518343     -12.500248      -2.990515     -35.611309       9.844469       7.327030
      35.520916     -12.493639      -2.990639     -35.616159       9.827682       7.327350
      35.523487     -12.487031      -2.990762     -35.621002       9.810893       7.327668
      35.526057     -12.480421      -2.990885     -35.625837       9.794102       7.327985
      35.528626     -12.473812      -2.991008     -35.630664       9.777309       7.328299
      35.531194     -12.467202      -2.991130     -35.635483       9.760514       7.328611
      35.533760     -12.460592      -2.991252     -35.640295       9.743717       7.328921
      35.536324     -12.453981      -2.991373     -35.645100       9.726918       7.329229
      35.538888     -12.447371      -2.991494     -35.649896       9.710117       7.329536
      35.541450     -12.440760      -2.991615     -35.654685       9.693314       7.329840
      35.544011     -12.434148      -2.991735     -35.659467       9.676510       7.330142
      35.546571     -12.427537      -2.991855     -35.664241       9.659703       7.330442
      35.549129     -12.420925      -2.991974     -35.669007       9.642894       7.330741
      35.551686     -12.414313      -2.992092     -35.673765       9.626083       7.331037
      35.554242     -12.407700      -2.992211     -35.678516       9.609271       7.331331
      35.556796     -12.401088      -2.992329     -35.683259       9.592456       7.331623
      35.559349     -12.394474      -2.992446     -35.687995       9.575640       7.331914
      35.561901     -12.387861      -2.992563     -35.692723       9.558821       7.332202
      35.564451     -12.381247      -2.992680     -35.697443       9.542001       7.332489
      35.567000     -12.374633      -2.992796     -35.702156       9.525179       7.332773
      35.569548     -12.368019      -2.992912     -35.706861       9.508355       7.333055
      35.572095     -12.361405      -2.993027     -35.711558       9.491529       7.333336
      35.574640     -12.354790      -2.993142     -35.716248       9.474701       7.333614
      35.577184     -12.348175      -2.993257     -35.720930       9.457871       7.333891
      35.579727     -12.341559      -2.993371     -35.725605       9.441040       7.334165
      35.582268     -12.334943      -2.993484     -35.730272       9.424206       7.334437
      35.584808     -12.328327      -2.993598     -35.734931       9.407371       7.334708
      35.587347     -12.321711      -2.993710     -35.739582       9.390534       7.334976
      35.589884     -12.315094      -2.993823     -35.744226       9.373695       7.335243
      35.592421     -12.308478      -2.993935     -35.748862       9.356854       7.335507
      35.594955     -12.301860      -2.994046     -35.753491       9.340011       7.335770
      35.597489     -12.295243      -2.994157     -35.758112       9.323167       7.336030
      35.600021     -12.288625      -2.994268     -35.762725       9.306321       7.336289
      35.602552     -12.282007      -2.994378     -35.767330       9.289473       7.336546
      35.605082     -12.275389      -2.994488     -35.771928       9.272623       7.336800
      35.607610     -12.268770      -2.994597     -35.776519       9.255771       7.337053
      35.610137     -12.262151      -2.994706     -35.781101       9.238918       7.337303
      35.612663     -12.255532      -2.994815     -35.785676       9.222062       7.337552
      35.615187     -12.248912      -2.994923     -35.790243       9.205205       7.337799
      35.617711     -12.242292      -2.995030     -35.794803       9.188347       7.338043
      35.620232     -12.235672      -2.995137     -35.799355       9.171486       7.338286
      35.622753     -12.229052      -2.995244     -35.803899       9.154624       7.338527
      35.625272     -12.222431      -2.995351     -35.808435       9.137760       7.338765
      35.627790     -12.215810      -2.995457     -35.812964       9.120894       7.339002
      35.630307     -12.209189      -2.995562     -35.817485       9.104026       7.339237
      35.632822     -12.202567      -2.995667     -35.821999       9.087157       7.339470
      35.635336     -12.195945      -2.995772     -35.826505       9.070286       7.339700
      35.637849     -12.189323      -2.995876     -35.831003       9.053414       7.339929
      35.640360     -12.182700      -2.995980     -35.835493       9.036539       7.340156
      35.642870     -12.176078      -2.996083     -35.839976       9.019663       7.340381
      35.645379     -12.169455      -2.996186     -35.844451       9.002786       7.340604
      35.647887     -12.162831      -2.996288     -35.848918       8.985906       7.340824
      35.650393     -12.156208      -2.996390     -35.853378       8.969025       7.341043
      35.652898     -12.149584      -2.996492     -35.857830       8.952142       7.341260
      35.655402     -12.142960      -2.996593     -35.862274       8.935258       7.341475
      35.657904     -12.136335      -2.996694     -35.866711       8.918372       7.341688
      35.660405     -12.129710      -2.996794     -35.871140       8.901484       7.341899
      35.662905     -12.123085      -2.996894     -35.875561       8.884595       7.342108
      35.665403     -12.116460      -2.996994     -35.879975       8.867704       7.342315
      35.667900     -12.109834      -2.997093     -35.884381       8.850811       7.342520
      35.670396     -12.103208      -2.997192     -35.888779       8.833917       7.342723
      35.672891     -12.096582      -2.997290     -35.893169       8.817021       7.342924
      35.675384     -12.089955      -2.997387     -35.897552       8.800123       7.343123
      35.677876     -12.083329      -2.997485     -35.901927       8.783224       7.343320
      35.680367     -12.076701      -2.997582     -35.906295       8.766324       7.343515
      35.682856     -12.070074      -2.997678     -35.910654       8.749421       7.343708
      35.685344     -12.063446      -2.997774     -35.915006       8.732518       7.343899
      35.687831     -12.056818      -2.997870     -35.919350       8.715612       7.344088
      35.690316     -12.050190      -2.997965     -35.923687       8.698705       7.344275
      35.692800     -12.043562      -2.998060     -35.928016       8.681797       7.344460
      35.695283     -12.036933      -2.998154     -35.932337       8.664887       7.344643
      35.697765     -12.030304      -2.998248     -35.936650       8.647975       7.344824
      35.700245     -12.023674      -2.998342     -35.940956       8.631062       7.345004
      35.702724     -12.017045      -2.998435     -35.945254       8.614147       7.345181
      35.705202     -12.010415      -2.998527     -35.949544       8.597231       7.345356
      35.707678     -12.003784      -2.998619     -35.953827       8.580313       7.345529
      35.710153     -11.997154      -2.998711     -35.958102       8.563394       7.345700
      35.712627     -11.990523      -2.998803     -35.962369       8.546473       7.345870
      35.715099     -11.983892      -2.998893     -35.966629       8.529551       7.346037
      35.717570     -11.977260      -2.998984     -35.970880       8.512627       7.346202
      35.720040     -11.970629      -2.999074     -35.975124       8.495702       7.346366
      35.722509     -11.963997      -2.999164     -35.979361       8.478775       7.346527
      35.724976     -11.957364      -2.999253     -35.983589       8.461847       7.346686
      35.727442     -11.950732      -2.999342     -35.987810       8.444917       7.346844
      35.729907     -11.944099      -2.999430     -35.992023       8.427986       7.346999
      35.732370     -11.937466      -2.999518     -35.996229       8.411054       7.347152
      35.734832     -11.930832      -2.999605     -36.000426       8.394120       7.347304
      35.737293     -11.924199      -2.999692     -36.004616       8.377184       7.347453
      35.739753     -11.917565      -2.999779     -36.008798       8.360247       7.347601
      35.742211     -11.910930      -2.999865     -36.012973       8.343309       7.347746
      35.744668     -11.904296      -2.999951     -36.017140       8.326369       7.347890
      35.747123     -11.897661      -3.000036     -36.021299       8.309428       7.348031
      35.749578     -11.891026      -3.000121     -36.025450       8.292486       7.348171
      35.752031     -11.884390      -3.000206     -36.029594       8.275542       7.348308
      35.754482     -11.877755      -3.000290     -36.033730       8.258597       7.348444
      35.756933     -11.871119      -3.000373     -36.037858       8.241650       7.348577
      35.759382     -11.864483      -3.000456     -36.041978       8.224702       7.348709
      35.761830     -11.857846      -3.000539     -36.046091       8.207752       7.348838
      35.764276     -11.851209      -3.000622     -36.050196       8.190802       7.348966
      35.766721     -11.844572      -3.000703     -36.054293       8.173849       7.349092
      35.769165     -11.837935      -3.000785     -36.058382       8.156896       7.349215
      35.771608     -11.831297      -3.000866     -36.062464       8.139941       7.349337
      35.774049     -11.824659      -3.000947     -36.066538       8.122985       7.349457
      35.776489     -11.818021      -3.001027     -36.070604       8.106027       7.349575
      35.778928     -11.811382      -3.001106     -36.074663       8.089069       7.349690
      35.781365     -11.804743      -3.001186     -36.078714       8.072109       7.349804
      35.783802     -11.798104      -3.001265     -36.082757       8.055147       7.349916
      35.786236     -11.791465      -3.001343     -36.086792       8.038184       7.350026
      35.788670     -11.784825      -3.001421     -36.090820       8.021220       7.350133
      35.791102     -11.778185      -3.001499     -36.094839       8.004255       7.350239
      35.793533     -11.771545      -3.001576     -36.098852       7.987289       7.350343
      35.795963     -11.764905      -3.001653     -36.102856       7.970321       7.350445
      35.798391     -11.758264      -3.001729     -36.106852       7.953352       7.350545
      35.800818     -11.751623      -3.001805     -36.110841       7.936381       7.350643
      35.803244     -11.744982      -3.001880     -36.114822       7.919410       7.350739
      35.805669     -11.738340      -3.001955     -36.118796       7.902437       7.350833
      35.808092     -11.731698      -3.002030     -36.122761       7.885463       7.350925
      35.810514     -11.725056      -3.002104     -36.126719       7.868487       7.351015
      35.812934     -11.718413      -3.002178     -36.130669       7.851511       7.351103
      35.815354     -11.711771      -3.002251     -36.134612       7.834533       7.351189
      35.817772     -11.705128      -3.002324     -36.138546       7.817554       7.351273
      35.820188     -11.698484      -3.002397     -36.142473       7.800574       7.351355
      35.822604     -11.691841      -3.002469     -36.146392       7.783592       7.351435
      35.825018     -11.685197      -3.002540     -36.150303       7.766610       7.351514
      35.827431     -11.678553      -3.002611     -36.154207       7.749626       7.351590
      35.829842     -11.671908      -3.002682     -36.158103       7.732641       7.351664
      35.832252     -11.665264      -3.002752     -36.161991       7.715655       7.351736
      35.834661     -11.658619      -3.002822     -36.165871       7.698667       7.351806
      35.837069     -11.651973      -3.002892     -36.169744       7.681679       7.351875
      35.839475     -11.645328      -3.002961     -36.173609       7.664689       7.351941
      35.841880     -11.638682      -3.003029     -36.177466       7.647699       7.352005
      35.844284     -11.632036      -3.003097     -36.181315       7.630707       7.352068
      35.846687     -11.625390      -3.003165     -36.185157       7.613714       7.352128
      35.849088     -11.618743      -3.003232     -36.188990       7.596720       7.352186
      35.851488     -11.612096      -3.003299     -36.192816       7.579725       7.352243
      35.853886     -11.605449      -3.003366     -36.196635       7.562728       7.352297
      35.856284     -11.598801      -3.003432     -36.200445       7.545731       7.352350
      35.858680     -11.592153      -3.003497     -36.204248       7.528732       7.352400
      35.861074     -11.585505      -3.003563     -36.208043       7.511733       7.352449
      35.863468     -11.578857      -3.003627     -36.211830       7.494732       7.352495
      35.865860     -11.572209      -3.003692     -36.215609       7.477730       7.352540
      35.868251     -11.565560      -3.003755     -36.219381       7.460727       7.352583
      35.870640     -11.558911      -3.003819     -36.223145       7.443723       7.352623
      35.873028     -11.552261      -3.003882     -36.226901       7.426718       7.352662
      35.875415     -11.545611      -3.003944     -36.230650       7.409712       7.352699
      35.877801     -11.538961      -3.004007     -36.234390       7.392705       7.352733
      35.880185     -11.532311      -3.004068     -36.238123       7.375697       7.352766
      35.882568     -11.525661      -3.004130     -36.241848       7.358688       7.352797
      35.884950     -11.519010      -3.004190     -36.245565       7.341678       7.352826
      35.887331     -11.512359      -3.004251     -36.249275       7.324667       7.352852
      35.889710     -11.505707      -3.004311     -36.252977       7.307655       7.352877
      35.892088     -11.499056      -3.004370     -36.256671       7.290642       7.352900
      35.894464     -11.492404      -3.004430     -36.260357       7.273627       7.352921
      35.896839     -11.485752      -3.004488     -36.264036       7.256612       7.352940
      35.899213     -11.479099      -3.004547     -36.267706       7.239596       7.352957
      35.901586     -11.472447      -3.004604     -36.271369       7.222579       7.352972
      35.903958     -11.465794      -3.004662     -36.275024       7.205561       7.352985
      35.906328     -11.459140      -3.004719     -36.278672       7.188542       7.352996
      35.908697     -11.452487      -3.004775     -36.282311       7.171522       7.353005
      35.911064     -11.445833      -3.004831     -36.285943       7.154501       7.353012
      35.913430     -11.439179      -3.004887     -36.289567       7.137479       7.353017
      35.915795     -11.432524      -3.004942     -36.293184       7.120457       7.353020
      35.918159     -11.425870      -3.004997     -36.296792       7.103433       7.353022
      35.920521     -11.419215      -3.005052     -36.300393       7.086408       7.353021
      35.922882     -11.412560      -3.005106     -36.303986       7.069383       7.353018
      35.925242     -11.405904      -3.005159     -36.307571       7.052356       7.353013
      35.927601     -11.399248      -3.005212     -36.311149       7.035329       7.353007
      35.929958     -11.392592      -3.005265     -36.314718       7.018301       7.352998
      35.932314     -11.385936      -3.005317     -36.318280       7.001272       7.352988
      35.934668     -11.379280      -3.005369     -36.321834       6.984242       7.352975
      35.937022     -11.372623      -3.005420     -36.325381       6.967211       7.352960
      35.939374     -11.365966      -3.005471     -36.328919       6.950179       7.352944
      35.941724     -11.359308      -3.005522     -36.332450       6.933147       7.352925
      35.944074     -11.352651      -3.005572     -36.335973       6.916113       7.352905
      35.946422     -11.345993      -3.005622     -36.339488       6.899079       7.352883
      35.948769     -11.339335      -3.005671     -36.342996       6.882044       7.352858
      35.951114     -11.332676      -3.005720     -36.346495       6.865008       7.352832
      35.953459     -11.326017      -3.005768     -36.349987       6.847971       7.352804
      35.955802     -11.319358      -3.005816     -36.353471       6.830933       7.352773
      35.958143     -11.312699      -3.005864     -36.356948       6.813895       7.352741
      35.960484     -11.306039      -3.005911     -36.360416       6.796856       7.352707
      35.962823     -11.299380      -3.005957     -36.363877       6.779816       7.352671
      35.965161     -11.292720      -3.006004     -36.367330       6.762775       7.352633
      35.967497     -11.286059      -3.006050     -36.370775       6.745734       7.352593
      35.969832     -11.279399      -3.006095     -36.374213       6.728691       7.352550
      35.972166     -11.272738      -3.006140     -36.377643       6.711648       7.352506
      35.974499     -11.266077      -3.006184     -36.381064       6.694604       7.352460
      35.976830     -11.259415      -3.006228     -36.384479       6.677560       7.352412
      35.979160     -11.252753      -3.006272     -36.387885       6.660514       7.352363
      35.981489     -11.246091      -3.006315     -36.391283       6.643468       7.352311
      35.983817     -11.239429      -3.006358     -36.394674       6.626421       7.352257
      35.986143     -11.232767      -3.006401     -36.398057       6.609374       7.352201
      35.988468     -11.226104      -3.006442     -36.401432       6.592326       7.352143
      35.990791     -11.219441      -3.006484     -36.404800       6.575277       7.352084
      35.993114     -11.212777      -3.006525     -36.408159       6.558227       7.352022
      35.995435     -11.206114      -3.006566     -36.411511       6.541176       7.351958
      35.997754     -11.199450      -3.006606     -36.414855       6.524125       7.351893
      36.000073     -11.192786      -3.006646     -36.418192       6.507074       7.351825
      36.002390     -11.186121      -3.006685     -36.421520       6.490021       7.351756
      36.004706     -11.179457      -3.006724     -36.424841       6.472968       7.351684
      36.007020     -11.172792      -3.006762     -36.428154       6.455914       7.351611
      36.009334     -11.166127      -3.006800     -36.431459       6.438860       7.351535
      36.011646     -11.159461      -3.006838     -36.434757       6.421804       7.351458
      36.013956     -11.152795      -3.006875     -36.438046       6.404749       7.351379
      36.016266     -11.146129      -3.006912     -36.441328       6.387692       7.351297
      36.018574     -11.139463      -3.006948     -36.444602       6.370635       7.351214
      36.020881     -11.132797      -3.006984     -36.447868       6.353578       7.351129
      36.023186     -11.126130      -3.007020     -36.451127       6.336519       7.351042
      36.025491     -11.119463      -3.007055     -36.454377       6.319460       7.350953
      36.027794     -11.112795      -3.007089     -36.457620       6.302401       7.350862
      36.030095     -11.106128      -3.007124     -36.460856       6.285341       7.350769
      36.032396     -11.099460      -3.007157     -36.464083       6.268280       7.350674
      36.034695     -11.092792      -3.007191     -36.467302       6.251219       7.350577
      36.036992     -11.086123      -3.007224     -36.470514       6.234157       7.350478
      36.039289     -11.079455      -3.007256     -36.473718       6.217094       7.350377
      36.041584     -11.072786      -3.007288     -36.476914       6.200031       7.350274
      36.043878     -11.066117      -3.007320     -36.480103       6.182968       7.350169
      36.046171     -11.059447      -3.007351     -36.483284       6.165904       7.350063
      36.048462     -11.052777      -3.007382     -36.486456       6.148839       7.349954
      36.050752     -11.046107      -3.007412     -36.489622       6.131774       7.349843
      36.053041     -11.039437      -3.007442     -36.492779       6.114708       7.349731
      36.055328     -11.032767      -3.007471     -36.495928       6.097642       7.349616
      36.057615     -11.026096      -3.007500     -36.499070       6.080575       7.349500
      36.059900     -11.019425      -3.007529     -36.502204       6.063507       7.349382
      36.062183     -11.012753      -3.007557     -36.505330       6.046440       7.349261
      36.064466     -11.006082      -3.007585     -36.508449       6.029371       7.349139
      36.066747     -10.999410      -3.007612     -36.511559       6.012302       7.349015
      36.069026     -10.992738      -3.007639     -36.514662       5.995233       7.348888
      36.071305     -10.986065      -3.007665     -36.517757       5.978163       7.348760
      36.073582     -10.979393      -3.007691     -36.520845       5.961093       7.348630
      36.075858     -10.972720      -3.007717     -36.523924       5.944022       7.348498
      36.078132     -10.966047      -3.007742     -36.526996       5.926951       7.348364
      36.080406     -10.959373      -3.007767     -36.530060       5.909880       7.348228
      36.082678     -10.952700      -3.007791     -36.533116       5.892808       7.348090
      36.084949     -10.946026      -3.007815     -36.536164       5.875735       7.347950
      36.087218     -10.939351      -3.007838     -36.539205       5.858662       7.347808
      36.089486     -10.932677      -3.007861     -36.542238       5.841589       7.347665
      36.091753     -10.926002      -3.007884     -36.545263       5.824515       7.347519
      36.094019     -10.919327      -3.007906     -36.548280       5.807441       7.347371
      36.096283     -10.912652      -3.007928     -36.551289       5.790366       7.347222
      36.098546     -10.905976      -3.007949     -36.554291       5.773291       7.347070
      36.100808     -10.899301      -3.007970     -36.557285       5.756216       7.346916
      36.103068     -10.892625      -3.007990     -36.560271       5.739140       7.346761
      36.105327     -10.885948      -3.008010     -36.563250       5.722064       7.346604
      36.107585     -10.879272      -3.008030     -36.566220       5.704987       7.346444
      36.109842     -10.872595      -3.008049     -36.569183       5.687910       7.346283
      36.112097     -10.865918      -3.008067     -36.572138       5.670833       7.346120
      36.114351     -10.859240      -3.008086     -36.575085       5.653755       7.345955
      36.116604     -10.852563      -3.008103     -36.578025       5.636677       7.345787
      36.118855     -10.845885      -3.008121     -36.580956       5.619599       7.345618
      36.121105     -10.839207      -3.008138     -36.583880       5.602520       7.345447
      36.123354     -10.832528      -3.008154     -36.586796       5.585441       7.345274
      36.125601     -10.825850      -3.008170     -36.589705       5.568362       7.345100
      36.127848     -10.819171      -3.008186     -36.592605       5.551282       7.344923
      36.130093     -10.812491      -3.008201     -36.595498       5.534203       7.344744
      36.132336     -10.805812      -3.008216     -36.598383       5.517122       7.344563
      36.134579     -10.799132      -3.008230     -36.601260       5.500042       7.344381
      36.136820     -10.792452      -3.008244     -36.604130       5.482961       7.344196
      36.139060     -10.785772      -3.008258     -36.606992       5.465880       7.344009
      36.141298     -10.779092      -3.008271     -36.609845       5.448799       7.343821
      36.143536     -10.772411      -3.008284     -36.612692       5.431717       7.343631
      36.145771     -10.765730      -3.008296     -36.615530       5.414635       7.343438
      36.148006     -10.759049      -3.008307     -36.618361       5.397553       7.343244
      36.150240     -10.752367      -3.008319     -36.621183       5.380471       7.343048
      36.152472     -10.745685      -3.008330     -36.623999       5.363388       7.342850
      36.154702     -10.739003      -3.008340     -36.626806       5.346305       7.342649
      36.156932     -10.732321      -3.008350     -36.629605       5.329222       7.342447
      36.159160     -10.725638      -3.008360     -36.632397       5.312139       7.342243
      36.161387     -10.718956      -3.008369     -36.635181       5.295055       7.342037
      36.163613     -10.712272      -3.008378     -36.637957       5.277972       7.341830
      36.165837     -10.705589      -3.008386     -36.640726       5.260888       7.341620
      36.168060     -10.698906      -3.008394     -36.643486       5.243804       7.341408
      36.170282     -10.692222      -3.008401     -36.646239       5.226719       7.341194
      36.172503     -10.685538      -3.008408     -36.648984       5.209635       7.340979
      36.174722     -10.678853      -3.008415     -36.651722       5.192550       7.340761
      36.176940     -10.672169      -3.008421     -36.654451       5.175465       7.340542
      36.179157     -10.665484      -3.008427     -36.657173       5.158380       7.340320
      36.181372     -10.658799      -3.008432     -36.659887       5.141295       7.340097
      36.183586     -10.652113      -3.008437     -36.662593       5.124210       7.339872
      36.185799     -10.645428      -3.008441     -36.665292       5.107124       7.339645
      36.188010     -10.638742      -3.008445     -36.667983       5.090039       7.339416
      36.190221     -10.632055      -3.008449     -36.670666       5.072953       7.339185
      36.192430     -10.625369      -3.008452     -36.673341       5.055867       7.338952
      36.194637     -10.618682      -3.008455     -36.676008       5.038781       7.338717
      36.196844     -10.611995      -3.008457     -36.678668       5.021695       7.338480
      36.199049     -10.605308      -3.008459     -36.681320       5.004609       7.338241
      36.201253     -10.598621      -3.008460     -36.683964       4.987523       7.338000
      36.203455     -10.591933      -3.008461     -36.686600       4.970437       7.337758
      36.205656     -10.585245      -3.008462     -36.689229       4.953350       7.337513
      36.207856     -10.578557      -3.008462     -36.691850       4.936264       7.337267
      36.210055     -10.571869      -3.008462     -36.694463       4.919177       7.337018
      36.212252     -10.565180      -3.008461     -36.697068       4.902091       7.336768
      36.214449     -10.558491      -3.008460     -36.699666       4.885004       7.336516
      36.216643     -10.551802      -3.008458     -36.702256       4.867917       7.336261
      36.218837     -10.545112      -3.008456     -36.704838       4.850831       7.336005
      36.221029     -10.538422      -3.008454     -36.707412       4.833744       7.335747
      36.223220     -10.531732      -3.008451     -36.709979       4.816657       7.335487
      36.225410     -10.525042      -3.008447     -36.712538       4.799570       7.335225
      36.227598     -10.518352      -3.008443     -36.715089       4.782483       7.334962
      36.229785     -10.511661      -3.008439     -36.717632       4.765396       7.334696
      36.231971     -10.504970      -3.008435     -36.720167       4.748310       7.334428
      36.234156     -10.498279      -3.008430     -36.722695       4.731223       7.334159
      36.236339     -10.491587      -3.008424     -36.725215       4.714136       7.333887
      36.238521     -10.484895      -3.008418     -36.727728       4.697049       7.333614
      36.240702     -10.478203      -3.008412     -36.730232       4.679962       7.333338
      36.242881     -10.471511      -3.008405     -36.732729       4.662875       7.333061
      36.245059     -10.464819      -3.008398     -36.735218       4.645789       7.332782
      36.247236     -10.458126      -3.008390     -36.737699       4.628702       7.332501
      36.249411     -10.451433      -3.008382     -36.740173       4.611615       7.332218
      36.251586     -10.444740      -3.008373     -36.742638       4.594529       7.331933
      36.253759     -10.438046      -3.008364     -36.745096       4.577442       7.331646
      36.255930     -10.431352      -3.008355     -36.747547       4.560356       7.331357
      36.258101     -10.424658      -3.008345     -36.749989       4.543269       7.331066
      36.260270     -10.417964      -3.008335     -36.752424       4.526183       7.330774
      36.262438     -10.411269      -3.008324     -36.754851       4.509097       7.330479
      36.264604     -10.404575      -3.008313     -36.757270       4.492010       7.330183
      36.266770     -10.397880      -3.008301     -36.759682       4.474924       7.329884
      36.268934     -10.391184      -3.008289     -36.762086       4.457838       7.329584
      36.271096     -10.384489      -3.008277     -36.764482       4.440753       7.329282
      36.273258     -10.377793      -3.008264     -36.766870       4.423667       7.328978
      36.275418     -10.371097      -3.008251     -36.769251       4.406581       7.328672
      36.277577     -10.364401      -3.008237     -36.771623       4.389496       7.328364
      36.279734     -10.357704      -3.008223     -36.773988       4.372411       7.328054
      36.281891     -10.351007      -3.008208     -36.776346       4.355325       7.327742
      36.284046     -10.344310      -3.008193     -36.778695       4.338240       7.327428
      36.286199     -10.337613      -3.008178     -36.781037       4.321156       7.327113
      36.288352     -10.330915      -3.008162     -36.783371       4.304071       7.326795
      36.290503     -10.324218      -3.008145     -36.785698       4.286986       7.326476
      36.292653     -10.317520      -3.008129     -36.788017       4.269902       7.326154
      36.294801     -10.310821      -3.008112     -36.790327       4.252818       7.325831
      36.296949     -10.304123      -3.008094     -36.792631       4.235734       7.325506
      36.299095     -10.297424      -3.008076     -36.794926       4.218650       7.325179
      36.301239     -10.290725      -3.008057     -36.797214       4.201567       7.324850
      36.303383     -10.284026      -3.008038     -36.799494       4.184483       7.324519
      36.305525     -10.277326      -3.008019     -36.801766       4.167400       7.324186
      36.307666     -10.270626      -3.007999     -36.804031       4.150317       7.323852
      36.309806     -10.263926      -3.007979     -36.806287       4.133235       7.323515
      36.311944     -10.257226      -3.007958     -36.808537       4.116152       7.323176
      36.314081     -10.250525      -3.007937     -36.810778       4.099070       7.322836
      36.316217     -10.243825      -3.007916     -36.813012       4.081988       7.322494
      36.318351     -10.237124      -3.007894     -36.815237       4.064906       7.322150
      36.320484     -10.230422      -3.007871     -36.817456       4.047825       7.321803
      36.322616     -10.223721      -3.007848     -36.819666       4.030744       7.321455
      36.324747     -10.217019      -3.007825     -36.821869       4.013663       7.321105
      36.326876     -10.210317      -3.007801     -36.824064       3.996582       7.320754
      36.329004     -10.203615      -3.007777     -36.826251       3.979502       7.320400
      36.331131     -10.196912      -3.007753     -36.828431       3.962422       7.320044
      36.333257     -10.190209      -3.007728     -36.830603       3.945342       7.319687
      36.335381     -10.183506      -3.007702     -36.832767       3.928263       7.319327
      36.337504     -10.176803      -3.007676     -36.834923       3.911184       7.318966
      36.339625     -10.170100      -3.007650     -36.837072       3.894105       7.318603
      36.341746     -10.163396      -3.007623     -36.839213       3.877026       7.318237
      36.343865     -10.156692      -3.007596     -36.841346       3.859948       7.317870
      36.345983     -10.149988      -3.007569     -36.843472       3.842870       7.317501
      36.348099     -10.143283      -3.007541     -36.845589       3.825793       7.317131
      36.350215     -10.136579      -3.007512     -36.847700       3.808716       7.316758
      36.352329     -10.129874      -3.007483     -36.849802       3.791639       7.316383
      36.354441     -10.123168      -3.007454     -36.851897       3.774563       7.316007
      36.356553     -10.116463      -3.007424     -36.853984       3.757487       7.315628
      36.358663     -10.109757      -3.007394     -36.856063       3.740411       7.315248
      36.360772     -10.103051      -3.007363     -36.858135       3.723336       7.314866
      36.362879     -10.096345      -3.007332     -36.860199       3.706261       7.314482
      36.364985     -10.089639      -3.007301     -36.862255       3.689186       7.314096
      36.367090     -10.082932      -3.007269     -36.864303       3.672112       7.313708
      36.369194     -10.076225      -3.007236     -36.866344       3.655039       7.313318
      36.371297     -10.069518      -3.007203     -36.868377       3.637965       7.312926
      36.373398     -10.062810      -3.007170     -36.870402       3.620893       7.312533
      36.375498     -10.056103      -3.007137     -36.872420       3.603820       7.312137
      36.377596     -10.049395      -3.007102     -36.874430       3.586748       7.311740
      36.379694     -10.042687      -3.007068     -36.876432       3.569677       7.311341
      36.381790     -10.035978      -3.007033     -36.878427       3.552606       7.310939
      36.383884     -10.029270      -3.006997     -36.880414       3.535535       7.310536
      36.385978     -10.022561      -3.006962     -36.882393       3.518465       7.310131
      36.388070     -10.015852      -3.006925     -36.884365       3.501395       7.309725
      36.390161     -10.009142      -3.006889     -36.886328       3.484326       7.309316
      36.392251     -10.002433      -3.006851     -36.888285       3.467257       7.308905
      36.394339      -9.995723      -3.006814     -36.890233       3.450189       7.308493
      36.396426      -9.989013      -3.006776     -36.892174       3.433121       7.308078
      36.398512      -9.982302      -3.006737     -36.894107       3.416054       7.307662
      36.400596      -9.975592      -3.006698     -36.896032       3.398987       7.307244
      36.402679      -9.968881      -3.006659     -36.897950       3.381921       7.306824
      36.404761      -9.962170      -3.006619     -36.899860       3.364855       7.306402
      36.406842      -9.955458      -3.006579     -36.901762       3.347790       7.305978
      36.408921      -9.948747      -3.006539     -36.903657       3.330725       7.305553
      36.411000      -9.942035      -3.006497     -36.905544       3.313661       7.305125
      36.413076      -9.935323      -3.006456     -36.907423       3.296597       7.304696
      36.415152      -9.928611      -3.006414     -36.909295       3.279534       7.304264
      36.417226      -9.921898      -3.006372     -36.911159       3.262472       7.303831
      36.419299      -9.915185      -3.006329     -36.913015       3.245410       7.303396
      36.421371      -9.908472      -3.006286     -36.914863       3.228348       7.302959
      36.423441      -9.901759      -3.006242     -36.916704       3.211288       7.302520
      36.425510      -9.895046      -3.006198     -36.918538       3.194227       7.302080
      36.427578      -9.888332      -3.006153     -36.920363       3.177168       7.301637
      36.429645      -9.881618      -3.006108     -36.922181       3.160109       7.301193
      36.431710      -9.874904      -3.006063     -36.923991       3.143050       7.300746
      36.433774      -9.868189      -3.006017     -36.925794       3.125992       7.300298
      36.435837      -9.861475      -3.005971     -36.927589       3.108935       7.299848
      36.437898      -9.854760      -3.005924     -36.929376       3.091878       7.299396
      36.439959      -9.848045      -3.005877     -36.931156       3.074822       7.298942
      36.442018      -9.841329      -3.005829     -36.932928       3.057767       7.298486
      36.444075      -9.834614      -3.005781     -36.934692       3.040712       7.298029
      36.446132      -9.827898      -3.005733     -36.936448       3.023658       7.297569
      36.448187      -9.821181      -3.005684     -36.938197       3.006605       7.297108
      36.450240      -9.814465      -3.005634     -36.939939       2.989552       7.296645
      36.452293      -9.807749      -3.005585     -36.941672       2.972500       7.296180
      36.454344      -9.801032      -3.005535     -36.943398       2.955448       7.295713
      36.456394      -9.794315      -3.005484     -36.945116       2.938397       7.295244
      36.458443      -9.787597      -3.005433     -36.946827       2.921347       7.294773
      36.460490      -9.780880      -3.005381     -36.948530       2.904298       7.294301
      36.462536      -9.774162      -3.005329     -36.950226       2.887249       7.293826
      36.464581      -9.767444      -3.005277     -36.951913       2.870201       7.293350
      36.466625      -9.760726      -3.005224     -36.953593       2.853153       7.292872
      36.468667      -9.754007      -3.005171     -36.955266       2.836107       7.292392
      36.470708      -9.747288      -3.005117     -36.956931       2.819061       7.291910
      36.472748      -9.740569      -3.005063     -36.958588       2.802015       7.291426
      36.474786      -9.733850      -3.005008     -36.960237       2.784971       7.290941
      36.476823      -9.727131      -3.004953     -36.961879       2.767927       7.290453
      36.478859      -9.720411      -3.004898     -36.963513       2.750884       7.289964
      36.480894      -9.713691      -3.004842     -36.965140       2.733842       7.289472
      36.482927      -9.706971      -3.004786     -36.966759       2.716800       7.288979
      36.484959      -9.700250      -3.004729     -36.968370       2.699759       7.288484
      36.486990      -9.693530      -3.004672     -36.969974       2.682719       7.287988
      36.489019      -9.686809      -3.004614     -36.971570       2.665680       7.287489
      36.491048      -9.680088      -3.004556     -36.973158       2.648642       7.286988
      36.493075      -9.673366      -3.004498     -36.974739       2.631604       7.286486
      36.495100      -9.666645      -3.004439     -36.976312       2.614567       7.285982
      36.497125      -9.659923      -3.004380     -36.977878       2.597531       7.285476
      36.499148      -9.653201      -3.004320     -36.979436       2.580496       7.284968
      36.501170      -9.646479      -3.004259     -36.980986       2.563461       7.284458
      36.503190      -9.639756      -3.004199     -36.982529       2.546427       7.283946
      36.505209      -9.633033      -3.004138     -36.984064       2.529395       7.283433
      36.507227      -9.626310      -3.004076     -36.985591       2.512362       7.282917
      36.509244      -9.619587      -3.004014     -36.987111       2.495331       7.282400
      36.511260      -9.612864      -3.003952     -36.988623       2.478301       7.281881
      36.513274      -9.606140      -3.003889     -36.990128       2.461271       7.281360
      36.515287      -9.599416      -3.003826     -36.991625       2.444243       7.280837
      36.517298      -9.592692      -3.003762     -36.993114       2.427215       7.280313
      36.519309      -9.585967      -3.003698     -36.994596       2.410188       7.279786
      36.521318      -9.579243      -3.003633     -36.996070       2.393162       7.279258
      36.523325      -9.572518      -3.003568     -36.997537       2.376136       7.278727
      36.525332      -9.565793      -3.003503     -36.998996       2.359112       7.278195
      36.527337      -9.559067      -3.003437     -37.000447       2.342089       7.277661
      36.529341      -9.552342      -3.003370     -37.001891       2.325066       7.277126
      36.531344      -9.545616      -3.003304     -37.003327       2.308044       7.276588
      36.533345      -9.538890      -3.003236     -37.004755       2.291024       7.276049
      36.535345      -9.532164      -3.003169     -37.006176       2.274004       7.275507
      36.537344      -9.525437      -3.003101     -37.007590       2.256985       7.274964
      36.539342      -9.518710      -3.003032     -37.008995       2.239967       7.274419
      36.541338      -9.511983      -3.002963     -37.010394       2.222950       7.273872
      36.543333      -9.505256      -3.002894     -37.011784       2.205934       7.273324
      36.545327      -9.498529      -3.002824     -37.013167       2.188918       7.272773
      36.547319      -9.491801      -3.002754     -37.014543       2.171904       7.272221
      36.549310      -9.485073      -3.002683     -37.015910       2.154891       7.271666
      36.551300      -9.478345      -3.002612     -37.017271       2.137878       7.271110
      36.553289      -9.471616      -3.002540     -37.018623       2.120867       7.270552
      36.555276      -9.464888      -3.002468     -37.019968       2.103856       7.269993
      36.557262      -9.458159      -3.002396     -37.021306       2.086847       7.269431
      36.559247      -9.451430      -3.002323     -37.022636       2.069839       7.268868
      36.561231      -9.444701      -3.002250     -37.023958       2.052831       7.268302
      36.563213      -9.437971      -3.002176     -37.025273       2.035825       7.267735
      36.565194      -9.431241      -3.002102     -37.026580       2.018819       7.267166
      36.567173      -9.424511      -3.002027     -37.027880       2.001815       7.266595
      36.569152      -9.417781      -3.001952     -37.029172       1.984811       7.266023
      36.571129      -9.411051      -3.001876     -37.030456       1.967809       7.265448
      36.573105      -9.404320      -3.001800     -37.031733       1.950807       7.264872
      36.575079      -9.397589      -3.001724     -37.033002       1.933807       7.264294
      36.577053      -9.390858      -3.001647     -37.034264       1.916807       7.263714
      36.579025      -9.384126      -3.001570     -37.035518       1.899809       7.263132
      36.580995      -9.377395      -3.001492     -37.036765       1.882812       7.262549
      36.582965      -9.370663      -3.001414     -37.038004       1.865816       7.261963
      36.584933      -9.363931      -3.001336     -37.039236       1.848820       7.261376
      36.586900      -9.357199      -3.001256     -37.040460       1.831826       7.260787
      36.588866      -9.350466      -3.001177     -37.041676       1.814833       7.260196
      36.590830      -9.343733      -3.001097     -37.042885       1.797841       7.259603
      36.592793      -9.337000      -3.001017     -37.044086       1.780850       7.259008
      36.594755      -9.330267      -3.000936     -37.045280       1.763861       7.258412
      36.596716      -9.323534      -3.000855     -37.046466       1.746872       7.257814
      36.598675      -9.316800      -3.000773     -37.047645       1.729884       7.257213
      36.600633      -9.310066      -3.000691     -37.048816       1.712898       7.256612
      36.602590      -9.303332      -3.000609     -37.049980       1.695913       7.256008
      36.604545      -9.296597      -3.000526     -37.051136       1.678928       7.255402
